Företagsnamn,Organisationsnummer,Telefonnummer,Adress
QPG AB,556243-0933,Telefon 031-303 44 00,"Geijersg. 1B, 411 34 Göteborg"
TOL Arkitekter AB,556710-7759,Telefon 08-642 20 25,"Virkesvägen 24, 120 30 Stockholm"
Tillberg Design AB,556687-7816,Telefon 076-722 30 86,"Småbåtshamnen 24, 26339 HÖGANÄS"
Nyréns Arkitektkontor Aktiebolag,556221-6613,Telefon 08-698 43 00,"Magnus Ladulåsgatan 63, 118 27 Stockholm"
Falugruppen arkitektkontor AB,556954-7622,Telefon 023-79 40 50,"Åsgatan 12, 791 71 Falun"
Magnus Ståhl Arkitektbyrå AB,556438-0474,Telefon 08-677 00 99,"Parkvägen 7, 18160 Lidingö"
Equator Stockholm AB,556064-0616,Telefon 08-506 025 00,"Sveavägen 24-26 7 tr., 111 83 Stockholm"
Total Arkitektur,556485-7315,Telefon 08-441 36 00,
AIX Arkitekter AB,556319-2086,Telefon 08-690 29 00,"Hudiksvallsgatan 8, 113 30 Stockholm"
ATRIO arkitekter Västervik AB,556084-0885,Telefon 0490-168 50,
Be Konstruktörer & Arkitekter AB,559335-6362,Telefon 010-405 10 00,"Drottninggatan 97, 113 60 Stockholm"
Abako Arkitektkontor Aktiebolag,556093-1452,Telefon 031-85 67 00,"Kastellgatan 1, 41307 Göteborg"
Åkerströms Arkitektkontor,500509-XXXX,Telefon 0650-189 55,"Nybyggaregatan 2, 82451 Hudiksvall"
General Architecture Sweden AB,556710-9284,Telefon 08-658 16 80,
Mats Fredriksson arkitektkontor AB,556594-1779,Telefon 011-10 00 66,"Skolgatan 1A, 60225 NORRKÖPING"
Kanozi Arkitekter AB,556474-0024,Telefon 070-514 48 14,"Järntorget 3, 413 04 Göteborg"
Rolf Eppens Arkitektur AB,556364-6040,Telefon 08-651 00 80,"Industrig. 4, 112 46 Stockholm"
Pumilus AB,556872-6458,Telefon 076-878 99 12,"Priorsg. 21, 216 17 LIMHAMN"
Arkitektgruppen i Gävle AB,556046-8976,Telefon 026-54 18 40,"VÅGSKRIVARGATAN 5 1 TR, 80320 Gävle"
Diabas Arkitekter AB,556677-0250,Telefon 011-13 30 50,"REPSLAGAREGATAN 19, 602 25 NORRKÖPING"
Erik Hammarstrand Design AB,556399-0851,Telefon 070-820 78 10,"Spelmansplatsen 5, 41652 GÖTEBORG"
3D House AB,556712-1396,Telefon 08-716 87 50,"Vikdalsgränd 10A, 131 52 Nacka Strand"
Torget Arkitekter AB,556724-5898,Telefon 070-824 28 56,"Norr Mälarstrand 78, 112 35 Stockholm"
AB VIROK,559337-7137,Telefon 073-038 83 65,"Storgatan 50, 598 37 Vimmerby"
Jais Landén Krantz Arkitekter AB,556363-0036,,"Winstrupsgatan 1, 22222 Lund"
Reierstam Arkitektur & Projektutveckling AB,556903-5081,Telefon 070-329 71 54,"Lindholmsvägen 22, 18645 VALLENTUNA"
U.D. Urban Design AB,556603-8948,Telefon 070-827 77 04,
Acanthus Arkitektur och Kulturvård AB,556813-0560,Telefon 031-760 90 98,"Pusterviksg. 15, 413 01 Göteborg"
BLS Arkitekter och Konstruktörer AB,559330-8546,Telefon 010-146 84 99,"Terminalvägen 14C C/O Bygglovservice, 86136 Timrå"
M5 Ewehag och Nilsson Arkitektur AB,556727-9913,Telefon 013-25 25 30,"Hamngatan 8, 582 26 LINKÖPING"
Metod Arkitekter i Uppsala AB,556610-7362,Telefon 070-216 78 90,
Åbergs Arkitektkontor,559430-5046,Telefon 031-26 71 40,"Göteborgsvägen 73A, 433 63 Sävedalen"
Agrell Arkitektur AB,559516-1638,Telefon 070-200 03 16,"Stora Torget 3C, 598 37 Vimmerby"
gestalt arkitektur AB,556594-5275,Telefon 031-338 99 66,"Drottningg. 11, 411 14 GÖTEBORG"
Per Persson Arkitekt AB,556904-0073,Telefon 070-512 68 69,"Salnö Havsbaden Kasenvägen 45, 764 92 Väddö"
Argo Arkitekter AB,556223-9094,Telefon 08-20 85 40,"Repslagarg. 11, 118 46 STOCKHOLM"
LOHK Arkitektkontor AB,556130-3149,Telefon 031-40 93 40,"Hängpilsgatan 5, 42677 Västra Frölunda"
Arkitekt Hans Kihlén AB,556616-9040,Telefon 070-400 71 00,"Esperantoplatsen 7, 411 19 GÖTEBORG"
"FAAB, Arkitekter och byggnadskonsult",556220-1946,,
SWECO Sverige AB,556767-9849,Telefon 08-695 60 00,"Gjörwellsgatan 22, 112 60 Stockholm"
AFRY Infrastructure AB,556185-2103,Telefon 010-505 00 00,"Frösundaleden 2 a, 169 75 Solna"
Norconsult Sverige AB,556405-3964,Telefon 010-141 80 00,"Theres Svenssons Gata 11, 417 55 Göteborg"
PE Teknik & Arkitektur AB,556896-8308,Telefon 08-690 28 00,"Hantverkargatan 25 a, 112 21 Stockholm"
White arkitekter Aktiebolag,556140-1018,Telefon 031-60 86 00,"Magasinsgatan 10, 411 18 Göteborg"
Inter IKEA Systems Service AB,556276-3549,Telefon 072-584 94 80,"Hyllie Boulevard 33 b, 215 32 Malmö"
Tengbomgruppen Aktiebolag,556329-9113,Telefon 010-303 06 00,"Hälsingegatan 49, 113 31 Stockholm"
IKEA Älmhult AB,559070-5058,Telefon 0476-810 00,"Ikeagatan 8, 343 36 Älmhult"
Liljewall Arkitekter Aktiebolag,556145-0379,Telefon 010-205 10 80,"Odinsplatsen 1, 411 02 Göteborg"
LINK Arkitektur AB,556283-8564,Telefon 010-479 99 00,"Virkesvägen 2, 120 31 Stockholm"
FOJAB arkitekter AB,556689-6980,Telefon 040-27 98 00,"Friisgatan 28, 211 53 Malmö"
ranwei AB,559306-4206,,"Engelbrektsgatan 21, 114 32 Stockholm"
Fredbergs Inredningar AB,556421-4897,Telefon 0584-44 01 44,"Storegårdsvägen 64, 542 35 Mariestad"
Arkitekterna Krook & Tjäder i Göteborg AB,556340-8078,Telefon 031-704 17 30,"Prinsgatan 12, 413 05 Göteborg"
RKD Design AB,559171-7359,,"Fiskebäcks Hamn 34, 426 58 Västra Frölunda"
S Studios Sweden Aktiebolag,556807-0410,Telefon 070-991 66 11,"Gamla Almedalsvägen 27, 412 63 Göteborg"
Wingårdh Arkitektkontor Aktiebolag,556339-7503,Telefon 070-810 13 70,"Kungsgatan 10 a, 411 19 Göteborg"
Arkitema AB,556162-6150,Telefon 08-545 856 00,"Solna Strandväg 74, 171 54 Solna"
Svenska Inredningsfabrikanters Försäljnings Aktiebolag,556319-0239,Telefon 031-17 08 30,"Viktoriagatan 24, 411 25 Göteborg"
MCES AB,556971-3927,,"Skolgatan 43 a, 753 32 Uppsala"
Wingårdh och Medarbetare Aktiebolag,556489-8491,Telefon 070-810 13 70,"Kungsgatan 10 a, 411 19 Göteborg"
Semrén & Månsson Arkitekter AB,556748-3044,Telefon 031-743 02 00,"Polhemsplatsen 5, 411 11 Göteborg"
bsv arkitekter & ingenjörer AB,556682-6573,Telefon 010-130 03 00,"Järnvägsgatan 3, 331 37 Värnamo"
Projektbyggaren Teknik Syd AB,556281-1280,Telefon 073-553 99 97,"Stortorget 10 3tr, 371 13 Karlskrona"
Lexium Service Management AB,556631-8449,Telefon 010-210 45 00,"Råsundavägen 20 b, 169 67 Solna"
ÅWL Arkitekter Aktiebolag,556517-6012,Telefon 08-555 786 00,"Nytorgsgatan 30, 116 40 Stockholm"
Yellon AB,556359-0917,,"Framgången 1, 553 18 Jönköping"
Kreera Samhällsbyggnad Sverige AB,556729-4011,Telefon 040-17 65 50,"Södra Förstadsgatan 4 6tr, 211 43 Malmö"
"Byrån för Arkitektur och Urbanism, BAU, AB",556416-8093,,"Gävlegatan 12 a 5tr, 113 30 Stockholm"
C.F. Møller Sverige AB,556549-4712,Telefon 08-555 760 00,"Renstiernas Gata 12 c, 116 28 Stockholm"
A4 Entreprenad Stockholm AB,556864-0337,Telefon 08-121 497 00,"Heliosgatan 45, 120 63 Stockholm"
Carlstedt Arkitekter Aktiebolag,556070-0089,Telefon 08-696 95 30,"Söder Mälarstrand 29/57, 118 25 Stockholm"
A & P Arkitektkontor AB,556570-9846,,"Skeppsbron 44, 111 30 Stockholm"
Cedervall Arkitekter AB,556184-5073,Telefon 08-616 83 20,"Maria Bangata 6, 118 63 Stockholm"
Strategisk Arkitektur Fries & Ekeroth Aktiebolag,556490-6575,Telefon 08-586 176 00,"Drottninggatan 25, 111 51 Stockholm"
Manor H Service AB,556836-4219,,"Södra Hamnvägen 32, 115 41 Stockholm"
Arkitekterna Krook & Tjäder i Kristianstad AB,556335-5766,Telefon 044-20 46 00,"Döbelnsgatan 9, 291 31 Kristianstad"
Set Up AB,556800-4328,Telefon 073-508 09 99,"Kungsgatan 57, 111 22 Stockholm"
Palma Totalentreprenad AB,556940-2273,Telefon 08-29 29 12,"Frejgatan 20, 113 49 Stockholm"
JRETAIL Bygg & Inredning AB,556815-2937,Telefon 073-331 70 70,"Energigatan 12, 434 37 Kungsbacka"
Studio Stockholm Arkitektur AB,556929-8705,Telefon 08-501 266 10,"Repslagargatan 17 b, 118 46 Stockholm"
DINELLJOHANSSON AB,556832-4064,Telefon 070-729 35 09,"Olofsgatan 12, 111 36 Stockholm"
Arqly Sverige AB,556599-2251,Telefon 010-516 26 00,"Västgötegatan 7, 602 21 Norrköping"
Coordia Consult Aktiebolag,556123-7420,Telefon 08-626 64 00,"Sollentunavägen 63, 191 40 Sollentuna"
Cheil Nordic AB,556932-8403,Telefon 08-632 06 67,"Torshamnsgatan 44 2tr, 164 40 Kista"
Okidoki AB,556689-3664,Telefon 073-707 69 22,"Kastellgatan 1, 411 22 Göteborg"
Archus Arkitektur AB,556733-6374,Telefon 021-15 60 00,"Kopparbergsvägen 8, 722 13 Västerås"
Inventia Inredningsbyrån AB,556400-1542,Telefon 08-642 00 40,"Hammarby Kaj 44, 120 63 Stockholm"
Fredblad Arkitekter Aktiebolag,556500-5492,Telefon 035-17 49 00,"Bastionsgatan 1, 302 43 Halmstad"
Arkitekterna Krook & Tjäder i Malmö AB,556666-6334,,"Kanalgatan 5, 211 40 Malmö"
DAP Stockholm AB,556722-5007,Telefon 08-611 56 01,"c/o 7WISE ADVOKATBYRÅ KB, Kungsgatan 56, 111 22 Stockholm"
Kaminsky Arkitektur AB,556723-9545,Telefon 031-761 20 01,"Viktor Rydbergsgatan 14, 411 32 Göteborg"
Brunnberg & Forshed Arkitektkontor Aktiebolag,556272-3113,Telefon 08-617 61 00,"Linnégatan 89 b Vån 5, 115 23 Stockholm"
Unik Fastighetsförmedling Stockholm AB,559117-2365,,"c/o Torsplan 8, Torsplan 8, 113 65 Stockholm"
Zynka BIM AB,556960-2864,Telefon 076-893 39 42,"Sankt Eriksgatan 5, 411 05 Göteborg"
Rundquist arkitekter AB,556565-5742,Telefon 08-545 132 80,"Textilgatan 43 d, 120 30 Stockholm"
Reflex Arkitekter AB,556813-9033,,"Repslagargatan 17 a, 118 46 Stockholm"
Landskapslaget Aktiebolag,556357-5579,Telefon 08-442 48 20,"Ölandsgatan 42, 116 63 Stockholm"
Harjak & Månsson AB,556466-0040,Telefon 08-762 81 21,"Nk 177, 111 77 Stockholm"
AFRY sandellsandberg AB,556464-9308,Telefon 08-506 531 00,"Frösundaleden 2 a, 169 99 Stockholm"
Wester & Elsner Arkitekter AB,556663-5016,,"Blasieholmsgatan 4 a, 111 48 Stockholm"
The Hammer group AB,556646-9424,Telefon 013-10 62 00,"Box 464, 581 05 Linköping"
ETTELVA Arkitekter AB,556298-7445,Telefon 08-785 05 60,"Maria Skolgata 79 a, 118 53 Stockholm"
AG arkitekter AB,556533-9404,Telefon 08-692 06 40,"Warfvinges Väg 30, 112 51 Stockholm"
Radar arkitektur & planering AB,556670-6197,,"Surbrunnsgatan 6, 411 19 Göteborg"
Arkitekterna Krook & Tjäder i Stockholm AB,556704-5629,Telefon 08-402 55 70,"Östgötagatan 50, 116 64 Stockholm"
MER Arkitekter AB,556527-3009,Telefon 08-658 79 00,"Maria Skolgata 79 a, 118 53 Stockholm"
Funkia AB,556726-6480,Telefon 08-669 39 06,"Kabyssgatan 4 d, 120 30 Stockholm"
Structor Örebro AB,556766-2993,Telefon 019-676 26 00,"Gustavsviksvägen 3, 702 44 Örebro"
Krook & Tjäder Holding AB,556716-0394,,"Prinsgatan 12, 413 05 Göteborg"
Studio Ramson AB,559093-5937,,"Riddargatan 23, 114 57 Stockholm"
Codesign Sweden AB,556561-3980,Telefon 08-503 020 30,"Hantverkargatan 12, 112 21 Stockholm"
Farmore Creative Interior Solutions Aktiebolag,559017-2697,,"Krokslätts Fabriker 30, 431 37 Mölndal"
Feel Design AB,556817-1309,,"Karstorpsvägen 2, 289 92 Broby"
Lindberg Stenberg Arkitekter Aktiebolag,556250-6609,Telefon 08-406 87 00,"Pustegränd 3, 118 20 Stockholm"
Ett Vackert Hem 2.0 AB,559276-4814,,"Järnvägsgatan 32, 131 54 Nacka"
Interior Design Collection Luleå AB,556560-9681,Telefon 0920-22 01 01,"Kungsgatan 8 b, 972 34 Luleå"
Rumrum Aktiebolag,556544-2174,Telefon 040-30 31 00,"Gustav Adolfs Torg 10 a, 211 39 Malmö"
Husdesign Gruppen Sverige AB,559123-7994,,"Olbergavägen 15, 734 92 Hallstahammar"
Murman Arkitekter AB,556292-6724,Telefon 08-462 14 50,"Tjärhovsgatan 4, 116 21 Stockholm"
Stockholms Interiörgolv AB,556387-1747,Telefon 08-568 798 83,"Åmmebergsgatan 36, 124 70 Bandhagen"
EB Studio AB,556849-2325,Telefon 076-791 09 56,"c/o Johan Ernstsson / Johan Borg, Adelgatan 2, 211 22 Malmö"
Klara Arkitektbyrå i Karlstad Aktiebolag,556486-4329,,"Södra Kyrkogatan 6 4tr, 652 24 Karlstad"
E&N Tapetserare & Inredning AB,556647-0950,Telefon 08-29 73 03,"Järnvägsgatan 58, 172 35 Sundbyberg"
Andreas Martin-Löf Arkitekter AB,556755-7714,Telefon 08-644 77 02,"Kungsholmstorg 1, 112 21 Stockholm"
Arya Invest AB,556763-0107,,"Biblioteksgatan 11, 111 46 Stockholm"
Tapetlagret Öbergs Färghus i Västerås Aktiebolag,556066-8591,,"Retortgatan 3, 721 30 Västerås"
Mälarträd AB,556558-6186,Telefon 08-556 191 70,"Producentvägen 20, 120 44 Årsta"
A&J Landskap AB,556451-9881,Telefon 08-644 90 50,"Södermannagatan 5, 116 23 Stockholm"
KARAVAN landskapsarkitekter AB,556797-5809,,"Fyristorg 6 2tr, 753 10 Uppsala"
The First Impression Company AB,556999-6597,Telefon 08-410 210 41,"Brunnsgatan 21, 111 38 Stockholm"
Eighty-Eight Consulting Company AB,559179-6023,,"Styrsåsvägen 20, 437 93 Lindome"
Bucca Studio AB,559237-9159,,"Skeppargatan 29, 114 52 Stockholm"
Heimstaden Strängnäs AB,556299-0936,,"Regementsgatan 54, 217 48 Malmö"
Lets Paint Måleri och Design Norrköping AB,559130-4273,,"Fjärilsgatan 29 B, 603 61 Norrköping"
Esparlous Design AB,556980-0666,,"Vildgåsvägen 7 c Lgh 1101, 227 35 Lund"
Greenified AB,556619-5573,Telefon 08-517 112 00,"Olof Asklunds Gata 10, 421 30 Västra Frölunda"
HMXW Arkitekter AB,556652-0192,,"Södermannagatan 15, 116 40 Stockholm"
HELUX Storkök och Inredningar AB,556885-5422,Telefon 036-12 21 22,"Gnejsvägen 2, 553 03 Jönköping"
Varg arkitekter AB,556918-0036,Telefon 08-408 088 00,"Renstiernas Gata 12 c, 116 28 Stockholm"
Land Arkitektur AB,556758-1078,Telefon 08-410 608 70,"Repslagargatan 15 a, 118 46 Stockholm"
The Norrmans AB,559325-7602,,"Byggetsrundan 299, 266 95 Munka-Ljungby"
Spoil Concept AB,556681-8729,Telefon 08-410 470 06,"Sturegatan 34, 114 36 Stockholm"
Olsson Lyckefors Arkitektur AB,556860-7880,Telefon 031-20 30 62,"Hälsingegatan 12, 414 63 Göteborg"
May studio AB,559074-1517,,"Magnus Ladulåsgatan 48, 118 27 Stockholm"
PMB Living AB,559358-5564,,"Östersjövägen 47, 374 31 Karlshamn"
Melimeli AB,559021-7278,,"Slussplan 5, 111 30 Stockholm"
Gatun Arkitekter AB,556512-0515,Telefon 08-506 016 50,"Åsögatan 119, 116 24 Stockholm"
Stallbyggen i Sölvesborg Aktiebolag,556430-5919,Telefon 0456-104 01,"Löparevägen 2, 294 39 Sölvesborg"
BIMensions AB,559110-3519,,"Monsungatan 42, 417 66 Göteborg"
Perfect Match Interior AB,556719-3593,Telefon 0662-302 70,"Lomvägen 2, 897 91 Långviksmon"
Fru Bohlin AB,556932-7942,Telefon 08-128 100 00,"Roslagsgatan 9 Bv, 113 55 Stockholm"
Ross & Hart Byggnads AB,559014-4092,,"Lützengatan 9, 115 20 Stockholm"
Contekton Arkitekter Fyrstad AB,556556-5024,Telefon 0521-26 26 80,"Kungsgatan 3, 462 33 Vänersborg"
Urban Minds AB,556906-8595,Telefon 08-522 547 70,"Östgötagatan 16 4tr, 116 25 Stockholm"
Allard Hvengaard Konsult AB,559067-1193,,"Fågelbacksgatan 27 a, 217 44 Malmö"
Winell & Jern arkitekter AB,556826-5432,Telefon 013-24 40 40,"Brandmannagatan 1, 582 52 Linköping"
MODESTY Concept AB,556905-1880,,"Drottninggatan 13 0tr, 411 14 Göteborg"
O Lind AB,556953-1204,,"Kållerödsvägen 2, 442 60 Kode"
Kjellander & Sjöberg Arkitektkontor Aktiebolag,556522-8573,Telefon 08-615 32 80,"Rosenlundsgatan 40, 118 53 Stockholm"
Stylt-Trampoli Aktiebolag,556421-2727,Telefon 031-708 68 00,"Masthamnsgatan 5, 413 29 Göteborg"
Enter Arkitektur AB,556478-0970,Telefon 010-484 83 00,"Lantmätargränd 59 6tr, 553 20 Jönköping"
Tham & Videgård Arkitekter AB,556577-1820,Telefon 08-702 00 46,"Blekingegatan 42, 116 62 Stockholm"
Mäss support i Sverige AB,556743-4930,Telefon 070-349 30 75,"Skänningevägen 1, 591 79 Fornåsa"
Concept Lighting Nordic AB,556983-1216,Telefon 073-241 14 55,"Krokslätts Fabriker 32, 431 37 Mölndal"
MoodHouse AB,556690-6169,Telefon 031-762 45 90,"Hulda Lindgrens Gata 8 Bv, 421 31 Västra Frölunda"
Krook & Tjäder Solutions AB,556734-6787,,"Prinsgatan 12, 413 05 Göteborg"
Atrio Arkitekter Kalmar Aktiebolag,556527-4197,Telefon 0480-423 30,"Södra Vallgatan 19 a, 392 31 Kalmar"
Ellsinger Projektledning AB,556748-5106,,"Cedergatan 11, 426 74 Västra Frölunda"
Gajd Arkitekter AB,556644-8972,,"Polhemsplatsen 5, 411 11 Göteborg"
Drottninghusgränd Evenemang & Inredning AB,556531-1353,,"Drottninghusgränd 3, 111 39 Stockholm"
Sanna Form AB,556847-2251,Telefon 036-18 40 06,"Hedentorpsvägen 7, 554 75 Jönköping"
Pantektor AB,556558-0312,Telefon 040-601 40 00,"Olsgårdsgatan 14 1tr, 215 79 Malmö"
Arkitektgruppen i Malmö AB,556549-8697,,"Gråbrödersgatan 2, 211 21 Malmö"
Hållén Arkitekter i Örebro AB,556270-0079,Telefon 019-670 80 60,"Stortorget 8, 702 11 Örebro"
thorbjörnsson+edgren arkitektkontor AB,556575-5450,,"Drottninggatan 11 b, 411 14 Göteborg"
Inprove Construction AB,559147-2039,,"Hantverkargatan 50 0tr, 112 31 Stockholm"
Spectrum arkitekter AB,556943-7154,Telefon 073-633 64 63,"Bondegatan 41, 116 33 Stockholm"
Arkitekterna Krook & Tjäder i Borås AB,556182-1082,,"Södra Kyrkogatan 35, 503 34 Borås"
sense by us AB,559473-7354,,"Momarken 20, 556 50 Jönköping"
Entreprenadsystem i Stockholm Aktiebolag,556248-8444,Telefon 08-642 83 10,"Södra Catalinagränd 5 b, 183 68 Täby"
TMRW Partners AB,556782-9568,,"Mårten Krakowgatan 2, 411 04 Göteborg"
Arkitekterna Krook & Tjäder i Halmstad AB,556858-2141,,"Köpmansgatan 20, 302 42 Halmstad"
Detail Group Sweden AB,559028-4880,,"Hallandsgatan 24, 118 57 Stockholm"
Arkitektbyrån Design Göteborg AB,556796-5362,,"Östra Hamngatan 46, 412 50 Göteborg"
Mareld AB,556699-8612,Telefon 031-10 77 90,"Esperantoplatsen 7-9 1tr, 411 19 Göteborg"
Fadeform AB,556824-9980,Telefon 08-512 545 40,"Paternostervägen 12, 121 49 Johanneshov"
Nord Skate & Entreprenad AB,556763-9611,,"Kvarnholmsvägen 77, 131 31 Nacka"
BBH Arkitektur & Teknik Aktiebolag,556291-4548,Telefon 08-727 95 00,"Krukmakargatan 21, 118 51 Stockholm"
BSK Arkitekter Aktiebolag,556278-6946,,"Björns Trädgårdsgränd 1 a, 116 21 Stockholm"
Archus AB,556353-6746,Telefon 021-15 60 00,"Kopparbergsvägen 8 Plan d, 722 13 Västerås"
SP Utemiljö AB,556847-3879,,"Björklundsgatan 1, 584 22 Linköping"
Refine Design Studio AB,559158-1029,,"Vanadisvägen 28, 113 46 Stockholm"
Elinder&Sten Arkitekter AB,556886-5256,Telefon 08-662 80 00,"Sveavägen 24-26, 111 57 Stockholm"
Spacescape AB,556613-7385,,"Skeppsbron 44, 111 30 Stockholm"
Joy Of Plenty AB,556752-4581,,"Skaraborgsvägen 25, 506 30 Borås"
Sesam Arkitekter Aktiebolag,556551-3362,Telefon 044-18 48 80,"Östra Boulevarden 40, 291 31 Kristianstad"
Rådhuset Arkitekter Aktiebolag,556547-0571,Telefon 0522-65 66 67,"Kungsgatan 27, 451 30 Uddevalla"
Stark Arkitekter AB,559432-7826,Telefon 08-503 593 06,"Storgatan 52 b, 972 31 Luleå"
Johan Skoog Arkitekter Aktiebolag,556425-8290,,"Södra Skeppsbron 35, 802 86 Gävle"
Tilda & Co AB,556755-5361,,"Gullmarsvägen 48 b, 120 39 Årsta"
Trädkontoret AB,556862-7847,Telefon 073-075 97 38,"Stortorget 27, 211 34 Malmö"
Gottfridsson o Persson Construction AB,556571-1198,Telefon 070-582 09 34,"Fatvägen 10 f, 906 20 Umeå"
Nivå landskapsarkitektur AB,556584-5145,Telefon 08-702 12 77,"Renstiernas Gata 12 Bv, 116 28 Stockholm"
Nordisk Kombination Arkitekter AB,556723-6822,Telefon 08-462 30 60,"Malmskillnadsgatan 41 Bv, 111 38 Stockholm"
Arkitekterna Krook & Tjäder i Uppsala AB,559046-6495,,"Kungsängsgatan 5 a, 753 22 Uppsala"
Whitegoods i Norden AB,559001-7611,Telefon 08-726 81 14,"Svandammsvägen 42, 126 34 Hägersten"
Montecinos Franjola Design AB,556988-8729,,"Österlånggatan 16 b, 503 31 Borås"
D OFFICE arkitekter AB,556686-2503,,"Heurlins Plats 1, 413 30 Göteborg"
3dO arkitekter AB,556393-4123,Telefon 08-662 01 35,"Kammakargatan 27 0tr, 111 60 Stockholm"
Note Design Studio AB,556740-0303,Telefon 08-656 88 04,"Nytorgsgatan 23 Bv, 116 40 Stockholm"
Witte Sundell Arkitekter AB,556266-6387,Telefon 08-545 553 00,"Hornsgatan 166, 117 28 Stockholm"
Kontrollbolaget Norr AB,559150-2397,Telefon 073-050 70 49,"Fältskärsleden 1 Bv, 802 80 Gävle"
Nordisk Möbelkonst AB,556850-0325,,"Östra Storgatan 37, 553 21 Jönköping"
Bee Urban Green Spaces AB,559466-6223,,"Karlavägen 100, 115 26 Stockholm"
2BK Arkitekter AB,556574-5436,,"Swedenborgsgatan 2, 118 48 Stockholm"
Storey interior design group AB,556826-8451,Telefon 070-492 36 64,"Skeppargatan 17, 114 52 Stockholm"
kod arkitekter AB,556635-5839,Telefon 08-30 08 70,"Stora Nygatan 44, 111 27 Stockholm"
Myquest AB,556778-1397,Telefon 070-228 80 07,"Västbovägen 8, 182 35 Danderyd"
Forma Träindustri AB,559145-7105,Telefon 070-983 73 79,"Kolmilevägen 4, 572 36 Oskarshamn"
EMPRAL AB,559166-6846,,"Vargmötesvägen 2 b, 186 30 Vallentuna"
Studio LAAW AB,559135-6034,,"Kaptensvägen 6, 132 46 Saltsjö-Boo"
Snidare Arkitekter AB,556588-7709,Telefon 08-644 10 60,"Nytorgsgatan 17 a, 116 22 Stockholm"
G Inredningar AB,556724-3471,Telefon 08-661 60 08,"Stockholmsvägen 60 a, 181 42 Lidingö"
Lindstam.Broman.Elgström.arkitekt AB,556368-2565,,"Södra Järnvägsgatan 5, 352 34 Växjö"
Ahlqvist & Almqvist Arkitekter AB,556259-1353,,"Tegelviksgatan 54, 116 41 Stockholm"
ASH Group AB,559266-1432,,"Lilla Nygatan 2 b, 411 09 Göteborg"
CRIO AB,556788-3755,,"Nastagatan 17, 702 27 Örebro"
Ateljé Nord AB,559116-0865,Telefon 076-633 32 80,"Kommendörsgatan 26, 114 48 Stockholm"
Stamuli AB,559057-7135,,"Grindsgatan 52, 118 57 Stockholm"
Soniqa Akustik AB,559386-5826,,"Stora Nygatan 40, 211 37 Malmö"
Stackelberg & Co AB,556955-6276,,"Styrmansgatan 5, 114 54 Stockholm"
Anders Holmberg Arkitekter Aktiebolag,556608-7085,,"Slakterigatan 10 Port 20, 721 32 Västerås"
Kungens Kök & Design AB,559424-2157,,"Geometrivägen 1 b, 141 75 Kungens Kurva"
Arkitektur & Byggledning 05 AB,556682-6441,,"Beritta Gurrisgatan 13, 217 74 Malmö"
Gardinova AB,559396-3449,,"Parkvägen 2, 169 35 Solna"
Ideas AB,556366-8929,Telefon 040-30 74 80,"Lokgatan 9 d, 211 20 Malmö"
Gottlieb Design AB,556711-1611,Telefon 070-342 88 85,"Narvavägen 5, 114 60 Stockholm"
GAIA Studio AB,556706-1352,,"Valhallavägen 120, 114 41 Stockholm"
Mondo arkitekter Värmland AB,556456-6296,Telefon 054-22 22 80,"Tynäsgatan 6, 652 16 Karlstad"
Rstudio for architecture AB,556806-9214,Telefon 0300-282 87,"Andra Långgatan 46, 413 18 Göteborg"
A-sidan arkitektkontor AB,556501-1854,Telefon 018-64 05 90,"Olof Palmes Plats 8, 753 21 Uppsala"
Skönebrant Fastighetsförmedling AB,556912-2129,,"Köpmangatan 3, 722 15 Västerås"
Joäng Mark & Trädgård AB,556852-5975,,"Godsvägen 8, 231 62 Trelleborg"
"Stadion Arkitekter Engstrand, Kempe, Mårtensson, Sundström och Varhelyi Aktiebolag",556318-2624,,"Svartmangatan 9, 111 29 Stockholm"
Pecarbo Sverige AB,556676-1630,,"Vidargatan 4 Lgh 1401, 113 27 Stockholm"
Grand Construction Stockholm AB,556988-6574,,"Elsa Borgs Gata 20, 129 53 Hägersten"
02 landskap Arkitektkontor Aktiebolag,556337-8727,Telefon 031-711 14 80,"Pusterviksgatan 13, 413 30 Göteborg"
Nude Atelje AB,556855-2581,,"Norr Mälarstrand 12, 112 20 Stockholm"
AB Arkitektlaget Skåne,556635-7132,Telefon 042-19 96 00,"Drottninggatan 92, 252 21 Helsingborg"
INTRO Homestyling & Interior AB,556663-4662,Telefon 031-13 01 90,"Åvägen 17 j, 412 51 Göteborg"
Ariadne Engineering AB,556516-6278,Telefon 021-80 09 06,"Flottiljgatan 61 Hässlö Park, 721 31 Västerås"
Doos Design Studio AB,559085-0003,,"Bergsgatan 6, 112 23 Stockholm"
Sveriges Formbar AB,556915-2985,Telefon 040-607 11 25,"Hästvägen 4 d, 212 35 Malmö"
Common People Architecture AB,559387-7375,,"Brännkyrkagatan 44, 118 22 Stockholm"
agnasARK AB,556648-2542,Telefon 0247-79 20 60,"Torget 4, 793 31 Leksand"
Kaka Arkitekter AB,556977-2972,,"Chalmersgatan 1, 411 35 Göteborg"
Gravity Group AB,556888-5619,,"Tellusborgsvägen 67 a 2tr, 126 29 Hägersten"
by Jansarve AB,559043-9906,,"Södra Kyrkogatan 3, 621 46 Visby"
COVET AB,556881-4908,Telefon 073-520 18 00,"Bergsunds Strand 32, 117 38 Stockholm"
Refurnish the World AB,559052-5373,,"Malmskillnadsgatan 44 a, 111 57 Stockholm"
Larsson Lindstrand Palme Arkitektkontor AB,556751-5357,Telefon 08-644 76 95,"Fiskargatan 8, 116 20 Stockholm"
Nivoro AB,556376-7622,,"Sandhamnsgatan 63 c, 115 28 Stockholm"
So Fine Design AB,556863-6855,,"Nybrogatan 79 0tr, 114 41 Stockholm"
Sydväst arkitektur & landskap AB,556637-3899,Telefon 040-660 12 40,"Adelgatan 6, 211 22 Malmö"
House of Design Sweden AB,559007-4653,,"Grevgatan 34 Bv, 114 53 Stockholm"
Ristorante Villa Romana AB,556718-8007,Telefon 018-12 50 90,"S:T Persgatan 4, 753 20 Uppsala"
Mondo arkitekter Dalarna AB,556456-6270,Telefon 023-70 53 00,"Engelbrektsgatan 34, 791 60 Falun"
Ritningen Arkitektbyrå i Skövde Aktiebolag,556374-2849,,"Mariestadsvägen 27, 549 52 Skövde"
Elding Oscarson Arkitekter AB,556732-8736,,"Åsögatan 121 a, 116 24 Stockholm"
MARIE-LOUISE SJÖGREN DESIGN AB,559169-4160,,"Engelbrektsgatan 25, 114 32 Stockholm"
AQ3 Arkitektur AB,559225-8395,,"John Engellaus Gata 12, 633 61 Eskilstuna"
TB-GRUPPEN Förvaltning AB,556897-6970,,Alingsås
Snickarglädje Stockholm AB,556866-2026,Telefon 070-979 82 05,"Instrumentvägen 16, 126 53 Hägersten"
GisteråSjöstrand Arkitektur AB,556726-1978,Telefon 063-57 00 90,"Akademigatan 4 f, 831 40 Östersund"
Kökspennan Aktiebolag,556883-7503,,"Ringvägen 48 Bv, 118 67 Stockholm"
MAKAJO Sverige AB,556809-3172,,"Barlastgatan 2, 414 63 Göteborg"
MOMO Bygg Teknik AB,559274-0384,,"Mirabellbacken 5 Lgh 1405, 165 61 Hässelby"
Johan Sundberg arkitektur AB,556989-9668,,"Lilla Fiskaregatan 16 a, 222 22 Lund"
Koncepthem Group ME AB,559072-4372,,"Östergärde Industriväg 45, 417 29 Göteborg"
Topia Landskapsarkitekter AB,556566-0270,Telefon 08-654 33 10,"Sveavägen 56 4tr, 111 34 Stockholm"
Jägnefält Milton AB,556810-7683,Telefon 08-410 557 72,"Munkbrogatan 2 1tr, 111 27 Stockholm"
Martin Jendman Bygg & Inredning AB,556678-8930,,"Låddegårdsvägen 11, 443 72 Gråbo"
10A Arkitektur AB,559343-9093,,"Östra Hamngatan 19, 411 10 Göteborg"
Gergils ESTATE uthyrning AB,556846-1627,,"Karlavägen 18, 114 31 Stockholm"
Inredningskurser Sverige AB,556689-6261,Telefon 070-591 88 91,"GRIMSBYGATAN 24, 211 20 MALMÖ"
EG Architects AB,556773-5807,,"Slottsbacken 8, 111 30 Stockholm"
Stenmännen AB,556802-0860,Telefon 070-947 94 53,"Stormbyvägen 3, 163 55 Spånga"
Stylingbolaget Ett AB,559070-8631,,Stockholm
Tidevarv Byggnadsvård AB,559297-0718,Telefon 08-16 08 00,"Snöbollsgränd 2, 129 45 Hägersten"
New Line Arkitekter Aktiebolag,556417-4414,Telefon 040-30 00 30,"Östergatan 21, 211 25 Malmö"
Nina B Koncept & Design AB,559070-8292,,"Stockholmsvägen 47, 182 78 Stocksund"
Nia Studio AB,556815-3620,,"Hylleblomsvägen 90, 263 64 Viken"
Alfrids Service AB,559066-9825,,"c/o Andrades, Hannebergsgatan 24, 171 68 Solna"
AB Solbrudens Trädgårdar,556756-9818,Telefon 073-368 88 00,"Lyckebyvägen 63, 136 70 Vendelsö"
AndrénFogelström AB,559099-5683,,"Åsögatan 144, 116 24 Stockholm"
Ateljé Arkitekten i Väst AB,556684-8312,,"Polhemsplatsen 5, 411 11 Göteborg"
Landström Arkitekter AB,556431-2501,Telefon 08-679 90 60,"Alsnögatan 12, 116 47 Stockholm"
Joliark AB,556266-5652,,"Åsögatan 148, 116 32 Stockholm"
Jordens Arkitekter i Stockholm AB,556573-0644,,"Södra Hamnvägen 15, 115 41 Stockholm"
Pontus Möller Arkitekter AB,556519-6945,Telefon 0431-44 59 80,"Västra Kyrkogatan 15, 262 32 Ängelholm"
Zenit Arkitekter AB,556434-2185,Telefon 08-23 05 60,"Parmmätargatan 5 Bv, 112 24 Stockholm"
Pörner + Pettersson AB,559146-3145,Telefon 073-360 17 66,"Repslagargatan 15 a 2tr, 118 46 Stockholm"
SWMS arkitektur AB,559043-3610,Telefon 073-245 60 90,Stockholm
Redeko flowers AB,556318-8613,,"Nybrogatan 48, 114 40 Stockholm"
Shape Sthlm AB,556827-5001,,"Strömfallsvägen 9, 135 49 Tyresö"
PANKO PROJECTS AB,559513-1805,,"Hunnebergsgatan 25 b, 582 34 Linköping"
Diabas Arkitekter AB,559469-1213,,"Repslagaregatan 19, 602 25 Norrköping"
H O S Heymowski Olson Strömholm Arkitekter AB,556646-9713,,"Södermannagatan 15, 116 40 Stockholm"
Södergruppen arkitekter AB,556201-1857,Telefon 08-644 90 95,"Blekingegatan 24, 118 56 Stockholm"
Yep Arkitekter AB,559099-4694,Telefon 031-706 37 70,"Götaforsliden 13, 431 34 Mölndal"
Nils Andréasson Arkitektkontor Aktiebolag,556075-1025,Telefon 031-797 98 00,"Vallgatan 25, 411 16 Göteborg"
URBIO AB,556815-8637,Telefon 072-231 63 00,"Götgatan 15, 116 46 Stockholm"
GHAB Arkitekter & Ingenjörer AB,556252-8736,Telefon 0491-76 16 40,"Verkstadsgatan 13, 572 35 Oskarshamn"
Tenant Vision AB,559499-6208,,"Finnboda Parkväg 18 b, 131 72 Nacka"
Andrén Glimmervik Esplund Arkitekter AB,559120-0661,,"Vasagatan 29, 541 31 Skövde"
Edge of Landscape AB,556736-2073,Telefon 040-93 88 80,"Södra Bulltoftavägen 51, 212 22 Malmö"
A-Konsult AB,556070-9395,,"Florettgatan 29 b, 254 67 Helsingborg"
Wi landskap AB,556976-5281,,"Rosendalsvägen 5, 115 21 Stockholm"
ON arkitekter AB,556725-3538,Telefon 08-599 090 70,"Industrigatan 4 b, 112 46 Stockholm"
MANDAWORKS Aktiebolag,556802-3922,,"Åsögatan 121 5tr, 116 24 Stockholm"
Tullhuset Living AB,556211-5682,Telefon 021-13 38 88,"Sjötullsgatan 2, 722 10 Västerås"
Hermansson Hiller Lundberg Arkitekter AB,556334-4927,Telefon 08-410 509 00,"Åsögatan 142, 116 24 Stockholm"
Lokomotivet AB,556814-1005,Telefon 070-512 19 03,"Barnhemsgatan Sjökullen 1, 506 48 Borås"
Per Öberg Architect Design Aktiebolag,556232-0852,Telefon 08-662 95 55,"Strandvägen 21, 114 56 Stockholm"
Reactor Sverige AB,559063-1775,,"Stadsgården 6, 116 45 Stockholm"
DAP Arkitekter AB,559471-0310,,"Norrtullsgatan 12 n, 113 27 Stockholm"
Ramming Interiör AB,556935-0761,Telefon 070-571 92 87,"Bangårdsvägen 14, 428 35 Kållered"
Byggritningar Patrick Gustavsson AB,556188-4270,Telefon 0141-21 65 35,"Vintergatan 23, 591 32 Motala"
Spring Arkitektkontor AB,559204-6972,,"Gamla Almedalsvägen 31 Hus g, 412 63 Göteborg"
CLAY AB,559395-9520,,"Åsögatan 113, 116 24 Stockholm"
O. Nybergs Måleri AB,556979-5163,,"Gaveliusgatan 6, 116 41 Stockholm"
Show Concept by Sarah Howard AB,559194-0076,,"Tjärnövägen 17, 452 96 Strömstad"
Kockum Luttinger Söderström arkitektkontor AB,559295-6758,Telefon 070-108 50 07,"Svartmangatan 18, 111 29 Stockholm"
Jouren 24 Sverige AB,559376-9713,,"Torsgatan 37 Vån 4, 113 62 Stockholm"
Claes Dalén Interiors AB,559121-8101,,"Kommendörsgatan 7, 114 48 Stockholm"
Tier 1 Interim AB,559034-2712,,"Danderydsvägen 69 a Lgh 1301, 182 62 Djursholm"
Paula Malm Aktiebolag,556435-8413,Telefon 08-662 28 22,"Grev Magnigatan 13, 114 55 Stockholm"
Winroth arkitekter AB,559103-3658,,"Signe Hebbes Väg 16, 129 38 Hägersten"
Arkitekthuset Jönköping Aktiebolag,556443-3067,Telefon 036-71 88 20,"Östra Strandgatan 10, 553 24 Jönköping"
Clarus Arkitekter AB,556670-8656,Telefon 019-17 54 70,"Västra Bangatan 13, 703 54 Örebro"
Arkitekt & Fastighetsservice i Stockholm AB,559340-9617,,"Brahevägen 12, 746 96 Skokloster"
Menair AB,556201-5403,Telefon 040-45 33 80,"Terminalg. 1, 235 39 Vellinge"
Gray Story Studio AB,559010-6372,,"Boräsligen 30, 434 39 Kungsbacka"
ABREU Design Studio AB,559105-8531,,"Korphoppsgatan 33, 120 64 Stockholm"
Thulefastigheter Aktiebolag,556461-0979,Telefon 08-555 199 00,"Östermalmsgatan 87 e, 114 59 Stockholm"
Fagerstafastigheter AB,556285-9909,Telefon 0223-160 85,"Stationsvägen 14 a, 737 40 Fagersta"
AHLGREN EDBLOM OLSSON WIKLANDER arkitekter AB,556220-5541,,"Nytorgsgatan 17 a 2 Tr Ög, 116 22 Stockholm"
KEJS Arkitektur AB,559503-1807,,"Ludvigsbergsgatan 18, 118 23 Stockholm"
Perpetua AB,556960-5081,Telefon 073-445 46 26,"Gribbyvägen 25 b, 163 44 Spånga"
Nordmark & Nordmark arkitekter AB,556828-2643,,"Kyrkogatan 2 4tr, 972 32 Luleå"
Arkitekturkompaniet GBG Aktiebolag,556484-2838,,"Packhusplatsen 2, 411 13 Göteborg"
Malmström Edström Arkitekter Ingenjörer Aktiebolag,556380-6958,Telefon 031-13 02 00,"Vasagatan 46 1tr, 411 37 Göteborg"
Brittfurn AB,556671-3201,,"Sturegatan 20, 114 36 Stockholm"
Drömträdgård Bjäre AB,559312-7813,,"Östra Pilkvägen 41, 262 91 Ängelholm"
ES-A Arkitekter AB,559099-4462,,"Ytterbyvägen 28, 185 94 Vaxholm"
Sjöstadens Bygg och Entreprenad AB,559080-8944,,"Duvstigen 15, 139 41 Värmdö"
Studio A3 AB,556852-3905,,"Distansgatan 2, 421 74 Västra Frölunda"
Accent Arkitekter i Värnamo AB,556823-1806,,"Skolgatan 2 d, 331 31 Värnamo"
Cocodrilo AB,556590-4702,,"Strandgårdsvägen 4, 755 91 Uppsala"
Hive Arkitektur & Projektledning AB,559442-7105,,"Terrassvägen 29, 891 30 Örnsköldsvik"
GrafitGrå AB,556927-7238,,"Vistakullevägen 1, 561 46 Huskvarna"
Landskapsgruppen Öresund AB,556587-4608,Telefon 046-39 78 80,"Kyrkogatan 19, 222 22 Lund"
Sonark Arkitektkontor AB,556498-2386,Telefon 013-12 90 10,"Runstensgatan 5, 582 78 Linköping"
Living Design Of Sweden AB,556489-0670,Telefon 08-755 17 65,"Brovägen 1, 182 76 Stocksund"
Fastighetsbyrån Ale AB,559068-5284,,"Vendergatan 4, 442 47 Kungälv"
Jakobsson Pusterla Aktiebolag,556614-4910,,"Bantorget 4, 222 29 Lund"
Widén Design & Inredning AB,556922-2416,,"Penselvägen 17, 196 38 Kungsängen"
Simmer Global AB,559144-6389,,"Viktor Rydbergsgatan 46, 412 57 Göteborg"
Cepok & Co AB,556219-9223,,"Gruvgatan 39 a, 421 30 Västra Frölunda"
Bengtsson Design AB,559081-1161,Telefon 073-310 07 27,"Margreteborgsvägen 23 Bv, 191 37 Sollentuna"
Morafix AB,559348-5633,,"c/o Tomasz Kaluzny, Atterbomsgatan 29, 754 30 Uppsala"
Thomas Eriksson Arkitektur & Design AB,559094-6405,Telefon 073-355 18 00,"Gävlegatan 12 a, 113 30 Stockholm"
Forma Smide och Design i Stockholm AB,556758-4411,Telefon 08-403 722 75,"Jordbrotorpsvägen 3 b, 136 50 Jordbro"
Studio Lawahl AB,559094-0879,,"Fagusvägen 5, 181 33 Lidingö"
Arkitekturkompaniet SI Aktiebolag,556455-8855,,"Packhusplatsen 2, 411 13 Göteborg"
CREAM Arkitekter AB,556649-3853,Telefon 073-766 76 86,"Kungsgatan 31-33, 411 15 Göteborg"
DREEM AB,556955-1897,,"Drottninggatan 5, 411 14 Göteborg"
Arkipol AB,556860-0596,Telefon 08-533 341 00,"Gjutargatan 12, 112 48 Stockholm"
Berg&Dahl arkitektur och projektering AB,559063-7442,,"S:T Gertrudsgatan 3, 211 25 Malmö"
Stiligt Aktiebolag,559020-3054,,"Alfhemsgatan 3, 413 10 Göteborg"
SandC AB,556953-5783,Telefon 070-619 65 08,"Kiabyvägen 251 Lyckedal, 291 68 Fjälkinge"
Edsvikens Gelato AB,559276-0911,,"Edsviksvägen 76, 191 43 Sollentuna"
AL Studio AB,556917-6703,Telefon 076-104 98 66,"Anders Carlssons Gata 12, 417 55 Göteborg"
Vektor Arkitektur AB,559472-2729,,"Storgatan 28, 703 61 Örebro"
Projektinredningar LC AB,556528-9625,,"Mosaikvägen 6, 196 38 Kungsängen"
Humlehill AB,556914-5708,,"Skyttevägen 45, 181 46 Lidingö"
Alvema Bygg&Design AB,556936-7757,,"Gamla Örkelljungavägen 38, 266 33 Munka-Ljungby"
YXFELDT ARKITEKTER AB,556271-1654,Telefon 070-977 04 24,"Styrmansgatan 39, 114 54 Stockholm"
Pahlfer Inredning AB,556922-6896,Telefon 08-684 202 00,"Reimersholmsgatan 34 Bv, 117 40 Stockholm"
Karin Petterssons Arkitektbyrå AB,556647-7351,Telefon 0431-47 84 00,"Västra Kyrkogatan 4, 262 37 Ängelholm"
dsgn tm Interior AB,559145-9846,,"Tessins Väg 14, 217 58 Malmö"
Ahnborg Arkitekter AB,559040-2292,,"Torggatan 6, 852 32 Sundsvall"
Erséus Arkitekter AB,556630-2583,Telefon 08-650 05 80,"Stora Badhusgatan 18-20 11 Tr, 411 21 Göteborg"
Lindbergs Bygg & Inredning AB,559320-9124,,"Tegskiftesvägen 4, 291 73 Önnestad"
"Praktik och Teknik, PRAC-TEC Aktiebolag",556314-5464,Telefon 08-31 24 50,"Enhagsslingan 6, 187 40 Täby"
Northlink Nordic AB,559043-6100,,"Östra Banvägen 62 Lgh 1803, 183 38 Täby"
Björling Arkitektur AB,559074-6417,,"Kyrkogatan 4, 411 15 Göteborg"
Scott Rasmusson Källander AB,556903-3847,,"Vanadisvägen 29 Bv, 113 23 Stockholm"
SC Bygg AB,556819-3550,,"Råsseröd 193, 451 92 Uddevalla"
Archus Husarkitektur Uppsala AB,559380-8651,,"Kopparbergsvägen 8, 722 13 Västerås"
Sparrow & Weston AB,559086-4665,,"Upplandsgatan 25, 113 60 Stockholm"
W-Tech Produktion AB,556727-3205,Telefon 070-474 72 36,"Kvarnkärrsvägen 37, 761 74 Norrtälje"
Moark AB,559055-6915,,"Högalidsgatan 32 b Bv, 117 30 Stockholm"
Evidy AB,559235-5472,,"Gräsandsgatan 33, 133 41 Saltsjöbaden"
Stockholms handelsdepå AB,556817-5086,Telefon 070-364 04 41,"Runtuna Ekeby 1, 611 93 Nyköping"
Foboo AB,559199-5393,,"Bränningevägen 26 a, 120 58 Årsta"
Rex Arkitektbyrå AB,556338-2810,,"Sturegatan 16, 114 36 Stockholm"
Heads and Tails AB,559066-7324,Telefon 070-783 00 41,"Frykmans Väg 10, 653 46 Karlstad"
DG Konsult AB,559204-8226,,"Förtroligheten 57, 412 70 Göteborg"
Stylinghuset Sverige AB,559374-1183,,"Glimmervägen 10-12, 191 62 Sollentuna"
Vizcon AB,559136-8112,,"Birger Svenssons Väg 38, 432 40 Varberg"
Detail i Göteborg AB,556825-2042,Telefon 073-340 01 90,"Hildedalsgatan 12 Bv, 417 05 Göteborg"
Horisont Arkitekter på Limhamn AB,559476-8698,Telefon 073-311 66 15,Malmö
Hultman-Vogt AB,556928-7914,,"Grev Turegatan 49 Lgh 1003, 114 38 Stockholm"
"Becab, Bengtsson & Carlborg Inredningar Aktiebolag",556266-7708,Telefon 031-25 65 15,"Marieholmsgatan 10, 415 02 Göteborg"
DuoCo AB,559176-7537,,"Breviksvägen 71, 135 68 Tyresö"
Jakobssons Rit & Bygg AB,556623-1477,Telefon 070-544 81 98,"Mossebo 202, 388 98 Trekanten"
Sajt Arkitektstudio AB,556846-9208,Telefon 0470-57 10 92,"Storgatan 1, 352 33 Växjö"
Uno Form Malmö Aktiebolag,556515-7913,Telefon 040-10 28 60,"Östergatan 21, 211 25 Malmö"
Lugnet Arkitektur AB,559117-7372,,"Fannys Väg 5, 131 54 Nacka"
Idébolaget Lindell AB,556936-4788,Telefon 070-549 07 69,"Allerumsvägen 330, 254 76 Allerum"
Sondells Bygg AB,559333-0979,,"Ottfjällsgatan 3, 416 72 Göteborg"
Todd AB,559512-9866,,"Götgatan 48, 118 26 Stockholm"
Beek Arkitekter AB,559301-0647,,"Regeringsgatan 88, 111 39 Stockholm"
Karl Victor Home AB,559040-8851,,"Hallenborgs Gata 1, 211 19 Malmö"
Bostadsmedia Sverige AB,559447-1954,,"Ulvsundavägen 108 a, 168 67 Bromma"
Eddeborn Konsult AB,559370-1922,,"Annebergsvägen 38, 136 68 Vendelsö"
Inobi AB,559240-7083,Telefon 031-380 20 40,"Karl Gustavsgatan 1 b, 411 25 Göteborg"
Skurflickorna Pernilla Dahl AB,559105-6493,,"Slätthultsvägen 41, 443 95 Stenkullen"
Ateljé Ö AB,559189-6971,,"S:T Hansgatan 38 b, 621 56 Visby"
Bööf Studios AB,559385-3400,,"Tegnérgatan 37, 111 61 Stockholm"
Zillion Box AB,556797-4372,Telefon 076-610 00 86,"Kortebovägen 4, 564 35 Bankeryd"
Suite Arkitekter i Stockholm AB,556938-3986,,"Skeppargatan 22, 114 52 Stockholm"
Kabusa Designfactory AB,556726-1200,,"Dansarens Väg 10, 272 94 Simrishamn"
LEVEL421 AB,559066-1194,,
Panter tanterna städservice AB,556799-9270,Telefon 08-715 87 18,"Bäcktorpsvägen 65, 132 48 Saltsjö-Boo"
3XN Sverige AB,556938-5072,,"Repslagargatan 15 a, 118 46 Stockholm"
Snickaren På Vätö AB,559324-7009,,"Snöbärsgränd 5, 187 73 Täby"
Sunnerö Arkitekter Aktiebolag,556097-6358,,"Olof Palmes Plats 1, 413 30 Göteborg"
Reed Kram AB,556601-8916,,"Söder Mälarstrand 17, 118 20 Stockholm"
Nacka Kök & Design AB,556795-3442,,"Stockholmsvägen 35 1tr, 194 61 Upplands Väsby"
Intrex AB,556547-1397,Telefon 08-777 10 13,"Hammarby Allé 78 d 0tr, 120 61 Stockholm"
Metamorf Design Group AB,559142-3941,,"Lilla Torg 1, 211 34 Malmö"
Form & Struktur Trädgårdsarkitektur Åhus AB,559001-8007,,"Möllegatan 3, 296 35 Åhus"
Studio Ekberg AB,559023-3218,Telefon 070-275 38 27,"Norra Allégatan 1, 413 30 Göteborg"
Modig & Modig AB,559092-8395,,"Torkelsgatan 18 a, 753 29 Uppsala"
Warm in the Winter AB,559070-8805,,"Hornsgatan 166, 117 28 Stockholm"
arkitektur + development RW AB,556587-7668,Telefon 08-442 04 92,"Katarina Kyrkobacke 8, 116 20 Stockholm"
Bahar Nabavi AB,556891-5606,,"Birger Jarlsgatan 75 Bv, 113 56 Stockholm"
Jaenecke arkitekter AB,556726-5623,Telefon 040-866 20,"Södra Förstadsgatan 31, 211 43 Malmö"
Waldemarson Arkitekter AB,556605-9209,Telefon 08-545 838 60,"Skeppargatan 18, 114 52 Stockholm"
Belatchew Arkitekter AB,556700-8189,,"Alsnögatan 12, 116 47 Stockholm"
JRN Arkitektur AB,559470-5674,,"Döbelnsgatan 43, 113 52 Stockholm"
Zoom Arkitekter AB,556701-8089,,"Grönegatan 24, 222 24 Lund"
Arkitekterna Krook & Tjäder i Östersund AB,559404-7259,,"Kyrkgatan 54, 831 34 Östersund"
Systrarna Axelsson AB,556460-9906,Telefon 08-665 33 99,"Karlavägen 46, 114 49 Stockholm"
Inredarna i Nacka AB,559440-1944,,"Åbroddsvägen 2 j, 132 50 Saltsjö-Boo"
Marc Design Aktiebolag,556703-3377,Telefon 0472-26 00 24,"Ekegärdsgatan 15, 363 45 Lammhult"
Styling Vision Sweden AB,559053-1561,,"Mångatan 2, 195 58 Märsta"
Yep Arkitekter Sthlm AB,556391-7524,,"Danderydsvägen 146, 182 36 Danderyd"
Utopia arkitekter AB,556755-5155,Telefon 08-120 315 80,"Järntorget 78, 111 29 Stockholm"
Forum Arkitekter Sverige AB,556612-5588,Telefon 031-13 39 90,"Postgatan 8 a, 411 13 Göteborg"
DesignLyftet AB,559108-1491,,"Träslöv 77, 432 91 Varberg"
House of Stories AB,556837-4168,Telefon 070-776 05 15,"Grev Turegatan 35, 114 38 Stockholm"
ARKCON Arkitekter AB,556710-9508,,"Katrinebergsgatan 19 b 1tr, 504 39 Borås"
Brinkmann Bygg AB,559289-6186,,"Hästhagen 13, 931 91 Skellefteå"
ARKAD Arkitektur och Projektering AB,559475-4201,,"Hagagatan 7, 703 40 Örebro"
doING Projektering AB,559199-0444,,"Korsgatan 2, 602 33 Norrköping"
boysdon'tcry AB,556704-7047,Telefon 070-757 58 09,"Drottninggatan 112 a, 113 60 Stockholm"
Heed & Thom Design Aktiebolag,556431-2063,Telefon 031-711 99 05,"Lilla Marieholmsgatan 6, 415 02 Göteborg"
Byggkollektivet i Stockholm AB,559151-9854,,"Mölnbovägen 4 a, 153 32 Järna"
Emelie Hall Design AB,559477-4050,,"Västmannagatan 37 3 Vån, 113 25 Stockholm"
Fastighetsbyrån Södra Bohuslän AB,559186-3393,Telefon 0303-645 50,"Vendergatan 4, 442 47 Kungälv"
Millimeter Arkitekter AB,559158-9584,Telefon 08-505 555 00,"Maria Skolgata 79 a, 118 53 Stockholm"
Erdegard Arkitekter AB,559106-7953,,"Esperantoplatsen 7-9, 411 19 Göteborg"
Nepas kök och inredning AB,556996-1005,,"Frejgatan 20, 113 49 Stockholm"
Oido Arkitekter AB,559276-8047,,"Brännkyrkagatan 98, 117 26 Stockholm"
& Cetera Arkitekter AB,556711-9622,,"Kopparbergsvägen 8 9tr, 722 13 Västerås"
Celitus AB,556723-2615,Telefon 073-982 80 16,"Skeppar Karls Gränd 4 Lgh 1005, 111 30 Stockholm"
Victrix Svenska AB,556543-2928,,"Ranhammarsvägen 20 e, 168 67 Bromma"
Houme Kök & Rum AB,559009-9809,,"Björnvägen 7 b, 906 40 Umeå"
Arkitektgården AB,556534-9064,Telefon 044-12 30 70,"Norra Kaserngatan 2, 291 29 Kristianstad"
Frisk Arkitektur AB,556647-0620,Telefon 08-554 420 50,"Box 19123, 152 27 Södertälje"
magasin A arkitekter AB,556371-4723,Telefon 0418-162 55,"Lilla Strandgatan 7, 261 29 Landskrona"
Artifon AB,556662-8318,Telefon 076-851 88 12,"Nils Ericsonsgatan 25, 411 03 Göteborg"
mLite AB,556889-2151,,"Datavägen 8 b, 436 32 Askim"
+ROLF Design & Arkitektur AB,556783-3701,,"Brännkyrkagatan 39, 118 22 Stockholm"
Resto & Damar AB,559208-2670,,"Storås Industrigata 3 a, 424 69 Angered"
KAMOMA Landskap AB,559211-8037,,"Västergatan 22, 211 21 Malmö"
Jerlov Inredning AB,556713-5420,,"Arkivgatan 4, 411 34 Göteborg"
Energy Service Management i Sverige AB,556948-4677,Telefon 042-680 22,"Havsbadsvägen 1, 262 63 Ängelholm"
Daniel Östman Interiors AB,559085-6026,,"Nävekvarnsvägen 18, 124 32 Bandhagen"
STEG arkitekter AB,556816-1730,,"Gamla Vägen 3, 426 77 Västra Frölunda"
WAK arkitekter AB,556471-2445,Telefon 08-556 670 60,"Ljusslingan 1, 120 31 Stockholm"
KAMIKAZE Arkitekter AB,556748-1998,Telefon 076-162 60 13,"Engelbrektsgatan 7, 211 33 Malmö"
Nordic Civil Engineering AB,559459-0233,,"Regementsgatan 8, 211 42 Malmö"
Sandström Möbler och Inredning i Tyresö AB,559159-8080,Telefon 08-20 73 00,"Karlavägen 7, 114 24 Stockholm"
RVIN El & Bygg AB,559247-9025,,"Barrtorpsvägen 3 Lgh 1201, 151 48 Södertälje"
August kvalitetsbygg AB,559124-4016,,"Parkvägen 2, 139 30 Värmdö"
Landvetter Södra Utveckling AB,559147-2377,,Mölnlycke
Mellwest AB,559406-9170,,"Svanebäcksgatan 18, 414 71 Göteborg"
ProControl Sverige AB,559012-9374,,"Finnboda Varvsväg 9, 131 73 Nacka"
Chroma Arkitekter AB,556666-0527,Telefon 040-611 29 60,"Gustav Adolfs Torg 8 a, 211 39 Malmö"
Kragh & Berglund Landskapsarkitekter AB,559044-8709,,"Bysistorget 8, 118 21 Stockholm"
Jonas Lindvall AB,556636-3379,,"Östanväg 36, 216 18 Limhamn"
Sebton & Co AB,559009-6615,,"Bergsundsgatan 9, 117 37 Stockholm"
Stillback AB,559010-9186,,"Kyrkogatan 39, 411 08 Göteborg"
VIDA Arkitektkontor AB,556786-1504,,"Tegnérgatan 37 a 1 g, 111 61 Stockholm"
BUTONG AB,556796-4910,Telefon 010-516 41 42,"Kvarnbacksvägen 10, 168 74 Bromma"
3d Monster Light AB,559367-1414,,"Järnvägsgatan 36, 131 54 Nacka"
Case by Case Inredning & Design AB,556887-6667,,"Duvnäs Udde 2, 131 50 Saltsjö-Duvnäs"
Maxim Arkitekter Aktiebolag,556230-1720,Telefon 026-51 53 88,"Hantverkargatan 33, 803 23 Gävle"
TON Arkitektur AB,559051-8634,Telefon 076-115 29 00,"Olaigatan 17 c, 703 61 Örebro"
Edbau konsult och inredning AB,559153-4028,,"Björnänge 195, 837 97 Åre"
Herrängens Gård AB,559172-7820,,"Segeltorpsvägen 49-51, 125 53 Älvsjö"
DesignPerformance Sweden AB,556986-7889,,"Hamravägen 75, 429 44 Särö"
Just arkitektur Stockholm AB,556204-6713,Telefon 08-122 090 00,"Alsnögatan 11 Pl4, 116 44 Stockholm"
Juta Arkitekter AB,559210-0977,,"Tredje Långgatan 13 c, 413 03 Göteborg"
STUDIO HAN SEN AB,559348-9775,,"Södergatan 17, 553 38 Jönköping"
Bergkrantz Brensén Arkitektur AB,556269-5964,Telefon 08-555 924 00,"Gjutargatan 12 Bv, 112 48 Stockholm"
LiVa Fastighetsförmedling AB,559231-6383,,"Centralvägen 21 Fastighetsförmedling, 171 44 Solna"
Clear Horse AB,556890-7934,,"Birger Jarlsgatan 105 Bv, 113 56 Stockholm"
DI & BY Medelpad AB,556927-9606,,"Åkersviksvägen 7 b, 862 91 Kvissleby"
VERA Arkitekter Aktiebolag,556581-3051,Telefon 08-605 85 06,"Banérgatan 29, 115 22 Stockholm"
By Bon AB,556998-7067,,"Askims Svartmosseväg 7, 436 39 Askim"
Månsson & Hansson Aktiebolag,556147-0153,Telefon 063-12 47 40,"Opevägen 78, 831 92 Östersund"
Traxolution AB,559003-0473,,"Bågevägen 5 Lgh 1001, 722 18 Västerås"
Arkitektbolaget Kronoberg Aktiebolag,556454-3006,Telefon 0470-135 10,"Kronobergsgatan 5, 352 33 Växjö"
SWENI AB,556194-8133,Telefon 018-430 78 00,"Lövhultsvägen 8, 756 46 Uppsala"
JDL Måleri & Bygg AB,559299-4882,,"Skestavägen 59, 163 51 Spånga"
N O Arkitektur AB,556807-0576,Telefon 073-525 23 50,"Karl Johansgatan 29, 414 59 Göteborg"
FE Arkitekter Aktiebolag,556139-8230,Telefon 0270-418 11,"Växelgatan 11, 826 40 Söderhamn"
Rudsjön Entreprenad AB,556634-6135,,"Kallfors Gård, 153 38 Järna"
MariaK AB,556751-7668,,"Strandvägen 7 a, 114 51 Stockholm"
Combify AB,559122-6922,Telefon 072-021 44 46,"Fleminggatan 18, 112 26 Stockholm"
EgnellAllard Inredningsarkitektur AB,556963-4792,,"Rosenlundsgatan 40, 118 53 Stockholm"
RE Byggentreprenad AB,559528-6831,,"Fångåmon 501, 837 96 Undersåker"
Fri Form Consulting AB,556742-2695,Telefon 031-762 61 06,"Norra Fiskebäcksvägen 280, 426 58 Västra Frölunda"
"Welcome Inside, inredning & arkitektur AB",559014-3169,,"Kungstensgatan 3, 114 25 Stockholm"
Swedish Engineering Consulting AB,559104-4747,,"Bingebygatan 7, 621 41 Visby"
Aron Heinemann Aktiebolag,559304-1626,,"Hornsgatan 70, 118 21 Stockholm"
Ekehus Projektutveckling AB,559435-4390,,Stockholm
Bioplant & Design AB,559121-4381,,"Grustagsgatan 13, 254 64 Helsingborg"
Båge's Bilmek AB,556995-8985,,"Skiffervägen 6, 553 03 Jönköping"
Linda Harkell Creative AB,559254-1527,,"Helgeandsgatan 20 b, 223 54 Lund"
Inn&Vation i Kungsör AB,556974-9954,,"Himmelsbergavägen 13, 736 92 Kungsör"
Wahlström & Steijner Arkitekter AB,556552-4534,Telefon 031-24 90 50,"Erik Dahlbergsgatan 3, 411 26 Göteborg"
Indicum inredningsarkitekter AB,556603-9201,Telefon 018-444 46 62,"Orphei Drängars Plats 1, 753 11 Uppsala"
Kirsh + Dereka Arkitekter AB,556920-7128,,"Södermannagatan 35 0tr, 116 40 Stockholm"
Cortina & Käll AB,556940-9641,Telefon 031-10 15 20,"Alfred Wigelius Väg 10, 412 49 Göteborg"
Fingerprint Consulting AB,559300-6447,,"Idévägen 12, 312 62 Mellbystrand"
Perfekt Design Arkitekter i Landskrona AB,559086-1786,,"Regeringsgatan 53, 261 36 Landskrona"
Spridd AB,556674-8348,,"Blekingegatan 28 b, 118 56 Stockholm"
Skandvilla AB,559265-1268,,"Fasanstigen 18, 144 44 Rönninge"
Jenny Westin Interiördesign AB,559035-7215,,"Oskargatan 3 Stockholmshuset, 891 37 Örnsköldsvik"
Officine Projects AB,559468-2386,,"Tegnérgatan 37, 111 61 Stockholm"
Westlin Inredning AB,559373-5615,,"Brålandsvägen 17, 444 60 Stora Höga"
Studio Land Arkitektur Sverige AB,559196-7079,Telefon 010-330 01 76,"Åsby 402, 592 93 Borghamn"
NIVEAU2 AB,559132-6664,,"Kruskålsvägen 16, 582 76 Linköping"
Campus Berglund Kristoffersen AB,559324-8916,,"Katarina Västra Kyrkogata 8, 116 25 Stockholm"
Milkas Entreprenad AB,559215-0568,,"Paviljongvägen 5, 132 40 Saltsjö-Boo"
NOI Arkitekter AB,559329-0561,,"Kyrkogatan 34, 411 15 Göteborg"
Probility Sverige AB,559197-8084,,"Vasaplatsen 4, 411 34 Göteborg"
Trigueiros Architecture AB,556732-2002,,"Blekingegatan 46 Bv, 116 62 Stockholm"
Swedesign Group AB,556788-2617,,"Säljansvägen 283, 811 94 Sandviken"
Gaia Arkitektur AB,559240-9212,,"Grindsgatan 31, 118 57 Stockholm"
Var Dags Rum Kumlin Inredning Aktiebolag,556492-4685,,"Karlavägen 72 a, 114 59 Stockholm"
STAM arkitekter AB,559327-7303,,"Södra Vägen 51, 412 54 Göteborg"
Henning Larsen Architects AB,559405-0600,Telefon 010-615 60 00,"Krukmakargatan 21, 104 62 Stockholm"
Office Karolina Keyzer AB,559048-5974,,"Lilla Nygatan 20 Nb, 111 28 Stockholm"
Nordic Tak & Fasad AB,559321-7861,,"Valbovägen 122, 818 33 Valbo"
DOARK AB,559011-9862,,"Kungsgatan 4 3tr, 252 21 Helsingborg"
Bygglaget Värend AB,559450-2774,,"Möckleryd Jeppagård 14, 362 50 Väckelsång"
Whyte & Lilja AB,556661-9523,Telefon 08-519 219 90,"Kungstensgatan 23 a, 113 57 Stockholm"
Restauranggrossisten DSRG AB,559371-4081,,"c/o Restauranggrossisten, Britta Sahlgrens Gata 8 c, 421 31 Västra Frölunda"
Visual Motor AB,559003-6959,,"Josefinavägen 5, 112 61 Stockholm"
OptCodice AB,559330-7167,,"Tullgarnsgatan 27 Lgh 1301, 753 17 Uppsala"
Vilborg Arkitekter AB,556493-2233,Telefon 031-10 20 70,"Första Långgatan 6 a, 413 03 Göteborg"
A Klingstedt Interior AB,559101-7933,,"Karlavägen 38, 114 49 Stockholm"
Gustav Appell Arkitektkontor AB,556756-6517,Telefon 08-410 212 80,"Repslagargatan 17 b, 118 46 Stockholm"
Works Arkitekter AB,559316-9310,,"Norr Mälarstrand 14, 112 20 Stockholm"
WÄRNBERGLUND arkitektkontor AB,556839-8829,Telefon 070-550 05 71,"Åsögatan 194, 116 32 Stockholm"
Coera AB,559488-3133,,"A Odenplan Norrtullsgatan 7 6, 113 26 Stockholm"
Tradition Mäkleri 007 AB,559023-7037,Telefon 08-40 02 09,"Nytorgsgatan 23 b, 116 40 Stockholm"
HOUSE i Nyköping AB,556768-4245,,"Tillverkarvägen 5, 611 45 Nyköping"
CREO Arkitektkontor Aktiebolag,556440-7715,Telefon 08-120 335 00,"Repslagargatan 15 b, 118 46 Stockholm"
AART architects Sverige AB,556961-8514,,"Bergsunds Strand 37, 117 38 Stockholm"
E-H HOME Performance AB,559102-2008,,"Korgpilsgränd 1, 233 63 Bara"
Anders Henningsson Arkitektkontor AB,556678-6314,,"Stortorget 7, 111 29 Stockholm"
SDG-Swedish Design Group AB,556901-8202,,"Garvis Carlssons Gata 20 0tr, 169 41 Solna"
Team Build up Services AB,556856-7068,Telefon 072-248 08 98,"Brolyckan 23, 433 69 Sävedalen"
Arkitekt Axel Carlsson Aktiebolag,556081-2348,,"Roskildevägen 5 a, 211 47 Malmö"
Tillsammans Studio AB,556885-9291,Telefon 08-526 924 24,"Grangärdevägen 3, 167 75 Bromma"
Saga Arkitektur och Design AB,559491-9960,,"Hornsgatan 114, 117 26 Stockholm"
Wilund arkitekter och antikvarier AB,556911-0710,,"Nybrogatan 81, 114 41 Stockholm"
KöksExperterna i Skaraborg AB,559428-1957,,"Sundsören 189, 542 92 Mariestad"
mimmo g r o u p aktiebolag,556970-6699,,"Terrassgatan 5, 411 33 Göteborg"
Esencial AB,559098-5767,,"Ragvaldsgatan 19 b, 118 46 Stockholm"
SALTIN GROUP AB,556937-6931,,"c/o Niklas Sjöblom, Handelsvägen 7, 182 56 Danderyd"
B.R.A. PLAN AB,556990-7107,,"Knivgatan 9, 212 28 Malmö"
KONCEPT PLUS AB,556753-9423,,"Katarinavägen 18 10tr Lgh 2002, 116 45 Stockholm"
Paloma Design Studio AB,559211-9365,,"Munkbron 3, 111 28 Stockholm"
Pippi Studio AB,559223-2234,,"Fyrbåksvägen 7 a, 423 39 Torslanda"
Arkitekter Svanström Scherrer AB,556780-9545,,"Hudiksvallsgatan 8, 113 30 Stockholm"
Arkitektur & Byggnadsvård i Örebro AB,556132-2024,Telefon 019-57 92 00,"Västra Bangatan 13, 703 54 Örebro"
Epic Interiör SWE AB,559493-2831,,"Per Wickenbergsgatan 2, 217 54 Malmö"
Ett mäkleri Stockholm AB,559214-6012,,"Grev Turegatan 50, 114 38 Stockholm"
Panorama Arkitekter AB,556737-7097,Telefon 040-23 50 70,"Norra Neptunigatan 11, 211 18 Malmö"
Linghoff Arkitektur & Interiör AB,556425-4927,,"Köpmansgatan 6, 269 35 Båstad"
Daisys i Sköndal Aktiebolag,556383-1329,,"Örnsätrabacken 216, 127 30 Skärholmen"
In2space Arkitekter AB,559150-9509,,"Stora Varvsgatan 6 a, 211 19 Malmö"
Fritzell & Pantzar Arkitektur AB,559336-1644,,"Munkbrogatan 2, 111 27 Stockholm"
mooi arkitekter AB,559296-2616,,"Henry Dunkers Plats 5, 252 67 Helsingborg"
Trädgårdsstaden Stockholm AB,559231-6789,,"Bergstigen 15, 182 78 Stocksund"
Ranelid de la Cour Studio AB,559149-4926,,"Gustav Adolfs Torg 10 b, 211 39 Malmö"
Studio Niki Rollof AB,559269-2437,,"Sibyllegatan 24, 114 42 Stockholm"
CLD5 STHLM AB,556922-6243,,"Kapellgränd 6 e, 116 25 Stockholm"
Livingdecor Sverige AB,556697-2153,,"Eskilsgatan 1 Månen, 341 43 Ljungby"
Studio Kin AB,559167-0087,,"Viktoriagatan 24, 411 25 Göteborg"
gwsk arkitekter AB,556829-9654,Telefon 08-641 61 10,"Erstagatan 24, 116 36 Stockholm"
Kontrast AB,559017-1350,,"Hammarby Allé 51 b, 120 30 Stockholm"
PROHYBY AB,559489-8909,,Stockholm
Robertsson International AB,556744-5241,,"Tofta 222, 305 93 Halmstad"
Återbruksbyrån i Göteborg AB,559339-2490,Telefon 076-336 60 05,"Frihamnen 12, 417 70 Göteborg"
Mitter Bygg AB,556919-8210,,"Stamgatan 2 1tr, 125 74 Älvsjö"
Ekander Fastigheter AB,559407-5375,,"Bjurholmsplan 23, 116 63 Stockholm"
Köksritarna i Falkenberg AB,559033-0352,,"Blackebergsvägen 2, 311 50 Falkenberg"
AIT Architecture AB,559157-9700,,"Artillrigatan 10 Lgh 1201, 114 51 Stockholm"
Arkvision Nordic AB,559081-7903,,"Maria Skolgata 79 a, 118 53 Stockholm"
HUSET arkitekter R. Oom Aktiebolag,556413-8138,Telefon 031-42 07 30,"Östra Palettgatan 5, 421 66 Västra Frölunda"
LINN & COMPANY AB,559150-2785,,"Sveaparken 32, 702 25 Örebro"
BYGG-ARK i Köping Aktiebolag,556340-1859,,"Scheelegatan 21, 731 33 Köping"
Whitemilk AB,559077-5713,,"Stenevägen 12, 827 51 Järvsö"
Dracke Inredningar Aktiebolag,556484-7001,,"Grevgatan 23, 114 53 Stockholm"
Landscape Syd AB,556458-2343,Telefon 070-443 90 01,"Kajpromenaden 18, 252 67 Helsingborg"
Carsten Andersson arkitekter AB,556284-3580,,"Axel Danielssons Väg 267, 215 82 Malmö"
House of Julian aktiebolag,556752-8780,Telefon 031-743 76 50,"Hamnfyrsvägen 15, 423 40 Torslanda"
Ertma Service AB,559372-2910,,"Årdalavägen 87, 125 40 Älvsjö"
Nelbae Home AB,559251-8731,,"Svarttorp Norrgård 4, 561 96 Lekeryd"
Feel Free AB,559198-1070,,"Karstorpsvägen 2, 289 92 Broby"
MTIQA Bygg & Projekt AB,556897-2243,,"Tvåspannsvägen 41, 176 64 Järfälla"
Vardag AB,559156-0528,,"Ringvägen 44, 118 67 Stockholm"
Klinta Trädgård AB,559043-4758,,"Snogeröd Klinta 660, 243 95 Höör"
Fahlander Arkitekter Aktiebolag,556628-5937,,"Mariatorget 7 Bv, 118 48 Stockholm"
Eva Hild Art AB,556837-1941,,"Annerovägen 4, 513 50 Sparsör"
Minjar AB,559136-9920,,"Krusegatan 19, 212 25 Malmö"
ORIGO arkitekter Aktiebolag,556304-0434,Telefon 08-441 35 40,"Parmmätargatan 5, 112 24 Stockholm"
Arkitektskuggan AB,559240-3512,,"Götgatan 19, 116 46 Stockholm"
Studio Bel AB,559052-6785,,"Ålstensgatan 93, 167 65 Bromma"
A/O Interior Design AB,559339-0759,,"Torphagsvägen 12, 114 18 Stockholm"
Rekonomista Group AB,559071-0421,,"Oxenstiernas Allé 45, 174 63 Sundbyberg"
Skärpa Studio AB,559183-8841,,"Grönegatan 22, 222 24 Lund"
By Arkitektur Stockholm AB,559505-2142,,"Slakthusplan 3, 121 62 Johanneshov"
Södertörns Växtinredning AB,556715-2581,,"Hantverkarvägen 23 c, 136 44 Handen"
LivingIn Uppsala AB,559116-3042,,"Östra Ågatan 31, 753 22 Uppsala"
Roos Byggvisioner AB,559389-4651,,"Västanvik Trekantsvägen 5, 793 92 Leksand"
Stamberg Bygg och Inredning AB,556962-0262,,"Grimstagatan 162, 162 58 Vällingby"
Skrå Arkitekter AB,559237-9761,,"Lilla Brogatan 3, 761 30 Norrtälje"
B.I Skötbordspecialisten Aktiebolag,556424-6550,Telefon 046-29 46 42,"Gudmundsvägen 1, 237 41 Bjärred"
CONSILIUM DESIGN AB,556991-8930,,"Jacob Ekbohmsgatan 9, 602 35 Norrköping"
Hey Interiör AB,559456-5615,,"Hejargränd 6, 721 33 Västerås"
A-Office AB,556983-7304,,"Vikdalsvägen 50 4tr, 131 51 Nacka"
Thomas Sandell Arkitektkontor Aktiebolag,556382-2955,Telefon 070-963 27 23,"Döbelnsgatan 54, 113 52 Stockholm"
Putte Nelsson AB,556325-2112,Telefon 070-496 64 19,"Kolartorpsvägen 7 a, 141 70 Segeltorp"
Stadsbyggnadskonsult Värmland AB,556942-8633,Telefon 070-783 12 04,"Storgatan 26 c, 671 31 Arvika"
Studio J Aktiebolag,559195-8136,,"Köpmansgatan 18, 269 35 Båstad"
WOW Development AB,559392-1108,,"Tellusborgsvägen 84 a, 126 37 Hägersten"
Drakenius Gardens AB,556845-1537,Telefon 0303-72 90 80,"Murarevägen 2, 444 53 Stenungsund"
Lundell Arkitekter AB,559041-1350,,"Wittstocksgatan 3 a, 115 24 Stockholm"
Froslee AB,559238-2062,,"Bantorget 4, 222 29 Lund"
WE Apartment AB,559200-4609,,"Larmgatan 2, 392 32 Kalmar"
SNK Arkitektur och Design AB,556740-9387,Telefon 070-960 03 06,"Styrmansgatan 10, 114 54 Stockholm"
L:vilito Company AB,556988-8141,,"Storgatan 56, 262 32 Ängelholm"
Sjöman Fastighetsmäkleri AB,559295-4944,,"Odengatan 90, 113 22 Stockholm"
PUR Arkitekter & Ingenjörer AB,559426-4433,,"Järnvägsplan 2, 331 37 Värnamo"
EC Interior AB,559215-0139,,"Stockholmsvägen 60, 181 42 Lidingö"
Lowén Widman Arkitekter AB,556815-7886,,"Johannesfredsvägen 15-17, 168 69 Bromma"
Mleczkovicz Fastighetsförmedling AB,559352-2070,,"Torsplan 10, 113 65 Stockholm"
INDOCHINE DECO AB,559040-8745,,"Norevägen 12, 182 61 Djursholm"
Aster Trädgårdsdesign AB,556869-6917,Telefon 070-623 03 19,"Barrskogsvägen 24, 185 94 Vaxholm"
Jessicas Trädgård & Entreprenad AB,559324-9187,Telefon 070-753 66 58,"ÖVER-RESTAD 110, 442 95 Hålta"
TEXAS DIGITAL AGENCY AB,559042-7737,,"Sveavägen 34, 111 34 Stockholm"
Altmarker Garden & Design AB,559143-1142,,"Kråkrisvägen 39, 296 39 Åhus"
Setphan-g AB,556720-2170,,"Kilströmskajen 7 b 1003, 371 36 Karlskrona"
Bygg & Design vid Siljan AB,556875-8402,Telefon 010-330 01 10,"Björkbergsvägen 60, 793 60 Siljansnäs"
Jan Schedin Design AB,556484-1715,Telefon 070-815 71 30,"Gyllenstiernsgatan 16, 115 26 Stockholm"
Bäccman & Berglund Sweden AB,556992-9432,Telefon 08-669 91 00,"Skeppargatan 75, 115 30 Stockholm"
Torstensson Art & Design Sweden Aktiebolag,556263-7610,Telefon 08-765 35 90,"Mosstorpsvägen 18, 181 56 Lidingö"
Max Arkitekter AB,556638-7899,Telefon 08-18 81 45,"Hornsgatan 166, 117 28 Stockholm"
Skan'D'Partners AB,556921-6954,,"Erlandssons Väg 11, 611 67 Nyköping"
Homestylingbolaget Sverige AB,559223-8389,,"Klädesvägen 11 c, 168 76 Bromma"
Consilio Interior Bygg och Måleri AB,559340-8676,,"Skarvängskroken 2, 194 91 Upplands Väsby"
Kroksjöns Trä AB,559204-6493,,"Åbygget, 314 52 Unnaryd"
Outer space arkitekter AB,559175-3990,,"Borgargatan 6, 117 34 Stockholm"
STADSTUDIO simittchiev arkitektur & design AB,556859-4443,Telefon 076-835 33 30,"Grimsbygatan 24, 211 20 Malmö"
Styled by Dahl AB,559097-1247,,"Sjöpiren 3, 135 62 Tyresö"
Joyn Studio AB,559063-4829,,"Skeppsbron 28, 111 30 Stockholm"
Smedjans trädgård AB,559179-3152,,"Gripsholms Kungsladugård, 647 31 Mariefred"
Marbrandt och Olssons Försäljnings Aktiebolag,556233-6767,,"Box 5316, 402 27 Göteborg"
Urban Nouveau AB,559040-4801,,"Härsbackavägen 53, 184 63 Åkersberga"
AC Sundberg Arkitekter AB,556893-9374,,"Alsnögatan 12, 116 47 Stockholm"
A Brash Interior AB,559246-2047,,"Sjöängsvägen 16, 142 64 Trångsund"
Carina Olsén Design AB,559013-7302,,"Storgatan 46, 114 55 Stockholm"
Lume Arkitekter AB,559063-7202,,"Södra Förstadsgatan 11, 211 43 Malmö"
Nyströms Måleri AB,559136-8625,,"Hemvägen 2, 511 70 Rydal"
Stefan Samuelsson arkitekt AB,556659-0377,Telefon 019-13 55 80,"Kristinagatan 10, 702 14 Örebro"
Racken AB,556694-2941,Telefon 0570-198 30,"Åkaregatan 8, 671 34 Arvika"
Projektdesign Skandinavia AB,559015-6559,,"Polhemsgatan 5, 112 36 Stockholm"
HENRIK SCHULZ Arkitektur & Design AB,556098-9815,Telefon 070-399 74 76,"Hedtångsvägen 23, 436 53 Hovås"
Ylse Design AB,559354-7036,,"Ackumulatorvägen 7, 181 61 Lidingö"
Spaces Within AB,559285-0522,,"Vanadisvägen 24, 113 46 Stockholm"
AB BRUXX ARKITEKTUR,559357-8015,,"Björngårdsgatan 14 a, 118 52 Stockholm"
Strandvägens Mäkleri,556857-6440,Telefon 070-352 18 94,"Strandvägen 19, 444 31 Stenungsund"
Larsson Arkitekter i Stockholm Aktiebolag,556272-7254,,"Hammarby Fabriksväg 43, 120 30 Stockholm"
Front Design AB,556805-7292,,"Atlasmuren 18 Bv, 113 21 Stockholm"
GAIA Bygg AB,556624-6079,Telefon 08-654 89 70,"Valhallavägen 120, 114 41 Stockholm"
Creative Coatings Sweden AB,556907-0344,,"Svarvargatan 2, 112 49 Stockholm"
Marcus Elbling AB,559465-3395,,"Rörstrandsgatan 39, 113 41 Stockholm"
Sydtrade Leasing AB,556405-6231,Telefon 0470-653 70,"Bultvägen 5, 553 02 Jönköping"
Grey deco AB,559022-8903,,"Knipplagatan 4 b 1tr, 414 74 Göteborg"
Bigert & Bergström AB,556599-4489,Telefon 070-857 86 52,"Artemisgatan 30 a, 115 42 Stockholm"
Kvint Landskapsarkitektur AB,559320-5395,,"Kungsgatan 12, 652 24 Karlstad"
A.M.B.A. Trading AB,556594-7594,Telefon 042-12 01 02,"Plutonsgatan 30, 254 24 Helsingborg"
Hallkonsulten H.Q. AB,559438-6681,,"Ringvägen 100, 118 60 Stockholm"
DL Ekonomi AB,556974-3536,,"Brämhultsvägen 17 Lgh 1001, 504 56 Borås"
Ahlsénarkitekterna Aktiebolag,556148-0509,Telefon 08-644 02 05,"Triewaldsgränd 1, 111 29 Stockholm"
Amalia Städ och Inredning AB,559132-6045,,"Örtagårdsvägen 1, 393 51 Kalmar"
Svea Ingenjörsbyrå AB,559085-2702,Telefon 070-558 88 95,"Långholmsgatan 42, 117 33 Stockholm"
Carlia Design & Arkitektur AB,556930-9346,,"Högomsvägen 4 f, 183 50 Täby"
Fastighetsbyrån Nordost AB,559066-3448,,"Storås Industrigata 14, 424 69 Angered"
Ordinary House AB,559113-3326,,"Solbrinken 35, 132 51 Saltsjö-Boo"
Planbring Konsult AB,556717-5251,,"Sotarvägen 10, 632 23 Eskilstuna"
Glockgruppen Arkitekter Aktiebolag,556311-6036,Telefon 08-10 18 00,"Skälebäckavägen 4, 263 75 Nyhamnsläge"
AB Helmiljö i Ludvika,556585-9666,Telefon 070-645 29 89,"Östra Storgatan 32 a, 771 50 Ludvika"
D Werner Invest AB,559002-4658,,Stockholm
Ascape Arkitektur AB,559056-9587,,"Mariatorget 1 c, 118 48 Stockholm"
Cecilia Boman Restaurering AB,556933-9483,,"Södertorg 25, 621 57 Visby"
Eriksén fastighetsförmedling AB,556622-2823,Telefon 070-528 83 33,"Karlbergsvägen 47 a, 113 35 Stockholm"
Brantkusten AB,559130-3481,,"Åre Strand 48 b, 837 52 Åre"
Studio Lena Nyholm AB,559090-3810,,"Högbergsgatan 85, 118 54 Stockholm"
AtLife AB,559310-2923,,Borås
Johanna Idman Designrådgivning AB,556735-0557,Telefon 073-253 81 80,"Nybrogatan 62 a, 114 40 Stockholm"
Kajsa Knapp AB,556827-7817,Telefon 070-397 67 79,"Bondegatan 30, 116 33 Stockholm"
Deurell arkitekter AB,556740-5955,,"Blekingegatan 24, 118 56 Stockholm"
Anna Mähler AB,559341-5226,,"Parkgatan 13, 411 24 Göteborg"
Lennart Nilsson & Partners Aktiebolag,556544-8122,,"Hantverkargatan 83 Nb, 112 38 Stockholm"
Trip 2 AB,559484-3293,,"Centralplan 3, 111 20 Stockholm"
SKOUT AB,559160-7725,,"Rådhusgatan 26 a, 185 32 Vaxholm"
Lloyd's Arkitektkontor AB,556291-4985,Telefon 046-14 05 80,"Kastanjegatan 34, 224 56 Lund"
Aquadesign International Aktiebolag,556360-0534,Telefon 010-179 40 00,"Berguddsvägen 3, 18253 DANDERYD"
Stenberg Andersson Solutions AB,559363-7894,,"Marielundsvägen 12, 442 66 Marstrand"
Asante Arkitektur&Design AB,556674-1020,Telefon 070-714 19 87,"Brännkyrkagatan 98, 117 26 Stockholm"
Häggström Arkitektur AB,556966-9806,,"Stora Nygatan 7, 111 27 Stockholm"
Banersgatan AB,559200-5275,,"Banérsgatan 12, 211 48 Malmö"
Bengtsdotter Inredningar AB,556594-6075,Telefon 070-338 78 03,"Södra Stadsberget 1, 852 38 Sundsvall"
Ulf Nelson Arkitekter AB,556811-6296,Telefon 08-545 478 80,"Karlbergsvägen 55, 113 35 Stockholm"
Koponen Stenqvist AB,559394-7103,,"Kapellgränd 6 c, 116 25 Stockholm"
The Missing Piece Aktiebolag,556740-8751,,"Ludvig Nobels Allé 2, 269 34 Båstad"
JS Light AB,556980-6549,,"Bergstena Backgården, 441 92 Alingsås"
Rohde Produktion AB,556729-5570,Telefon 070-653 47 01,"Skepparegatan 7 a, 826 50 Söderhamn"
Caap & Co AB,559206-6186,,"Ljungvägen 14, 182 79 Stocksund"
Draken Arkitektur Aktiebolag,556330-7320,Telefon 08-23 37 00,"Skeppsbron 28 Bv, 111 30 Stockholm"
Bohusfrid AB,556798-2052,,"Hallbergsgatan 20, 451 53 Uddevalla"
NOOA AB,556899-9485,,"Östgötagatan 12, 116 25 Stockholm"
Content for Culture i Sthlm AB,559117-7877,,"Ytterby Strandsvägen 91, 185 94 Vaxholm"
Laursen Improvement AB,559044-4708,,Stockholm
Fänge production AB,559239-9413,,"Kommendörsgatan 32, 114 48 Stockholm"
VHSkåne AB,559115-6657,,"c/o CROISETTE SERVICE AB, Hyllie Boulevard 8 c, 215 32 Malmö"
GH Snickare och Design AB,559170-7178,,"Slottsbrovägen 94, 352 62 Växjö"
FORMAT STUDIOS STOCKHOLM AB,559051-5622,,"Smålandsgatan 7, 111 46 Stockholm"
Hissdesign Sverige AB,559088-4531,,"Östgötagatan 48 a, 116 64 Stockholm"
LIVA Studio AB,559234-1779,,"Odensjöringen 15, 556 31 Jönköping"
Norsida AB,556855-0817,,"Vattenvägen 6, 142 91 Skogås"
Happy Foodtruck1 och Event AB,556804-5172,,"Vulcanusvägen 44 b, 749 42 Enköping"
ARCHISTUDIO PIERRE-EMMANUEL VIAL AB,556865-8560,,"Kommendörsgatan 7, 114 48 Stockholm"
AW Design Studio i Dalarna AB,559331-2233,,"Sturegatan 96 b, 791 73 Falun"
Shameless Creative AB,559046-1215,,"Rönnbackegatan 72, 212 30 Malmö"
Wennström & Lundquist arkitekter AB,556975-3196,,"Stora Nygatan 36, 211 37 Malmö"
Venessa Prepic AB,559422-6465,,"Kvarnvägen 15, 713 31 Nora"
OpenStudio arkitekter AB,556940-1820,,"Friisgatan 20 b, 211 53 Malmö"
M & D Franck AB,556722-6898,,"Rättarbacken 24, 131 50 Saltsjö-Duvnäs"
Nesso Arkitektur Aktiebolag,556475-4322,Telefon 040-30 30 45,"Södergatan 26, 211 34 Malmö"
Kristeda Bygg och grävmaskiner AB,556928-8599,,"Grans Gårds Väg 12 b, 746 93 Bålsta"
Virgatans Fastighets AB,556087-0221,Telefon 0221-235 20,"Jämmertunag 3, 731 31 Köping"
Gunilla Svensson Arkitektkontor AB,556720-6007,Telefon 070-814 44 09,"Karl Xii Gatan 8 a, 222 19 Lund"
Carlzon Affärsutveckling AB,556705-3649,,"c/o Advokatbyrån Balk AB, Box 111, 971 04 Luleå"
ZOEN AB,556844-9804,,"Sirapsvägen 3, 123 56 Farsta"
BellaMar Hospitality AB,559400-3930,,"Hyllie Allé 4, 215 36 Malmö"
LINKFELDT SWEDEN AB,559179-0364,,"Dysiksgatan 13, 418 77 Göteborg"
Witte Sundell Group AB,556867-8196,,"Hornsgatan 166 7tr, 117 28 Stockholm"
Groundfloor Studio AB,556790-5566,,"Mälarblick 8, 168 41 Bromma"
Borg & Co Aktiebolag,556392-1716,,"Drottninggatan 90 b 2 Tr, 111 36 Stockholm"
FWW arkitektkontor AB,559333-8311,,"Nytorgsgatan 11 a, 116 22 Stockholm"
JOBARA SPACES AB,559108-2978,,"Åsögatan 149, 116 32 Stockholm"
ESTERIÖR GROUP AB,559175-4436,,"Arvodesvägen 14, 129 33 Hägersten"
Heimstaden Kanalhamnen AB,556609-5039,,"Regementsgatan 54, 217 48 Malmö"
ABMB Agency AB,559403-6153,,"Engelbrektsgatan 21, 114 32 Stockholm"
InredningsExperterna i Lindome AB,556649-2376,Telefon 031-99 45 75,"Vallgatan 23, 411 16 Göteborg"
Vänerkust Konsult AB,556884-6975,,"Österbacken 2, 542 66 Sjötorp"
Cecilia P AB,559237-0307,,"Hornsbergs Strand 14 a, 112 17 Stockholm"
Pelago arkitekter AB,559108-0907,Telefon 08-420 576 82,"Artillerigatan 28, 114 51 Stockholm"
J2 Consulting AB,559276-6165,,Köping
IC Bygg & Interiör AB,559039-4101,,"Ritargatan 4 a, 754 33 Uppsala"
Figura Arkitekter Aktiebolag,556176-4761,,"Första Långgatan, 413 29 Göteborg"
AnnArt AB,559151-3741,,"Sveavägen 135, 113 46 Stockholm"
AK Arkitektur-Studio Aktiebolag,556443-0931,Telefon 08-642 05 56,"Bardabacken 19, 167 71 Bromma"
House of Success AB,559470-8645,,"Oskarsgatan 5 c, 271 40 Ystad"
Gardin & Markis Halmstad AB,559430-1201,,"Timmermansgatan 18 c, 302 36 Halmstad"
Medqvist Fastigheter AB,559260-8524,,"Nytorgsgatan 23 b, 116 40 Stockholm"
Rehn Inredning & Digital Design AB,556723-3852,Telefon 070-880 91 50,"Betsedevägen 10, 134 38 Gustavsberg"
le kontor AB,559378-7426,,"Övre Slottsgatan 26 c, 753 12 Uppsala"
Alvlunden AB,556630-7517,,"Sjöhagen 36, 725 92 Västerås"
Ljusterö Skärgårdsby AB,556678-0895,Telefon 08-618 95 00,"Polhemsgatan 25, 112 30 Stockholm"
Signed By G AB,556954-6053,,"Per Måns Väg 11, 335 73 Hillerstorp"
Studio RAM AB,559090-8769,,"Lill-Jans Plan 2, 114 25 Stockholm"
MAY Arkitektur AB,559186-1272,,"Fridensborgsvägen 60, 170 69 Solna"
YES arkitekter AB,556830-7697,,"Norra Drottninggatan 27, 451 31 Uddevalla"
Rits Arkitekter AB,559036-2645,,"Wallingatan 38 1tr, 111 24 Stockholm"
Tillsammans arkitekter AB,559023-4596,,"Sankt Eriksgatan 15, 112 39 Stockholm"
Arkitektbyrån Jänna AB,559503-0635,,"Storgatan 41 c, 931 31 Skellefteå"
Aktiva Mäklare i Årsta AB,559472-4824,,"Hjälmarsvägen 41, 120 53 Årsta"
Studio Ängsudd AB,559428-3722,,"Ardennervägen 5, 184 94 Åkersberga"
Nordiska Hem Lifestyle AB,556671-9950,,"Golfvägen 1-3 Mörby Centrum, 182 31 Danderyd"
SV Hemservice Stockholm AB,559149-9628,,"Barkarbyvägen 73, 177 44 Järfälla"
Krisar Projects AB,556600-5590,Telefon 08-411 11 50,"Wollmar Yxkullsgatan 1 Lgh 1404, 118 50 Stockholm"
View projekt & koncept AB,556900-1612,,"Vidkärrsgatan 9, 416 72 Göteborg"
You had me at hello AB,559219-6785,,"Lilla Nygatan 2, 411 09 Göteborg"
Studio Tabo AB,559177-1463,,"Västbergavägen 24 Kaj b 7, 126 30 Hägersten"
THID Interior Design AB,559054-9092,,"Tyrgatan 13, 114 27 Stockholm"
Forsgren Etzler AB,559270-4000,,"Björngårdsgatan 13 Bv, 118 52 Stockholm"
Form & Funktion i Sälen AB,556892-4749,Telefon 070-629 00 76,"Sälenvägen 50, 780 67 Sälen"
Hanna Mikiver AB,559371-0493,,"Birgittavägen 8, 136 70 Vendelsö"
Louise Liljencrantz Design AB,559019-3545,,"Brahegatan 26, 114 37 Stockholm"
Ann Idstein Design AB,556635-8627,,"Dalby 541, 247 94 Dalby"
Global Yoga Norden AB,559249-6946,,"Strannebacksvägen 54, 439 92 Onsala"
Gabriella Gullberg Interiors AB,559215-8322,,"Kungstensgatan 56 Lgh 1101, 113 29 Stockholm"
Galerie North AB,559193-7619,,"Sibyllegatan 9, 114 42 Stockholm"
Vanitas AB,559210-3609,,"Fagusvägen 5, 181 33 Lidingö"
Living Cities and Communities Digrans AB,556910-4119,Telefon 070-777 72 55,"Sundre Digrans 708, 623 30 Burgsvik"
DL Moberg AB,559132-7324,,"Vattenverksvägen 8, 184 33 Åkersberga"
Makrevski consulting group AB,559068-7827,,"Råsundavägen 53, 169 57 Solna"
Dear Area AB,556776-7032,Telefon 070-518 39 80,"Nyarpsvägen 1, 523 96 Grönahög"
Bo & Belysningsmagasinet AB,556550-6515,Telefon 070-545 11 10,"Nissavägen 7 b, 376 36 Svängsta"
Aston Design AB,559166-5392,Telefon 073-320 02 12,"Karlavägen 18 Bv, 114 31 Stockholm"
All by one Per Nielsen AB,556899-8396,,"Kungsfågelvägen 7, 218 32 Bunkeflostrand"
IMD Arkitektur AB,559306-9163,,"Tomtebogatan 23, 113 39 Stockholm"
Enflo Arkitekter AB,556823-7456,,"Styrmansgatan 39, 114 54 Stockholm"
Sjölärkan Bostad AB,559051-6968,,"Bäckgatan 38, 432 44 Varberg"
Fröjd Sweden AB,559366-4450,,"Rombergs Väg 62, 312 96 Laholm"
Logide AB,556733-8628,,"Norrgårdsvägen 32, 602 10 Norrköping"
Belleville arkitektkontor AB,556984-5349,,"S:T Knuts Väg 19 Hus 9a, 211 57 Malmö"
Ooaki Living AB,556816-1573,,"Catalinavägen 8, 183 68 Täby"
Ulrika Gyllstad AB,556947-7291,,"Sankt Paulsgatan 20 Hörnlokal, 118 48 Stockholm"
LoftSweden AB,559156-0650,,"Sågtorpsvägen 66 a, 183 30 Täby"
CMF HOMESTYLING AB,559078-2057,,"Stora Högestensgatan 7 Lgh 1402, 216 32 Limhamn"
Dollinger Consulting AB,559436-2732,,"Helgevägen 10, 182 54 Djursholm"
Halim consulting AB,559069-9814,,"Hörlanders Väg 9, 212 36 Malmö"
WIRE EL AB,556920-7276,Telefon 072-853 66 41,"Odensjöringen 35, 556 31 Jönköping"
eriksson & runske arkitekter AB,556738-1974,,"Kocksgatan 25, 116 24 Stockholm"
DSRG AB,559508-5274,,"Datavägen 12 b, 436 32 Askim"
Arrhov Frick Arkitektkontor AB,556802-1769,,"Brantingsgatan 47, 115 35 Stockholm"
L&L Arkitekter AB,559484-0398,,"Blecktornsstigen 3, 116 66 Stockholm"
Surface Club AB,556696-7021,,"Lodgatan 3 b, 211 24 Malmö"
Danderyds Bygg AB,556975-1521,,"Mörbyhöjden 21 5 Tr, 182 32 Danderyd"
NEOS Arkitekter AB,559262-0222,,"c/o CSABA DÉR, Gröndalsvägen 148 1708, 117 68 Stockholm"
Karlsson Lauri Arkitekter AB,559215-6029,,"Kristianstadsgatan 16, 214 23 Malmö"
We We Arkitektur + Inredning AB,559389-4552,,"Linnégatan 29 Bottenplan, 413 04 Göteborg"
C2C Consulting AB,559456-5748,,"Nils Bjelkegatan 6, 222 20 Lund"
A&B Kvalitet AB,559023-0511,,"Säljägarvägen 34, 184 64 Åkersberga"
Kasper Fixit Höglind AB,559163-9413,,"Generalsgatan 8, 415 28 Göteborg"
Billingham & Flygare AB,556990-0177,,"Bosgård 2, 561 92 Huskvarna"
Konstgjorda Naturmiljöer Mikael Malm Aktiebolag,556394-6572,Telefon 08-512 303 35,"Roslagsbrovägen 336, 761 75 Norrtälje"
INSBO AB,559161-8805,,"Svia Mellangården 100, 754 73 Uppsala"
Wahlros Arkitekter i Fokus AB,556652-0218,,"Kungsgatan 16 a, 745 31 Enköping"
Ferrum arkitekter AB,556686-6850,Telefon 031-701 48 41,"Torpavägen 7 Överstegården, 449 36 Nödinge"
Think Softer Planning AB,559406-5376,,"Bantorget 4, 222 29 Lund"
Årstidernas Trädgård AB,559502-5098,,"Bellmanskällevägen 11, 129 40 Hägersten"
Pietsch Arkitekter AB,556795-0661,Telefon 070-547 39 58,"Åsgatan 2, 153 30 Järna"
Style Icons Båstad AB,559278-4432,,"Stationsterrassen 2, 269 36 Båstad"
Codesign Research Studio AB,556781-3034,,"Drottninggatan 112 a, 113 60 Stockholm"
Thyr Creative AB,556964-8677,Telefon 070-666 58 96,"Torpadalsbacken 27 b, 443 33 Lerum"
Luleå Design & Specialsnickerier AB,556829-8565,Telefon 070-393 30 54,"Industrivägen 2 a, 972 54 Luleå"
Cedwin AB,559073-3316,,"Byvägen 5, 579 72 Fågelfors"
Werner Arkitekter AB,559392-3286,,"Sven Källfelts Gata 203, 426 71 Västra Frölunda"
KFA arkitekter AB,559152-0084,,"Krukmakargatan 22, 118 51 Stockholm"
steijner co create AB,559132-3000,,"Gävlegatan 36 b Lgh 1-2504, 113 68 Stockholm"
Comtech Engineering & Architecture AB,556657-1112,,"Fjällgatan 22, 116 28 Stockholm"
ÅRE INREDNING OCH DESIGN AB,556995-3325,Telefon 070-526 07 87,"Paradisvägen 13, 837 72 Duved"
Elvira H AB,556868-9086,,"Sannelundsgatan 27, 554 47 Jönköping"
Fabel arkitektur AB,556899-1821,,"Eklandagatan 15, 412 55 Göteborg"
Osby Trä Snickeri & Måleri AB,559423-0921,,"Holmö 2538, 283 91 Osby"
Brodd Produktion AB,556996-2862,,"Bäverns Gränd 18 a, 753 19 Uppsala"
Studio Sandra Sjödin AB,556834-8154,,"Köpmansgatan 4 Bv, 269 35 Båstad"
Balthaz AB,559003-2065,,Stockholm
B&F BYGG AB,559132-8041,,"Tjärnstigen 25 a, 135 61 Tyresö"
Fidjeland och Partners Arkitekter AB,559087-3971,,"Svartmangatan 9, 111 29 Stockholm"
Metropolis Arkitekter AB,559153-6023,,"Strindbergsgatan 35, 115 31 Stockholm"
Lerbo Consulting AB,559031-8548,,"Slåttergatan 1, 545 32 Töreboda"
Arkitekt & Projekt i Värmdö AB,559069-8527,,"Tyra Lundgrens Väg 23, 134 46 Gustavsberg"
Profan AB,559362-3845,,"Högbergsgatan 33, 116 20 Stockholm"
Barup & Edström Arkitektkontor AB,556495-6224,Telefon 0414-131 00,"Skansgatan 20, 272 31 Simrishamn"
Ljuskvalité Norden AB,559177-9086,,"Kontrollvägen 11 1/2trn, 126 79 Hägersten"
WIC FLYTT & STÄD AB,559372-2209,,"Klangfärgsgatan 16, 426 52 Västra Frölunda"
BL Hus AB,559307-9956,,"c/o KBM Advokatbyrå AB, Jungmansgatan 12, 211 11 Malmö"
Akeba AB,559090-2358,,"Posthusgatan 4, 761 30 Norrtälje"
Svantesson Consulting AB,559240-1946,,"Täbylundsvägen 31, 163 47 Spånga"
Olth Invest AB,559232-2977,,"Älvnäsvägen 78 b, 178 39 Ekerö"
Jona Netsman Trädgårdsdesign AB,559360-9059,,"Freluga Byvägen 4501, 821 93 Bollnäs"
Jonas Bohlin Arkitektkontor Aktiebolag,556273-5364,,"Fredriksro Ängsvillan, 134 32 Gustavsberg"
Live Design Nordic AB,559046-4151,,"Bergsgatan 5 c Lgh 1101, 112 23 Stockholm"
Charlotta Skog och Jonna Flordal AB,559220-8846,,"Brahegatan 18, 114 37 Stockholm"
E H M Bonnier Aktiebolag,556357-7054,,"Styrmansgatan 27, 114 54 Stockholm"
Scharc Architects AB,556861-0140,,"Malmskillnadsgatan 44 a, 111 57 Stockholm"
Linda Peter Linder AB,559010-6117,,"Karlavägen 12, 114 31 Stockholm"
Mia Gunnemyr AB,559229-0604,,"Fredrika Bremers Gata 36 a, 129 50 Hägersten"
DELVA Sweden AB,559493-2591,,"Götgatan 71, 116 21 Stockholm"
drackes meeting points AB,556850-4012,,"Grevgatan 23, 114 53 Stockholm"
Schumacher Sthlm Living Aktiebolag,556942-8021,,"Nybrogatan 71, 114 40 Stockholm"
Westman VVS & Bygg Kalix AB,559064-6658,Telefon 0923-720 00,"Rian 306, 952 92 Kalix"
Kristina Lifors Interior Design AB,559112-0992,Telefon 070-554 86 14,"Grev Turegatan 73 0tr, 114 38 Stockholm"
AT WorkConcept AB,556886-4614,Telefon 070-794 65 65,"Solarvsplan 29, 436 43 Askim"
Hökars snickeri och inredningar AB,556906-3661,,"Terbiumvägen 8, 185 94 Vaxholm"
Kreativa Storkök Sverige AB,556912-2616,,"Blåportsgatan 7 a, 371 56 Karlskrona"
Gullmanders Arkitekter & Ingenjörer AB,556173-4236,Telefon 070-586 77 28,"Kyrkogatan 6, 352 34 Växjö"
Maren Arkitekter AB,559508-6439,,"Renstiernas Gata 12 c, 116 28 Stockholm"
Blonde studio agency AB,559088-0943,,"Sorgenfrivägen 9 e, 211 58 Malmö"
EG NordLab AB,559246-8150,,"Sjöängsvägen 7, 192 72 Sollentuna"
Studio Emma Helin AB,559417-4905,,"Ljustret 21, 193 41 Sigtuna"
Aram Arkitektur AB,559394-0959,,"Skiljevägen 17, 744 31 Heby"
Between the lines Architecture AB,559228-3401,,"Vanadisvägen 22 b 2tr, 113 46 Stockholm"
CK.AU Entrepreneur AB,559317-1977,,"Kronovägen 7, 191 34 Sollentuna"
ARKVIS Arkitekter AB,559202-2213,Telefon 073-800 49 01,"Maria Bangata 6, 118 63 Stockholm"
Magnesium AB,556352-3827,Telefon 070-823 45 55,"Markviksvägen 23, 165 59 Hässelby"
HELP besiktning väst AB,559448-5871,,"Nordhemsgatan 29 c, 413 06 Göteborg"
Thomax AB,559369-0547,,"Åsögatan 127, 116 24 Stockholm"
Söderberg Söderberg AB,556810-1785,Telefon 08-611 22 11,"Stortorget 18, 111 29 Stockholm"
Local Architects Stockholm AB,556973-3008,,"Hökvägen 15 a, 141 72 Segeltorp"
Contem AB,556374-4191,,"Tavastgatan 2 b, 118 20 Stockholm"
CASALO Creative Spaces AB,559489-5079,,"Låglandsgatan 21, 216 11 Limhamn"
K Design AB,556125-0886,Telefon 070-972 01 54,"Östra Tunhem Skolbacken, 521 94 Falköping"
Mats Dahlström Arkitektkontor Aktiebolag,556500-6037,,"Ölandsgatan 16, 392 31 Kalmar"
Maja Bernvill Design AB,559452-0784,,"Augerum Stora Hus 1, 371 92 Karlskrona"
In Praise of Shadows Arkitektur AB,556784-3858,Telefon 070-663 90 95,"Borgargatan 6, 117 34 Stockholm"
POÈ Interiör AB,559155-2046,Telefon 079-347 89 08,"Södra Doktorsgatan 5, 352 36 Växjö"
DO Sales&Consult AB,559354-5311,,"Skotgränd 4, 234 40 Lomma"
Common Values United AB,559307-0559,,"Årstaängsvägen 17 d, 117 60 Stockholm"
Deko Styling & Interiör by Fihn AB,556817-4329,,"Sösbacken 50, 427 34 Billdal"
JosefssonLjung Interiör AB,559218-3056,,"Storkgatan 5 d, 416 69 Göteborg"
Pretty Decent Exposure AB,559444-2104,,"Björngårdsgatan 1 b, 118 52 Stockholm"
Nico Bini AB,559371-0402,,"Hasselvägen 5, 139 73 Djurhamn"
Britse & Company Aktiebolag,556460-4188,Telefon 070-744 55 10,"Eriksbergsgatan 44 2 Tr, 114 30 Stockholm"
MCC ENTREPRENAD AB,559323-8974,,"c/o NASSIMA MEHABINA, Storgatan 32 a, 267 73 Billesholm"
AB Sudersannas Fårö,559175-2844,,"Fårö Sudersand Postlåda 4813, 624 67 Fårö"
Tarantel Aktiebolag,559085-2157,Telefon 070-669 24 44,"Repslagaregränd 1 a, 185 31 Vaxholm"
Paola Interior & Design AB,559102-1513,,"Erik Dahlbergsgatan 71, 115 57 Stockholm"
Doomie Design AB,556596-1231,,Gustavsberg
Mälark Aktiebolag,556275-3987,Telefon 021-10 17 50,"Slottsgatan 21, 722 11 Västerås"
Stank AB,556749-3696,,"Odengatan 98, 113 22 Stockholm"
m3A arkitektur AB,556991-8872,Telefon 070-325 60 71,"Atlasgatan 8, 802 86 Gävle"
OWC Arkitekter AB,556724-9866,,"Riddargatan 41 Gatulokal, 114 57 Stockholm"
Landskapsingenjören i Sverige AB,556713-9448,,"Östra Boulevarden 40, 291 31 Kristianstad"
Rossing Arkitektur AB,556359-4489,Telefon 0322-701 45,"Utmarksvägen 15, 451 78 Fiskebäckskil"
Lion Estate Inredningssömnad AB,556971-9833,,"Margretelundsvägen 101, 184 63 Åkersberga"
Byggnoga i Sverige AB,556942-7221,,"Brandmästarvägen 4, 618 30 Kolmården"
Blooc AB,559075-1508,Telefon 010-205 15 51,"Skeppargatan 38 3tr, 114 52 Stockholm"
Maldini Studios AB,559085-6042,,"Dammvägen 1, 647 93 Mariefred"
F.O. Arkitektkontor Aktiebolag,556080-2935,Telefon 031-80 59 00,"Götgatan 10, 411 05 Göteborg"
Hamilton & Serrander AB,559343-1447,,"Tenngatan 25 E-f, 195 72 Rosersberg"
Bertil Andersson Byggkonsult i Västerås Aktiebolag,556273-0951,,"Drottninggatan 30, 724 64 Västerås"
Pink Castle Interiors Aktiebolag,556244-3191,Telefon 070-735 74 75,"Stallplan, 697 93 Hjortkvarn"
S.A GROUP AB,559315-7224,,Stockholm
Innemiljö i Mariefred AB,556696-3798,,"Långgatan 20, 647 30 Mariefred"
Sanktnovius Invest AB,559135-5085,,"Skördevägen 1, 227 38 Lund"
MOD Stockholm arkitekter AB,559060-8062,,"Askrikegatan 1, 115 57 Stockholm"
Broberg & Ridderstråle AB,556953-7490,Telefon 076-855 65 11,"Hantverkargatan 54, 112 31 Stockholm"
BOW Arkitekter AB,556779-8441,Telefon 073-354 88 34,"Pontonjärgatan 14 a, 112 37 Stockholm"
Staffan Holm Design Studio AB,559315-9733,,"Ryggebol Byväg 14, 443 61 Stenkullen"
Elghammar AB,556739-5719,,"Torsby Älgstig 4, 139 51 Värmdö"
Byggkonsultbyrån i Sverige AB,559051-7560,,"Aspö Lagnö Äng 1, 645 93 Strängnäs"
K.I & Design AB,559451-0751,,"Järnringen 19-21, 433 30 Partille"
Köhler Arkitektur AB,559081-3530,,"Strandgatan 40, 216 12 Limhamn"
Robins Bygg & Trädgård AB,559188-2088,,"Höjdvägen 2, 135 52 Tyresö"
Fastighetsdesign Sverige AB,559314-5351,,"Eklundavägen 30, 702 17 Örebro"
My Shack AB,559289-9479,,"Ginsttunet 6, 181 48 Lidingö"
Willers Arkitekter AB,556991-5449,Telefon 070-839 27 10,"Allévägen 44, 139 70 Stavsnäs"
Mylla markstudio AB,556574-9974,Telefon 070-232 49 89,"Vallmogatan 9, 582 46 Linköping"
Pick a Pack AB,556512-4061,,"Goråsvägen 22, 443 91 Lerum"
Kazantzidou / Mitra Arkitekter AB,559307-0005,,"Birger Jarlsgatan 81, 113 56 Stockholm"
Ingenjörsgruppen i Mälardalen AB,559097-4977,,"Sotarvägen 16, 632 23 Eskilstuna"
Home by Lilja AB,559455-3504,,"c/o Bolagspartner avveckling, Box 1067, 221 04 Lund"
Leva Rum Skandinavien AB,559238-2542,,"Gotthemsgatan 24, 603 80 Norrköping"
Tosta Studios Inredning & Design AB,559509-1025,,"Hornsgatan 89, 117 26 Stockholm"
Amsell Projects AB,559042-4296,,"Östra Tyevägen 31, 663 42 Hammarö"
Chrisus Aktiebolag,556366-9067,,"Furusundsgatan 21 a, 115 37 Stockholm"
The Bodor Company AB,559183-6183,,"Sjöfararvägen 11, 132 46 Saltsjö-Boo"
Hultén & Kröhnert Invest AB,559088-7955,,"Kungsladugårdsgatan 3, 414 69 Göteborg"
International Superseeders AB,556966-1076,,"Ekerö Prästgård 2, 178 53 Ekerö"
Stenkyrka Crêperie AB,559051-2074,,"Stenkyrka Stenstugu 434, 624 42 Tingstäde"
Perrin och Medarbetare Arkitekter AB,556589-5579,Telefon 073-384 49 49,"Rosenlundsgatan 38, 118 53 Stockholm"
EN Group AB,556585-2778,Telefon 08-730 59 20,"Råsundavägen 110, 169 50 Solna"
Studio Hirsch AB,559294-4333,,"Djupdalsvägen 110, 167 72 Bromma"
DGB Måleri och Bygg AB,559486-1287,,"Almbygatan 4, 163 75 Spånga"
Syrius Works AB,559478-9884,,"Hornsgatan 55, 118 49 Stockholm"
NC Entreprenad AB,559283-1134,,"Jägarvägen 25, 136 75 Vendelsö"
Blomsterfröjd Inredningar AB,559026-2415,Telefon 08-540 625 55,"Sågvägen 12, 184 40 Åkersberga"
ERMEGA AB,556603-1604,Telefon 0565-431 00,"Gettjärn 203, 686 93 Sunne"
Jurén Consulting AB,559157-5336,,"Magnoliavägen 1, 762 93 Rö"
Soldalens Bygg & Design AB,556860-4887,,"Väktarevägen 6, 302 56 Halmstad"
Rantala Real Estate AB,559239-0016,,"Nattviolsvägen 2, 139 35 Värmdö"
Insyn Interiör AB,556970-2441,Telefon 073-404 84 02,"Södra Parkhemsvägen 45, 146 48 Tullinge"
Sofia Kagg AB,556826-6125,,"Oskarsvägen 3 a 0tr, 702 14 Örebro"
LYRA Nord Plan AB,559519-6659,,"Fruktstigen 13 k, 921 42 Lycksele"
Valfar Arkitektur Aktiebolag,556635-1747,Telefon 031-711 37 70,"Monsungatan 89, 417 68 Göteborg"
Greenroom Blommor & Design Sweden AB,556933-3940,Telefon 070-992 57 35,"Öster Mälarstrands Allé 139, 723 56 Västerås"
Studio In AB,559092-7389,,"Karl Gustavsgatan 25, 411 25 Göteborg"
Kontur arkitektkontor AB,556639-8144,Telefon 08-411 54 10,"Triewaldsgränd 1, 111 29 Stockholm"
kozak formAt arkitektur AB,556927-9457,,"Fleminggatan 38, 802 55 Gävle"
m.holknekt arkitektur AB,556867-5846,,"Gammelgarn Skogby 709, 623 67 Katthammarsvik"
Gilck Mat & Vin AB,556627-7041,,"Fridhemsvägen 4, 272 95 Simrishamn"
FFilm AB,559081-0577,,"Erstagatan 26, 116 36 Stockholm"
SIJ consulting AB,559125-5723,,"Drottninggatan 20, 602 24 Norrköping"
Grekland i Rönninge AB,559061-1611,,"Rönninge Torg 10, 144 61 Rönninge"
Kelvorn AB,556939-1435,,"Idévägen 10, 312 62 Mellbystrand"
ETYD AB,559195-4184,,"Gröndalsvägen 23, 117 66 Stockholm"
Hem o Trädgård Roslagen AB,559088-9308,,"Billborgsgatan 8, 761 30 Norrtälje"
Elite Real Estate Sweden AB,559087-6818,,"Slåtterbalksgatan 13, 233 44 Svedala"
No. 21 Interiör AB,556990-7149,,"Köpmansgatan 21, 269 33 Båstad"
FRAM Arkitekter AB,559421-4354,,"Styrmansgatan 39, 114 54 Stockholm"
Vertigo Arkitekter AB,559102-3626,,"Fatburs Brunnsgata 15, 118 28 Stockholm"
Köksexperterna på Västkusten AB,559428-1254,,"Börgasgårdsvägen 20, 302 40 Halmstad"
Sofia Staaf AB,559467-8491,,"Åsbacken 14, 167 66 Bromma"
Strömblad Ivansson Consulting AB,559275-5424,,"Laffrensgränd 6, 271 46 Ystad"
GLOWB AB,556780-8158,Telefon 073-086 65 88,"Karlavägen 36 Bv, 114 49 Stockholm"
Blomsterladan Härnösand AB,559388-1187,,"Krokvägen 11, 871 60 Härnösand"
Evolab AB,556758-5285,,"Kåkbrinken 14, 111 27 Stockholm"
Arconte arkitektur AB,559171-4901,,"Åkerbyvägen 98 Lgh 2201, 183 35 Täby"
Widman Design AB,559184-1738,,"Hammarkvarnsvägen 3, 179 75 Skå"
Gammelträdgården Inredning & Design Aktiebolag,556445-4428,,"Stallviksvägen 17, 429 43 Särö"
Monsén arkitekter AB,556807-4065,,"Danielslundsgatan 20, 262 33 Ängelholm"
Wilder Garden Design AB,559298-4933,,"Tvärvägen 3, 633 53 Eskilstuna"
House of Moberg AB,559034-7786,,"Myrbäcksvägen 11, 436 42 Askim"
Vidbilda AB,556602-8584,Telefon 0411-781 77,"Mossljungstigen 11, 846 99 Storhågna"
Tranark Aktiebolag,556227-2228,,"Hamnparken 4, 573 35 Tranås"
Resultatorienterad Konsult Sverige AB,559053-3583,,"Betebyvägen 22, 137 95 Österhaninge"
Freda arkitekter AB,559386-0967,,"Slakthusplan 3, 121 62 Johanneshov"
Måns Tham Arkitektkontor AB,559021-3806,,"Döbelnsgatan 79, 113 52 Stockholm"
Ruth & Joanna Design AB,556908-3974,,"Gränsvägen 16, 182 61 Djursholm"
Ann-Louise Holding AB,559301-4524,,"Sjöstranden 5, 513 50 Sparsör"
Patrik Windisch Arkitektur AB,556850-1299,,"Klevgränd 16 b, 116 46 Stockholm"
HJS Byggnads AB,556630-6048,,"Fredsgatan 19, 172 73 Sundbyberg"
Lingbo Textilinredning AB,556639-8839,,"Norra Lingbovägen 18, 816 92 Lingbo"
Studio nanok design AB,556816-7158,,"Pipersgatan 14, 112 24 Stockholm"
need retail solutions AB,559135-1340,Telefon 070-440 58 21,"Karl Nordströms Väg 33, 432 53 Varberg"
Matti Klenell Arkitektkontor AB,556445-8437,Telefon 08-91 59 95,"Heleneborgsgatan 38, 117 32 Stockholm"
Noting Arkitektur AB,559148-9280,,"Allévägen 21, 186 39 Vallentuna"
Arkiland Landskapsarkitektur AB,556566-5626,Telefon 070-624 81 22,"Krympvägen 8, 741 52 Uppsala"
Hustomten Sverige AB,559403-1964,,"Fjällvägen 47, 846 71 Vemdalen"
Down Below AB,556793-7171,,"Lidingövägen 75, 115 41 Stockholm"
Silent Decor Sweden AB,559148-7300,,"Hantverksgatan 5 c, 571 34 Nässjö"
Söderberg & Ask Arkitektkontor Aktiebolag,556382-4910,Telefon 0414-138 80,"Killebacksgatan 3, 276 60 Skillinge"
EC Design Interior AB,559467-5695,,"Sindrevägen 10, 182 64 Djursholm"
Studio Pålsundet AB,559196-9760,,"Lorensbergsgatan 5, 117 33 Stockholm"
Number One i Östersund AB,556575-8884,Telefon 070-623 63 60,"Backen 618, 835 95 Nälden"
JBG S-holm AB,556669-7651,,"Sparreholmsvägen 33 b, 642 91 Flen"
Tyg & Design Interiör Sweden AB,556858-4659,Telefon 073-041 17 92,"Södra Breviksvägen 13, 421 67 Västra Frölunda"
Zinkid AB,556933-8345,Telefon 070-092 69 71,"Poppelmansgatan 34, 416 52 Göteborg"
TRENDENSER AB,556839-8761,,"Storgatan 10, 434 30 Kungsbacka"
LE Koncept AB,559008-1401,,"Björkhällan 23, 436 39 Askim"
Höllvikens Inredningsdesign AB,556870-3614,,"Ringvägen 2 a, 236 35 Höllviken"
MG ByggPartner AB,559520-0584,,"Lisakullavägen 11 b, 511 69 Sätila"
Andersson Arfwedson Arkitekter AB,556939-0296,Telefon 070-778 76 82,"Sibyllegatan 52 b, 114 43 Stockholm"
Bratthouse AB,559012-6925,,"Midnattsvägen 10, 142 42 Skogås"
Urban Responsibility AB,559018-0187,,"Edsviksvägen 74 b, 182 39 Danderyd"
Studio Moi AB,559232-6978,,"Själagårdsgatan 17, 111 31 Stockholm"
Grön form Sundsvall AB,559039-2485,,"Kolvägen 10, 852 29 Sundsvall"
Sajland Consulting AB,559250-5894,,"Nilstorpsvägen 37, 224 56 Lund"
inredningsverket AB,556830-7523,Telefon 040-685 10 00,Trelleborg
AB Mint Arkitektur,559472-8163,,"Adelsgatan 23, 621 57 Visby"
Andreas Borgljung Invest AB,559231-8330,,"Nygatan 3 Lgh 1306, 461 34 Trollhättan"
Johan Berggren Project AB,556787-6627,,"Friisgatan 8 a 4tr, 211 46 Malmö"
Beatrice Anderberg AB,559355-1871,,"Scheelegatan 10 Mäkleri, 112 23 Stockholm"
Civilisation AB,559012-7568,,"Själagårdsgatan 9, 111 31 Stockholm"
Quistofta Trädgård & Gastronomi AB,556989-4941,,"Ryavägen 186, 253 41 Vallåkra"
Timner & Timner AB,556578-4823,,"Sångfågelvägen 10, 132 50 Saltsjö-Boo"
Förstberg Ling AB,559068-3750,,"Regementsgatan 20, 211 42 Malmö"
Hem Gallerian AB,556796-9778,Telefon 010-440 67 00,"Karlavägen 59, 114 49 Stockholm"
Thornton Interior Design AB,559046-2437,,"Lärkstigen 62, 182 70 Stocksund"
Cleaning Stockholm AB,556950-8012,,"Henriksdalsringen 99 Lgh 1602, 131 32 Nacka"
MW Interior Design AB,559166-2258,Telefon 073-956 34 32,"Sjöviksvägen 43, 117 58 Stockholm"
Home Style Studio GMP AB,556405-4178,Telefon 0522-708 88,"Midnattsvägen 13, 451 63 Uddevalla"
Törner Arkitektur AB,559390-5150,,"Metargatan 15, 116 66 Stockholm"
MoInterior Design Sweden AB,559414-2415,,"Kastanjevägen 15, 254 82 Helsingborg"
Byggnadsmiljö Mellansverige AB,556566-5386,Telefon 019-678 30 48,"Lovartsgatan 28, 60385 NORRKÖPING"
Jeanette Hammarstedt Inredningsdesigner AB,559224-0344,,"Ekskogsvägen 1, 593 92 Västervik"
Creality AB,556754-5917,,"Hägervägen 10, 131 42 Nacka"
Robert Pihl AB,556962-0692,,"Hedetorp Uddberga 1, 646 93 Gnesta"
Fredrik Drotte Samhällsutveckling AB,559369-6403,,"Granitvägen 51, 183 63 Täby"
STHLM arkitekter AB,556652-5530,Telefon 08-545 157 55,"Renstiernas Gata 12, 116 28 Stockholm"
Stockholms Våtrums Entreprenad AB,559045-0929,,"Kyrkoherdevägen 4, 177 46 Järfälla"
Luna Solutions AB,559491-4375,,Stockholm
Zita Kvalitet Aktiebolag,559271-6103,,"Stenmursgatan 20 a, 549 66 Skövde"
Case Interiör AB,559357-2349,,"Utgårdsvägen 5, 754 72 Uppsala"
NORD SWEDEN AB,559519-8234,Telefon 076-829 22 22,"Lerkrogsvägen 21, 126 79 Hägersten"
Söderöns Hem & Trädgård AB,559113-2971,Telefon 076-773 77 93,"Energivägen 6, 742 34 Östhammar"
Roth Studio AB,559112-0950,,"Tredje Tvärgatan 3, 802 84 Gävle"
Bohag Design Krogdal AB,559203-5025,,"Redaretorget 1, 652 16 Karlstad"
Studio Escapist AB,559248-1005,,"Åsögatan 135, 116 24 Stockholm"
Ulrika Huss AB,559205-8795,,"Folkungagatan 98, 116 30 Stockholm"
Doos Arkitekter Aktiebolag,556674-8413,,"Bergsgatan 6, 112 23 Stockholm"
Gardinmontage Sverige AB,556966-5838,Telefon 076-794 20 94,"Rotevägen 1, 746 96 Skokloster"
Tandläkarhuset Göran Hansson AB,556639-0216,Telefon 0620-164 19,"Storgatan 43, 881 30 Sollefteå"
Coloroyal AB,559355-2200,,"Grimskärsgatan 3, 392 31 Kalmar"
Spinactor Invest AB,556645-8831,Telefon 0123-45 67 89,Stockholm
Kanel i Skellefteå AB,559440-0334,,"Nygatan 43, 931 30 Skellefteå"
Tutti Balutti AB,559304-8142,,"Bögatan 5 b, 412 72 Göteborg"
AD Zolotarevski AB,556689-6337,,"Villavägen 3 d, 216 11 Limhamn"
Malin Isaksson Group Design AB,556987-6914,,"Norrvägen 10, 139 75 Djurhamn"
Studio Hast AB,559427-4093,,"Österbottensvägen 6, 122 37 Enskede"
En plein air AB,559493-2013,,"Hägerstensvägen 142, 126 49 Hägersten"
Elin was here AB,559205-2988,,"Trefasgatan 4, 721 30 Västerås"
AYÄM AB,559253-6451,,"Domarvägen 4, 534 30 Vara"
Urban Couture Arkitekter AB,559141-9667,,"Nybrogatan 52, 114 40 Stockholm"
Studio Sverlander AB,559506-6902,,"Sven Rinmans Gata 5, 112 37 Stockholm"
Solve Solid Förvaltning AB,559356-6366,,"Koggevägen 11, 193 40 Sigtuna"
NBS Institute AB (SVB),559208-1763,,"Stortorget 27, 211 34 Malmö"
Eva Sjölander Consulting AB,559485-7319,,"Sickla Allé 69 Lgh 1201, 131 65 Nacka"
Buster Delin Arkitektkontor AB,559206-3571,,"Odengatan 68, 113 22 Stockholm"
Aktiebolaget Adamsson Consulting,556699-2037,,"Crafoords Väg 14, 113 24 Stockholm"
Nya Hovås Projektutveckling AB,556937-1023,,Mölndal
ANSO Förvaltning AB,556820-5339,Telefon 08-408 120 00,"Betongvägen 7, 142 50 Skogås"
Norén Concept i Uppsala AB,556860-9902,,"Gimogatan 8 c Lgh 1201, 752 20 Uppsala"
Sjöblom Freij Arkitekter AB,559058-9148,,"Krukmakargatan 22, 118 51 Stockholm"
Munde arkitekter AB,559349-4411,,"Magnebergsvägen 15, 121 33 Enskededalen"
Lafferentz Byggkonsult AB,559454-1772,Telefon 072-223 00 41,"Blästervägen 21, 141 30 Huddinge"
juni arkitekter AB,559497-3462,,"Tideliusgatan 63, 118 69 Stockholm"
Dreams & Coffee AB,556674-2614,,"Boglösa Svallby 17, 745 97 Enköping"
All Sustain Aktiebolag,559499-9038,,"Bomgatan 7 Lgh 1202, 412 64 Göteborg"
Kanozi Arkitektur och Design AB,556631-3366,Telefon 031-14 48 00,"Järntorget 3, 413 04 Göteborg"
Danckwardt Consulting AB,559019-1267,,"Kapplandsvägen 6, 168 36 Bromma"
UNI-CO Hospitality Design AB,559488-7894,,"Fyrlyktevägen 14, 423 39 Torslanda"
Projekt & Design i Stockholm AB,556835-0507,,"Ringvägen 112 3tr, 116 61 Stockholm"
TopLock AB,556245-7019,,"Häradsvägen 255, 141 72 Segeltorp"
the happy greenhouse AB,556153-7803,,"Gudmundsvägen 7, 237 41 Bjärred"
W Sweden AB,556811-8466,,Båstad
Olivia Lind Interiors Aktiebolag,559149-2953,,Stockholm
Blanka Studio AB,559439-6011,,"Drakstigen 12, 167 72 Bromma"
Danielson & Vigerland AB,556194-0882,Telefon 08-23 00 70,"Götgatan 11, 116 46 Stockholm"
Ubatuba Consulting AB,556751-4566,Telefon 070-744 17 76,"Gamla Flackarpsvägen 2, 245 61 Staffanstorp"
Sjölund Åkerblom Arkitekter AB,559132-8629,,"Bondegatan 62 Lgh 1402, 116 33 Stockholm"
Atri Landskapsingenjörer AB,556954-1112,Telefon 070-960 05 85,Falun
PM Sales Consulting AB,556883-9772,,"Odengatan 6, 341 33 Ljungby"
Öhman fastighet & förvaltning AB,556847-2269,Telefon 070-910 62 28,"Ugglevägen 26, 131 44 Nacka"
My Sister & I AB,559078-5027,,"Krusenberg Snickartorpet 606, 741 76 Uppsala"
Sesla Holding AB,556910-2212,,"Varuvägen 1, 246 42 Löddeköpinge"
Studio Era AB,559429-0560,,"Atterbomsvägen 34, 112 58 Stockholm"
Hultén Olsson Arkitekter AB,559404-4157,,"Svartmangatan 9, 111 29 Stockholm"
Addmic Import AB,556959-0523,,Västerås
Arcum Arkitektkontor Aktiebolag,556232-6065,Telefon 018-69 52 10,"Orphei Drängars Plats 1, 753 11 Uppsala"
Gadgetri AB,559304-7995,,"Jungfrudansen 4 Lgh 1501, 171 56 Solna"
Sehéler Network Aktiebolag,556597-7674,Telefon 070-843 01 00,"Östra Tunhem Åsen, 521 94 Falköping"
Lumena arkitekter Aktiebolag,559076-5284,,"Birger Jarlsgatan 62, 114 29 Stockholm"
LAVA Studio AB,559210-4797,,"Frans Suellsgatan 2, 211 21 Malmö"
Robert Müller-Brunotte AB,556602-7404,,"Stureparken 5, 114 26 Stockholm"
Elevation Partners AB,556873-0518,,"Bergportsvägen 4, 167 54 Bromma"
Lätt Flytt of Sweden AB,559211-8151,,"Dalslandsgatan 33, 262 43 Ängelholm"
Taras Ljusdesign AB,556906-9890,,"Göteborgsvägen 73, 433 63 Sävedalen"
Trädgårdskillarna AB,559450-8789,,"Kilian Zollsgatan 11 a, 217 56 Malmö"
Petter Öhman Arkitektkontor Aktiebolag,556949-5939,,"Kammakargatan 48 Sidoentré, 111 60 Stockholm"
Abstract Drawing Center AB,559120-5090,,"Karlbergsvägen 66 a, 113 35 Stockholm"
MNK AB,559526-5090,,"Krombyvägen 190, 238 41 Oxie"
Jontas AB,559063-7046,,"Östbergsvägen 10 c, 832 44 Frösön"
Camilla Schlyter Gezelius Arkitektkontor Aktiebolag,556693-4864,Telefon 070-747 52 50,"Folkungagatan 136 a, 116 30 Stockholm"
Kärnvirke Arkitektur AB,559293-8376,,"Thoméegränd 2, 831 33 Östersund"
Sthlm Grönt AB,556902-0257,Telefon 08-630 001 00,"Fågelsångsvägen 6, 186 42 Vallentuna"
Colian & Partners AB,559295-5958,,"Kråkbärsvägen 25, 186 45 Vallentuna"
Lindfors Arkitektkontor Aktiebolag,556110-6278,Telefon 031-27 97 00,"Broslättsgatan 38, 431 31 Mölndal"
RUNDAHL Arkitektur AB,556637-3436,Telefon 031-722 79 90,"Södra Vägen 34, 412 54 Göteborg"
United Enterprise Sweden AB,556880-9171,Telefon 070-779 65 18,120 30 Stockholm
PETRA TUNGÅRDEN AB,556956-3421,,"Humlegårdsgatan 4, 114 46 Stockholm"
ANGELICKPICTURE AB,559250-0614,,"Gröngölingstigen 24, 152 54 Södertälje"
Lansen VVS AB,559013-6221,,"Herr Stens Väg 29, 125 30 Älvsjö"
CaseStudio AB,556780-4298,Telefon 031-20 30 49,"Karl Johansgatan 41, 414 55 Göteborg"
Anläggning & utemiljö Svealand Aktiebolag,556768-7925,Telefon 073-267 02 85,"Källängen, 647 92 Mariefred"
Lena Svartström AB,559414-8909,,"Edebyvägen 29, 178 93 Drottningholm"
Concept Industries AB,559119-9624,,"Djuravägen 19, 167 71 Bromma"
M2 Inredningsarkitektur AB,559189-2442,,"Sjösalagatan 8, 931 65 Skellefteå"
C Aguilar Consulting AB,559353-5494,,"Högbergsgatan 62, 118 54 Stockholm"
Laserna Restaurering AB,559171-4828,,"Gotlandsgatan 55, 116 65 Stockholm"
DEB Holding AB,559247-9033,,"Traditionsgatan 6, 645 45 Strängnäs"
Sork Industries AB,556864-3984,,"Slottsgatan 12, 211 21 Malmö"
E Wincrantz AB,559270-1352,,"Brännkyrkagatan 14 a, 118 20 Stockholm"
Stil&Bohag Karlskrona AB,559468-0232,,"Nya Skeppsbrogatan 7, 371 14 Karlskrona"
WUSP AB,559167-7934,,"Mosebacke Torg 14, 116 20 Stockholm"
Rópeter Trädgårdsmästare AB,559176-3296,,"Sandtorp 41, 151 96 Enhörna"
Dåbbra AB,556843-5902,,"Industrigatan 7, 619 33 Trosa"
Rosenhag&Rosenhag AB,556472-8334,Telefon 0417-200 60,"Flädervägen 5, 271 71 Nybrostrand"
Nina Gerthel AB,559304-0388,,"Kaprifolvägen 5, 236 35 Höllviken"
VORNADO AB,556985-6403,,"Övre Slottsgatan 10, 753 10 Uppsala"
Lervik Design AB,556617-0303,Telefon 070-543 55 35,"Baskevägen 30, 272 94 Simrishamn"
Inredningslust i Markaryd AB,559094-0853,,"Kungsgatan 22, 285 31 Markaryd"
Tina Wik Arkitekter AB,556621-1818,Telefon 073-656 66 18,"Götgatan 69, 116 21 Stockholm"
Hanna MW AB,559422-5046,,"Völundsgatan 11, 113 21 Stockholm"
Oscars Byggservice Habo AB,559016-5725,,"Nätebäcken 3, 566 93 Brandstorp"
Västsvenska Samhällsplanerings-Byrå VSB Aktiebolag,556126-2196,,"Varbergsvägen 48, 504 30 Borås"
P. Hansson Måleri AB,556827-9623,,"Vilhelm Hansengatan 4, 461 39 Trollhättan"
FMN Studio AB,559378-6105,,"Pipersgatan 31, 112 28 Stockholm"
ARCIUM AB,556959-0556,,"Ramtorpsvägen, 155 93 Nykvarn"
Anna Danielsson AB,559033-8660,,"Skrattmåsvägen 11, 239 41 Falsterbo"
AB Villa Sundahl,559199-6904,,"Mazarinvägen 11, 128 67 Sköndal"
Interior by Mastviken AB,559110-3063,,"Koppsäng Södra Mastviken, 671 93 Arvika"
Majo Fastigheter AB,559129-1546,,"Ellingegatan 9, 217 73 Malmö"
Stadsutveckling i Sundsvall AB,559135-7370,,"Centralgatan 8 Näringsliv Och Tillväxt, 852 32 Sundsvall"
JT Raw Studio AB,559158-9774,Telefon 073-056 06 03,"Rås 1, 341 73 Lidhult"
Näslund Arkitektur & Fastighet AB,556806-1021,,"Erik Dahlbergsgatan 27 Bv, 115 32 Stockholm"
Stil Inspiration med Pella Hedeby AB,559086-0911,,"Rösestigen 2, 152 59 Södertälje"
DA Miljö- & Byggkonsult AB,559154-8218,,"Hammarhagsvägen 16, 149 45 Nynäshamn"
Explanata AB,559190-8305,,"Brahegatan 4, 114 37 Stockholm"
Fab form Sweden AB,556612-4920,,"Drottninggatan 11, 252 21 Helsingborg"
Konkret Studio AB,556619-2653,Telefon 031-16 05 50,"Gibraltargatan 54, 412 58 Göteborg"
Berg & Berg Uppsala AB,559281-0153,,"Marmavägen 23, 747 30 Alunda"
Green wood AB,556761-5801,Telefon 0512-450 00,"Eling Lövsalen 1, 534 61 Vedum"
"Klara former, Göteborg AB",556889-0569,,"Fritzes Väg 5, 437 34 Lindome"
Klickbara rum AB,559178-6461,,"Örgryte Stomgata 28, 412 67 Göteborg"
Fredenvalls Installations Aktiebolag,556428-0112,Telefon 070-622 98 45,"Dammstorp Vreta Dammen 8, 563 91 Gränna"
Madeleine din inredare AB,556879-5958,,"Hammarbygatan 51, 753 24 Uppsala"
Neuro & Design Scandinavia AB,556852-3178,Telefon 070-777 50 22,Stockholm
Rarada Of Sweden AB,559129-7808,,"Regeringsgatan 83, 111 39 Stockholm"
Epok Arkitektur Kungsbacka AB,556951-8938,,"Furugatan 5, 434 31 Kungsbacka"
Pansell Production AB,559264-8264,,"Sällskapsvägen 3, 112 64 Stockholm"
Soderberg Design AB,556884-3279,,"Östermalmsgatan 60, 114 50 Stockholm"
Studio Richard Lindvall AB,559035-0525,,"Kungsholmsgatan 15 2tr Lgh 1205, 112 27 Stockholm"
Creative Event & Media Sverige AB,556873-9626,,"Labradorgatan 32, 115 48 Stockholm"
Skalv Design AB,556970-8034,,"Midnattssolsvägen 13 b, 981 30 Kiruna"
På Femte Våningen AB,559160-9085,,"Karusellvägen 25, 126 31 Hägersten"
Gert Malmberg Konsult AB,556996-7051,,"Flottiljvägen 9, 865 32 Alnö"
Margreth Dahlqvist arkitektur & design AB,556892-9920,,"Riksrådsvägen 173, 128 39 Skarpnäck"
KR Renovering AB,559249-8314,,"Ursviks Allé 14, 174 63 Sundbyberg"
sagas bricks & mortars AB,559105-7434,,"Hälsingegatan 51, 113 66 Stockholm"
Fridas Design AB,559044-8311,,"Stationsvägen 20, 375 30 Mörrum"
Norlander-Strand Catering Aktiebolag,556188-8313,,"Rondvägen 10, 416 50 Göteborg"
JORU Måleri AB,556965-5482,,"Grimmared 272, 432 68 Veddige"
HELP Invest AB,559155-5098,,"Norra Brovägen 4, 702 21 Örebro"
By Cazandra Hagström AB,559028-1167,,"Mellanbrogatan 4, 662 31 Åmål"
Limpidity Sweden AB,559086-7841,,"Johan Skyttes Väg 311 a, 125 34 Älvsjö"
L.N BYGG & SNICKERI AB,559362-3415,,"Mejerivägen 7 b, 611 56 Nyköping"
JC Mäkleri AB,559466-3675,,"Ekuddsvägen 13, 131 38 Nacka"
Anders Jorulf AB,559114-2681,,"Tegnérsvägen 9, 147 31 Tumba"
Kod Landskap AB,559252-6254,,"Stora Nygatan 44, 111 27 Stockholm"
BFS Konsult AB,559418-3161,,"Spannarpsgränd 8, 125 72 Älvsjö"
Daniel Berg Arkitekter AB,559136-1695,,"Sundspromenaden 5, 211 16 Malmö"
HAPPY EXPERIENCE NORDICS AB,556892-4525,,"Folkungagatan 108, 116 30 Stockholm"
Notchi Arkitekter AB,559001-1853,,"Heurlins Plats 1 a, 413 30 Göteborg"
C by C AB,559362-6798,,"Tallvägen 21, 236 36 Höllviken"
Joforma AB,559451-5180,,"Trädgårdsgatan 6, 524 30 Herrljunga"
iQChange AB,556713-0355,,"Tegelbruksgatan 6 a, 262 41 Ängelholm"
Projekt O Bygg Falkenberg AB,559381-3834,,"Skrea Backe 109, 311 70 Falkenberg"
Ioana Amores Fastighet AB,559480-6530,,"Nytorgsgatan 23 b, 116 40 Stockholm"
Ductus Studio AB,559071-1585,,"Åsögatan 135, 116 24 Stockholm"
Natcase AB,559153-2311,Telefon 070-509 70 70,"Örsviksvägen 11, 427 50 Billdal"
Linea Design & Trädgård AB,559236-1850,,"Sunnerstavägen 110, 186 70 Brottby"
m2 arkitektur AB,556914-3646,,"Kolbergavägen 33, 572 40 Oskarshamn"
Mikael Ellsinger AB,556825-3289,,"Försvarsgatan 6 a, 426 76 Västra Frölunda"
Helena Belfrage Designs Aktiebolag,556412-9764,Telefon 070-885 55 90,"Rindögatan 22, 115 36 Stockholm"
Machan Invest AB,559520-5203,,"Ellagårdsvägen 166, 187 45 Täby"
Johan Hammarin Arkitekter AB,559281-7935,,"Skolgatan 4, 263 37 Höganäs"
CHM Konsult AB,556983-6306,,"c/o WORKOPOLIS, Riggaregatan 53, 211 13 Malmö"
VIEW Arkitekter AB,559359-1356,,"Västergatan 22, 211 21 Malmö"
solhult event och design AB,559045-8492,,"Riddar Tures Väg 12, 433 31 Partille"
Hello you AB,556835-4012,,"Poppelvägen 3, 237 35 Bjärred"
Björk Holding i Luleå AB,559494-6773,,"Trossvägen 15, 973 41 Luleå"
Mindy AB,556654-3871,Telefon 076-855 61 16,"Birger Jarlsgatan 73, 113 56 Stockholm"
Stockholms Inredare & Home Styling AB,559091-4643,,"Blommensbergsvägen 178 0tr, 126 52 Hägersten"
kempe ljusdesign AB,556838-4902,,"Tegelviksgatan 58, 116 41 Stockholm"
Fridayhat AB,559450-9332,,"Löjviksvägen 36, 139 40 Värmdö"
Node ljusdesign AB,556849-5583,Telefon 08-677 00 96,"Repslagargatan 17 b 3tr, 118 46 Stockholm"
Nadén & Lind AB,559514-4725,,"Föreningsgatan 2, 411 27 Göteborg"
JK FABER Is Now Cooking AB,556844-7022,Telefon 070-833 01 73,"Dalagatan 43, 113 23 Stockholm"
Sanneviken Consulting AB,559330-6078,,"Södra Strömvägen 17, 791 46 Falun"
Alfta Skogstekniska AB,556492-2879,Telefon 0271-122 22,"Humlabacken 11, 822 40 Alfta"
Härliga Rum AB,559357-2430,,"Bergavägen 14, 184 30 Åkersberga"
sandung solutions AB,556773-8728,,"Fredkullagatan 13 c, 442 35 Kungälv"
Homestyling Trestad AB,559131-7606,,"Keravavägen 6, 461 73 Trollhättan"
EK LANDSKAPSARKITEKTER AB,559372-0328,,"Dalkärrsvägen 46, 761 65 Norrtälje"
ARM Fastighetsmäkleri AB,559176-5150,,"Mörtviksvägen 65, 142 65 Trångsund"
CC Residence AB,559311-7988,,"Floxgatan 8, 589 39 Linköping"
BLARK AB,559471-9733,,"Grev Turegatan 14, 114 46 Stockholm"
BRÄCK studio AB,559241-8635,,"Götgatan 78, 118 30 Stockholm"
Corbel Arkitektur AB,559443-5306,,"Norra Gubberogatan 22, 416 63 Göteborg"
Jonas Wagell AB,556787-4242,,"Rörstrandsgatan 44 Bv, 113 40 Stockholm"
Grateful Design AB,559198-1054,,"Skepparslövsvägen 139-40, 291 92 Kristianstad"
Lundberg Aguilera Arkitekter AB,556812-5545,,"John Ericssonsgatan 7, 112 22 Stockholm"
Lightcare of sweden AB,556883-6059,,"Skrävsta Gård 1, 147 43 Tumba"
studio sueca AB,559096-8920,,"Stefan Löfvings Väg 6, 239 31 Skanör"
Charlotta Larsson Fastighet AB,559025-6540,,"Nytorgsgatan 23 b, 116 40 Stockholm"
MLJ Entreprenad AB,559000-5640,,"Karlslundsvägen 28, 155 94 Nykvarn"
New Morning Consulting AB,559251-1496,,"Solbackevägen 15, 611 36 Nyköping"
L.E.S. factory AB,559305-2623,,"Storgatan 15 c, 352 30 Växjö"
Massive Shapes AB,556847-6682,,"Haghultahuset Fruviksvägen 4, 139 34 Värmdö"
Infinity Services Cleaning and Styling AB,559385-3889,,"Enhagsvägen 8 e, 187 40 Täby"
Very Architecture AB,556836-1090,,"Hedinsgatan 3, 115 33 Stockholm"
Artur & Edith AB,556905-0460,,"Tullvägen 34, 837 71 Duved"
GDFH Konsult AB,556659-1706,Telefon 08-544 005 54,"Döbelnsgatan 43, 113 52 Stockholm"
Nathalie Jensen Fastighetsförmedling AB,559356-5350,,"Viktor Sjöströms Väg 6, 169 40 Solna"
Pang Pang Bob AB,556905-7390,,"c/o Catarina Kent, Gamla Skolan Hörningsholm, 153 93 Mörkö"
MASUNA AB,559015-6443,,"Jägaregatan 72, 542 47 Mariestad"
Danell Antik AB,559281-8347,,"Klostergatan 24, 582 23 Linköping"
Naut Design AB,559374-3718,,"c/o Maximilian Balfors, Nautilusvägen 23, 181 66 Lidingö"
blå arkitektur landskap AB,556632-4108,,"Styckmästargatan 2, 121 62 Johanneshov"
Okko Consulting AB,556454-1372,,"Södermannagatan 41 a 5tr, 116 40 Stockholm"
STHLM ROOMS AB,559269-9895,,"Klintvägen 40 b, 135 53 Tyresö"
Spoil Concept Brands & Development AB,556997-2820,,"Eriksbergsgatan 34, 114 30 Stockholm"
RODRIGUEZ DESIGN STUDIO AB,559397-7738,,"Tomtbergavägen 52, 141 43 Huddinge"
Isrenn Arkitekter AB,559186-1678,,"Björkvägen 10, 312 60 Mellbystrand"
Ateljé Trakt AB,559487-3068,,"Bastugatan 24 b, 118 25 Stockholm"
Kulturbyggnadsbyrån i Sverige AB,559185-5977,,"Saleby Forsa Kvarn, 531 93 Lidköping"
Skeddalen facilitering AB,559152-2494,,"Skeddalsvägen 4, 423 43 Torslanda"
MUSEEA AB,559475-9523,,"Karl Jans Väg 6, 178 37 Ekerö"
Östergren Förvaltning Aktiebolag,556976-2205,,"Malvastigen 8 b, 192 54 Sollentuna"
I & DéV AB,556714-2483,Telefon 070-773 30 95,"Rommevägen 61, 784 63 Borlänge"
Petterslott AB,556613-2600,,"P o Hallmans Gata 15 13tr, 112 69 Stockholm"
Skolgrossisten Sverige AB,556755-3515,Telefon 070-346 57 70,"Terrassvägen 18, 182 79 Stocksund"
Landskap & Management i Sverige AB,556611-9441,Telefon 0431-45 00 30,"Margretetorpsvägen 224, 269 73 Förslöv"
Paju Arkitektur och Landskap AB,556740-4123,Telefon 070-537 71 77,"Tegnérgatan 57 1tr, 111 61 Stockholm"
Formationen inredning & trivsel AB,559317-9475,,"Malmgatan 21, 941 31 Piteå"
Landcraft AB,559052-9748,,"Hellanda 4, 743 71 Björklinge"
Depero AB,559098-6815,,"Erik Dahlbergsgatan 9, 411 26 Göteborg"
Attraktion AB,559257-1425,,"Skarpövägen 55, 132 32 Saltsjö-Boo"
Gorfer Wolff AB,559445-3762,,"Kungsgatan 39, 453 33 Lysekil"
anca inredningsarkitekter AB,559040-8737,,"Eskilstunavägen 5, 644 32 Torshälla"
SUPERL AB,556966-1936,Telefon 070-930 75 09,"Mäster Ernsts Gata 7, 254 35 Helsingborg"
Farbror Grön AB,559198-0312,,"Jakobsbergsgatan 41 b, 724 61 Västerås"
Stefan & Linus Butikssupport AB,559110-5852,,"Furulundsvägen 21 c, 646 34 Gnesta"
& Morän Arkitekter AB,556927-0092,Telefon 070-288 20 41,"Brunnbäcksgatan 12, 216 20 Malmö"
JULIA PRYTZ AB,559332-2505,,"Bodalsvägen 39, 181 36 Lidingö"
Dexner Homes AB,559217-3941,,"Brobyvägen 18, 763 93 Skebobruk"
"LUNAB, Landskapsarkitekt Ulf Nordfjell Aktiebolag",556395-9666,Telefon 0932-400 81,Umeå
ARKiKOM AB,559294-8870,,"Fiskebäcks Hamn 32, 426 58 Västra Frölunda"
Umbral AB,559265-4130,,"Storgatan 23 b, 171 63 Solna"
Huset Luiga AB,559218-3866,,"Vreta Mellangården 1, 524 33 Herrljunga"
Emelie Ahlnér Studio AB,559433-3626,,"Sockerbruket 17, 414 51 Göteborg"
Next Stone AB,556938-9199,,"Flygelvägen 18, 224 72 Lund"
Spaden & Krattan Trädgårdsmakeri AB,559185-0952,,"Skäpparp 425, 305 72 Steninge"
ASM Consulting AB,556877-9887,,"Hammarby Allé 127, 120 64 Stockholm"
Liedholm Consulting AB,559194-6990,,"Östra Banvägen 47, 184 52 Österskär"
Directed Studios AB,559447-9791,,"Repslagargatan 17 b, 118 46 Stockholm"
Strawberry Lake AB,556657-9883,,"Storskiftesvägen 22, 141 39 Huddinge"
Bo Design Värmland AB,556877-5034,,"Rotnäs 407, 655 93 Karlstad"
CoolCool 50000 AB,559114-7730,,"Skeppargatan 4, 554 39 Jönköping"
Carolina Cederström & Söner AB,556419-9361,,"Katarinavägen 17 c, 184 51 Österskär"
Petra Gipp AB,556783-8700,Telefon 070-662 90 95,"Bergsundsgatan 16, 117 37 Stockholm"
Håkanson måleri & design AB,559007-0347,Telefon 070-725 01 61,"Fasanvägen 26, 393 59 Kalmar"
Wolfe Designstudio AB,559411-1170,,"Elin Wägners Gata 27 Lgh 1201, 129 51 Hägersten"
Janson & Sedihn Arkitekter AB,556544-0681,Telefon 070-634 20 82,"Rådhustorget 1, 614 34 Söderköping"
Clavus of Sweden AB,559303-7152,,"Ringvägen 59, 137 31 Västerhaninge"
Studio W. Interiör AB,559416-7396,,"Hantverksgatan 6, 434 42 Kungsbacka"
Fastighet & Förvaltning i Degeberga AB,556758-2985,,"Forskarvägen 762, 297 94 Degeberga"
Lindstén Form Studio AB,556909-9004,Telefon 070-400 60 08,"Skeviksstrandsvägen 56, 134 32 Gustavsberg"
Hotel Legacy Group Collection AB,559455-6382,,"Chalmersgatan 17 a Lgh 1002, 411 35 Göteborg"
Sillrén Arkitekter AB,556871-3357,,"Drabantvägen 41 e, 132 47 Saltsjö-Boo"
HUGO NILS ARKITEKTER AB,559119-1142,,"Fridkullagatan 14, 412 62 Göteborg"
We Projects AB,559451-1114,,"Hornsgatan 47, 118 49 Stockholm"
Sthlm Textil Studio AB,559187-3400,,"Grev Magnigatan 5, 114 55 Stockholm"
Coast Arkitektkontor AB,559185-5167,,"Ringvägen 141, 116 61 Stockholm"
Fjällfint AB,559397-6839,,"Fiskarheden 132, 780 68 Transtrand"
Josefine Lantz AB,559063-9422,,"Kilenvägen 28, 430 82 Donsö"
Blomsterpinglan AB,556674-6797,,"Centralvägen 10, 194 76 Upplands Väsby"
Wann Interiör AB,559302-6031,,"Hjulmakarevägen 9, 443 41 Gråbo"
Bringhöjden AB,556923-6697,,"Östmarksgatan 9, 123 42 Farsta"
Strandberg Arkitektur AB,556974-1761,,"Industrivägen 8, 302 41 Halmstad"
Designkontor 100 AB,556727-7313,Telefon 070-456 93 69,"Herserudsvägen 3, 181 50 Lidingö"
08snickarna AB,559358-5887,,"Vendelsömalmsvägen 104, 136 69 Vendelsö"
Cadden Aktiebolag,556471-4888,Telefon 070-570 62 58,"Romstadsvägen 2 c, 653 42 Karlstad"
Allton AB,559416-8253,,"Kyttingevägen 107, 181 29 Lidingö"
Plot Landskapsstudio AB,559192-1704,,"Västergatan 22, 211 21 Malmö"
Grön Vision Spånga AB,559278-1073,,"Norrskensbacken 31, 163 56 Spånga"
4 Väggar AB,559058-3059,,"Norra Stationsgatan 111, 113 64 Stockholm"
Dionea AB,559469-7996,,"Tvillingarnas Gata 302, 136 63 Brandbergen"
Pupill Arkitekter AB,556892-8930,,"Borgstigen 2, 133 33 Saltsjöbaden"
Emilia Aspelin Fastighetsförmedling AB,559450-0661,,"Blinkersgatan 13, 183 76 Täby"
Annelie Hedbeck AB,556663-5735,Telefon 08-600 31 41,"Myrängsvägen 90, 141 37 Huddinge"
Stockholms Trädgårdsmästare AB,559030-8010,,"Hummelvretsvägen 46, 178 36 Ekerö"
Sinan Mati Inredning AB,559249-9270,,"Mellangatan 2, 734 51 Kolbäck"
Anette Lund Contexto AB,556848-6335,,"Tunbyn 505, 853 58 Sundsvall"
Combined Arts AB,559210-2254,,"Flöjelgatan 6, 211 14 Malmö"
Hellströmer Property AB,559490-2628,,"Örnstigen 3, 183 50 Täby"
Lönnqvist & Vanamo Architects AB,559020-0381,,"Zinkens Väg 37 Lgh 1406, 117 41 Stockholm"
Ulla Bladh AB,559376-9853,,"Kådstigen 6, 122 43 Enskede"
Andreas Arkitektur AB,559211-8110,,"Ugglarps Kvarn 223, 311 69 Ugglarp"
Hello arkitekter AB,559210-0134,,"Stigbergsliden 5 7 Tr, 414 63 Göteborg"
Gardenary AB,556995-9595,,"Kocksgatan 3 Lgh 1302, 116 24 Stockholm"
JS Arkitektkontor AB,556594-2132,Telefon 046-13 90 42,"Erikslustvägen 55, 217 73 Malmö"
Warm in the Winter Development AB,559368-4102,,"Götgatan 71, 116 21 Stockholm"
Svedberg & Toivonen AB,559347-2227,,"Lau Kauparve 708, 623 62 Ljugarn"
Thyberg Arkitektur AB,559415-0376,,"Floda Allé 7 a, 448 30 Floda"
Högberg Gillner Arkitektur AB,559165-0949,,"Karl Johansgatan 29, 414 59 Göteborg"
Visiono AB,556991-3709,,"Sköttagården, 696 92 Askersund"
MyArk AB,559135-5754,,"Sigurdsgatan 35, 721 30 Västerås"
COBE Corell Bergfeldt AB,559315-7851,,"Tranvägen 13, 182 47 Enebyberg"
ARTY Bygg AB,559477-4969,,"Loftvägen 9, 142 35 Skogås"
Nordström Kelly Arkitekter AB,556397-2446,Telefon 031-28 28 64,"Åsstigen 14, 436 45 Askim"
MIRY Konsult i Sundsvall AB,559213-4232,,"Heffners Allé 56, 856 33 Sundsvall"
ZG BYGG AB,559439-8744,,"Granhultsgränd 14, 162 44 Vällingby"
SERA- Konsult AB,559119-9756,,"Idrottsgatan 54, 216 16 Limhamn"
ADPV and the creative bunch AB,559424-1639,,"Skänningegatan 2, 418 71 Göteborg"
KRUPINSKI/KRUPINSKA ARKITEKTER AB,556504-7684,,"Kocksgatan 56, 116 29 Stockholm"
KAMJO Design & Hantverk Aktiebolag,556665-6368,Telefon 0476-158 42,"Isfabriksvägen 7, 433 51 Öjersjö"
Studio Aide AB,559507-3981,,"Sturehillsvägen 31, 117 56 Stockholm"
LOKAL XXX Arkitekter Aktiebolag,556356-8715,,"Kärrstorpsvägen 7, 241 74 Stehag"
Arkitekt Akabaliev AB,556946-5957,Telefon 073-324 82 12,"Kammakargatan 19, 111 60 Stockholm"
Ställ skåpet på Plats! AB,559008-8638,,"Vidblicksgatan 5, 412 57 Göteborg"
Johan Ljusdesign AB,559493-8770,,"Modeshögsvägen 8, 231 92 Trelleborg"
Johan Fjellström AB,556925-4948,,"Pastorsvägen 32 b, 903 62 Umeå"
Robsplace Sweden AB,559038-1942,,"Kammakargatan 64 b, 113 42 Stockholm"
Archline AB,559194-3161,,"Gamla Almedalsvägen 29, 412 63 Göteborg"
Villa Asta AB,556684-0202,Telefon 08-31 60 41,"Granrisvägen 6, 132 50 Saltsjö-Boo"
Green rooms by von Sydow AB,559188-4779,,"Kolgavägen 12 a, 182 65 Djursholm"
Strategisk Design Sthlm AB,559077-3064,,"Nockeby Torg 7 0tr, 167 74 Bromma"
KK NG Design AB,559004-2056,,"Köpmangatan 5, 722 15 Västerås"
Kruse arkitektkontor AB,559081-9339,,"Stampgatan 8, 411 03 Göteborg"
RFP - Fransson & Petza Arkitektkontor AB,559174-0856,,"Kungsgatan 77, 112 27 Stockholm"
Monkey in Silk AB,559239-1485,,"Sten Bergmans Väg 19, 121 46 Johanneshov"
Sydkustens Projekt & Energi AB,559154-6956,,"Gyavägen 40 a, 236 37 Höllviken"
Lisa Nielsen AB,559384-1157,,"Strålgatan 12 Lgh 1203, 112 63 Stockholm"
Mälardalens Arkitektur AB,559385-4424,,"Dragverksgatan 6, 724 74 Västerås"
Umami arkitektur AB,559002-5697,,"Asprundan 3, 185 39 Vaxholm"
N.A. Tur AB,559262-1998,,"Tysättravägen 4, 761 13 Riala"
Stockholmstyling AB,559398-1920,,"Renstiernas Gata 31, 116 31 Stockholm"
Westblom Krasse AB,559276-6751,,"Tjärhovsgatan 4, 116 21 Stockholm"
Arkemi AB,559160-6420,,"Hornsgatan 113, 117 28 Stockholm"
Ateljé Gärdsmygen AB,559275-4831,,"Gärdsmygen 10, 182 73 Stocksund"
HOS Haga AB,556708-7308,Telefon 070-628 99 29,"Domherrevägen 9, 183 51 Täby"
New Image Sweden AB,559249-7308,,"Processvägen 2 b, 435 33 Mölnlycke"
Nest arkitektur AB,559321-9578,,"Kungsgatan 12 4tr, 652 24 Karlstad"
Runeke Konsult AB,556858-9500,,"Augustigatan 1, 256 61 Helsingborg"
WRun AB,559209-8213,,"Lundbladsvägen 17, 633 49 Eskilstuna"
Norma AB,559367-1141,,"Finnboda Varvsväg 12 a Lgh 13, 131 72 Nacka"
Preference L and Board AB,556903-0520,,"Falsterbovägen 82 a, 236 51 Höllviken"
Monn AB,559371-9189,,"Lassbacksvägen 9, 945 91 Norrfjärden"
Emtfors Consulting AB,559212-4308,,"Angarns-Haga 2 b, 186 91 Vallentuna"
Maria Schröder AB,556793-9797,Telefon 073-884 78 84,"c/o Maria Schröder, Källängsvägen 53, 181 44 Lidingö"
Testbedstudio Malmö AB,556960-8473,,"Västergatan 22, 211 21 Malmö"
Mia Laaksonen AB,559026-9139,,"Tackjärnsgatan 5, 417 07 Göteborg"
Kolman Boye Architects AB,556943-7709,,"Roslagsgatan 39, 113 54 Stockholm"
Fuentes Fastighetsförmedling AB,559282-5276,,"Sankt Eriksgatan 40, 112 34 Stockholm"
Lokalito AB,559035-1333,,"Stora Holms Säteri 3 b, 417 46 Göteborg"
LOFTI ARKITEKTER AB,556829-7815,Telefon 073-202 26 02,"Edvard Ols Väg 3, 218 71 Tygelsjö"
Kulturvårdens trädgård Stockholm AB,559295-6717,,"Gesundaplan 55, 167 43 Bromma"
Arkoo Arkitekter AB,556682-0857,Telefon 08-656 33 15,Gustavsberg
Townhouse Interior Design AB,559222-5725,,"Runebergsgatan 7, 114 29 Stockholm"
Alterius Engineering AB,556883-2306,,"Ljungvägen 7 b, 135 62 Tyresö"
LMK Development Aktiebolag,556499-3722,,"Rosenbergsgatan 6, 554 51 Jönköping"
HOW Arkitekter AB,556956-3082,,"Stora Nygatan 5 2tr, 111 27 Stockholm"
Kulturmålarna i Flen AB,559047-1784,,"Hasselbacken, 649 91 Sparreholm"
TANGERA AB,559216-5442,,"Dammvägen 111, 141 44 Huddinge"
RUPERT arkitektur AB,559443-2147,,"Trollängsvägen 5, 436 42 Askim"
Martin Nyberg Landskapsarkitekt AB,559098-8415,,"Engelbrektsgatan 34, 791 60 Falun"
Målarflickans måleri & allservice AB,559421-6839,,"Ortala Byväg 30, 764 91 Väddö"
MovinOn i Nacka AB,559331-3058,,"Freyvägen 1 Gavel, 133 38 Saltsjöbaden"
idlu AB,559320-3150,,"Stora Trädgårdsgatan 8 a, 593 35 Västervik"
Branting Wear Group AB,556804-1189,,"Släktäktsvägen 16, 622 65 Gotlands Tofta"
arkitekt althoff aktiebolag,556880-8223,,"Tidagränd 9, 128 44 Bagarmossen"
Svensk FormVision AB,559466-3634,,"Karlavägen 18, 114 31 Stockholm"
Ronike bygg & inredning AB,559413-7969,Telefon 072-250 77 07,"Telivägen 1, 149 42 Nynäshamn"
mulron AB,559093-8261,,"Sveavägen 94, 113 50 Stockholm"
Mondaay Arkitektur & Design AB,559247-3176,,"Styrsåsvägen 20, 437 93 Lindome"
Anders Berensson Architects AB,559112-0935,,"Nytorgsgatan 38, 116 40 Stockholm"
Shape i Göteborg AB,556567-6284,Telefon 070-813 23 20,"Garverivägen 11 a, 448 31 Floda"
Oak Hospitality Services Aktiebolag,556360-3413,Telefon 08-411 66 60,"Bragevägen 17 a, 182 64 Djursholm"
VRÅ AB,559152-6503,,"Kabelverksgatan 7 0tr, 125 45 Älvsjö"
Nilsson Projekt AB,556799-8926,Telefon 090-15 98 58,"Snipgränd 96, 906 24 Umeå"
MOROTA STAAF Arkitekter AB,559438-4587,,"Gåsgränd 3, 111 27 Stockholm"
Formelle Arkitektur AB,556901-1165,,"Södra Hamngatan 15, 451 40 Uddevalla"
Noble Design AB,556341-5180,Telefon 08-739 00 14,"Kungsholmsgatan 11 3tr, 112 27 Stockholm"
Utefix Nacka AB,559272-3257,,"Talluddsvägen 35, 132 48 Saltsjö-Boo"
VWM AB,559464-7223,,"Stenshult 18, 343 93 Älmhult"
FancyF. AB,559174-3116,,"Norrskensvägen 4, 953 36 Haparanda"
Stockholm Urban Visits AB,559113-4746,,"Betsedevägen 16 a, 134 38 Gustavsberg"
A2 Arkitekter i Helsingborg AB,556649-8399,Telefon 042-37 47 10,"Åldermansgatan 5, 256 56 Helsingborg"
Lundahls Bygg & Design AB,559314-4636,,"Ed Jägarlunden 1, 331 74 Bor"
EE Consulting & Advisory AB,559486-1642,,"Södra Agnegatan 26 a, 112 29 Stockholm"
RDN.in AB,559257-8990,,"Fridshällsvägen 15, 152 54 Södertälje"
ALEA Alavaara AB,556852-0653,,"Strömsön 159, 891 96 Arnäsvall"
The Brand Station AB,556578-9368,Telefon 070-978 88 75,"Sandalsvägen 11, 432 67 Veddige"
Skärhamn Arkitektur AB,559023-1865,,"Skansvägen 5, 471 32 Skärhamn"
PJÅR livsstil AB,559112-1883,,"Majorsgatan 19, 976 31 Luleå"
Ecoholism AB,559262-0727,,"Bergsgatan 2, 211 54 Malmö"
Wave Hill AB,559438-1823,,"Rörstrandsgatan 4, 113 40 Stockholm"
PBM Bygg Aktiebolag,556391-4521,,"Silvåkra 101, 247 96 Veberöd"
AF-L Architects AB,556839-0867,,"Rehnsgatan 3 1tr, 113 57 Stockholm"
Idbrant Group AB,559152-1652,,"Kvintettvägen 22, 142 43 Skogås"
Carlshaga Design AB,556464-4556,Telefon 073-037 36 90,"Nolåsen Nolgården 2, 545 90 Töreboda"
Levinn Home AB,559082-4743,,"Affärsvägen 3, 914 31 Nordmaling"
No:44 Umeå AB,556945-8192,,"Kungsgatan 44, 903 26 Umeå"
HS Investments AB,556547-7410,Telefon 031-708 16 30,"c/o ÅSA SVEDMAN, Odengatan 70 4tr, 113 22 Stockholm"
Lennartsson Invest AB,556833-4865,,"Engelbrektsgatan 71, 412 52 Göteborg"
LIVIX Arkitektur och Design AB,559030-1882,,"Elsa Borgs Gata 68, 129 53 Hägersten"
Nordstrand & Sivers AB,559460-5817,,"Västerskärsringen 43, 184 92 Åkersberga"
RMK Rickard & Malin Konsult AB,559169-0655,,"Erik Dahlbergsgatan 16 a, 211 48 Malmö"
arkkas AB,556852-8136,,"Bäckgatan 10 c, 432 44 Varberg"
Castberg & Co AB,556864-4644,,"Bondegatan 72 Aa, 116 33 Stockholm"
Ninna Interior AB,559128-2909,,"Pilvägen 15, 181 57 Lidingö"
Hagström M M i Göteborg Aktiebolag,556246-8495,,"Hamravägen 75, 429 44 Särö"
The Meta Corner AB,559359-7874,,"Rundbäcksgatan 6, 417 23 Göteborg"
SEWS Arkitekter Aktiebolag,556481-9349,,"Hamnallén 4, 234 40 Lomma"
Jonerot Interiors AB,559366-7644,,"Germaniavägen 7 b, 182 68 Djursholm"
Arturato Byggtjänst AB,556851-5000,Telefon 070-757 61 32,"c/o Advokatfirman Fylgia KB, Box 55555, 102 04 Stockholm"
Lindform AB,556712-1610,,"Svalbovägen 7, 635 18 Husby-Rekarne"
Jenny Hagberg Eriksson AB,556968-2395,,"Tunnbrödsvägen 45, 168 64 Bromma"
Vedevågs Trädgård & Utbildning AB,559350-0985,,"Östra Borsvägen 17, 711 72 Vedevåg"
Jacob Wallér Aktiebolag,556576-4742,,"Blekingegatan 16 1 Tr, 118 56 Stockholm"
Esabella Agency AB,559383-3683,,"Västra Knavraås 39, 443 61 Stenkullen"
Brand Design Studios Scandinavia AB,556533-2235,Telefon 070-603 98 25,"Betesvägen 6, 703 60 Örebro"
Lighting by Ström AB,559287-4241,,"Döbelns Plan 7, 903 22 Umeå"
Ankar Arkitekter AB,556659-3108,Telefon 08-442 96 90,"Kräftriket 9 a, 114 19 Stockholm"
Hibou Consulting AB,556933-5820,Telefon 072-231 90 10,"Rådhustorget 9, 239 30 Skanör"
Intero Interiör AB,556765-7829,Telefon 073-655 40 54,"Birkagatan 32, 113 39 Stockholm"
Projektkonst AB,559023-2376,,"Husarviksgatan 18, 115 47 Stockholm"
Max Wolstencroft AB,559466-4459,,"Kommendörsgatan 20 a, 114 48 Stockholm"
Cavatina Capital AB,559066-4149,,"Bänkåsviken 236, 865 92 Alnö"
Varsamt AB,559367-8195,,"Fridkullagatan 31, 412 65 Göteborg"
New Action Consulting AB,559138-0976,,"Varvsgatan 41 5 Vån, 972 32 Luleå"
Mia Granath Koncept AB,556541-7648,Telefon 08-731 57 20,"Elfviks Gård, 181 90 Lidingö"
Part Bukowska Arkitekter AB,559274-0699,,"Dalagatan 13, 113 24 Stockholm"
Tegnér Arkitektur AB,559358-5945,Telefon 073-353 06 76,Stockholm
PAURIA AB,556891-7149,,"Regementsgatan 14, 211 42 Malmö"
Graceful Space AB,559476-2139,,"Forsenberg 21, 186 97 Brottby"
Säljpassion Syd AB,556861-4928,,"Näckrosvägen 6, 236 37 Höllviken"
Minetown Arkitektur AB,559193-9706,,"Lerbergets Byaväg 42, 263 52 Lerberget"
BK Perspective Studio AB,559065-4074,,"Torsgatan 41 Lgh 1102, 113 62 Stockholm"
Temporärt AB,556891-8477,,"Kronobergsgatan 9 Nb, 112 38 Stockholm"
Styling By D.E.Y AB,559113-6394,,"Byggmästarvägen 3, 263 94 Mjöhult"
Christina Breeze Design AB,559149-8737,,"Valhallavägen 96 Bv, 114 27 Stockholm"
Indie Studios AB,559431-1440,,"Rattgatan 1, 653 41 Karlstad"
Studio&Friends AB,559409-5589,,"Sandelsgatan 23 b, 115 34 Stockholm"
Vålnad Aktiebolag,559442-5570,,"Lodgatan 3 b, 211 24 Malmö"
Innerstadens arkitekter AB,559137-6644,,"Aschebergsgatan 21, 411 27 Göteborg"
Dahl & Ring AB,559363-1210,,"Kommendörsgatan 24, 114 48 Stockholm"
Studio LACH AB,559271-6814,,"Skinnarviksringen 20, 117 27 Stockholm"
koistinen hellborg arkitektkontor aktiebolag,556363-6173,Telefon 046-14 02 40,"Hässlehults Gård 1, 241 64 Harlösa"
Boningen Mäklarfirma AB,556763-3515,,"Kajpromenaden 20-22, 252 67 Helsingborg"
Studio Rå AB,559314-2242,,"Långholmsgatan 20, 117 33 Stockholm"
JAMA Studio AB,559321-9636,,"Villekullagatan 75, 212 45 Malmö"
Markisverket AB,559513-4882,,"Parkvägen 2, 169 35 Solna"
Schreck Clean & Style AB,559362-1450,,"Brunskogsbacken 104, 123 71 Farsta"
Lagerström Stålprodukter AB,556905-2540,Telefon 070-719 12 00,"Terminalgatan 7, 641 49 Katrineholm"
Lökke Design AB,556850-5001,Telefon 040-45 40 35,"Marinavägen 33 a, 236 41 Höllviken"
ONE Performance Aktiebolag,556955-9072,,Anderstorp
Fonsica Group AB,559275-6844,,"Mölndals Bro 5, 431 30 Mölndal"
Konst & Teknik Stockholm AB,559341-8980,,"Mårdstigen 8, 170 75 Solna"
Brut Company AB,559476-6338,,"Trevna Gränd 4, 128 38 Skarpnäck"
Öberg Husarkitekter AB,556737-2361,,"Nytorgsgatan 33, 116 40 Stockholm"
Goldén Collection AB,556968-2338,,"Knopvägen 8, 133 44 Saltsjöbaden"
Kelinda Interior Design AB,559205-2376,,"Kistagången 20 b, 164 40 Kista"
Smart Rooms Nordic AB,556919-8608,Telefon 08-410 747 00,"c/o Compact Living Store, Kungsholmsgatan 6, 112 27 Stockholm"
Kolhäger Blomsterdesign AB,559406-9618,,"Bråkmakargatan 2 d, 271 55 Ystad"
Aktiebolaget Lennart Johansson Inredningar,556350-7408,Telefon 08-712 51 60,"Solkraftsvägen 12, 135 70 Stockholm"
sqCircle AB,556883-9269,,"Katarina Bangata 40 Bv, 116 39 Stockholm"
MOR Psykologi & Organisationsutveckling AB,559369-5397,,"Sigtunagatan 4 Lgh 1101, 113 22 Stockholm"
Form Kompaniet Sverige AB,556903-1577,,Stockholm
Virbela Ateljé AB,559169-9383,,"c/o Marie Almendal, Hallebergsvägen 12, 167 37 Bromma"
Bjelkmark Arkitekter AB,559078-8039,,"Bokögatan 6, 619 31 Trosa"
Ulrika von Vegesack AB,559270-8266,,"Åsögatan 116, 116 24 Stockholm"
Monica Förster Design Studio AB,559063-2831,,"Björngårdsgatan 14 a, 118 52 Stockholm"
Mido Projekt Aktiebolag,559267-9624,,"Bondegatan 44 e, 645 32 Strängnäs"
Atelier S Ekman AB,559299-1862,,"Skeppargatan 78, 114 59 Stockholm"
Capsule Interior Agency AB,559252-1701,,"c/o Konrad Advokater AB, Box 2051, 750 02 Uppsala"
Vågskvalp AB,556905-8968,Telefon 0455-107 75,"Ronnebygatan 42, 371 14 Karlskrona"
Helena Bäckman AB,559157-9312,,"Möhällern 15, 456 93 Hunnebostrand"
My Wires AB,559340-5516,,"Tyringevägen 29, 243 92 Höör"
Hem Agenturer LKPG AB,556891-5309,Telefon 073-332 05 27,"Nätvingestigen 18, 587 29 Linköping"
Vackra hem i väst AB,559361-2186,,"Bultgatan 13 b, 442 40 Kungälv"
West Haven Real Estate AB,559005-3384,,"Store Udds Väg 26, 423 61 Torslanda"
Studio Kattlunds AB,559352-9190,,"Kattlunds Grötlingbo 597, 623 38 Havdhem"
ID Deco AB,559339-1757,,"Läroverksvägen 31 e, 181 41 Lidingö"
arkreativa AB,556846-6980,Telefon 070-638 19 56,"Långgatan 2, 827 31 Ljusdal"
Designfolder AB,556902-4911,,"Tjädervägen 22, 167 66 Bromma"
Axeloth Arkitekter AB,556973-2497,,"Renstiernas Gata 12, 116 28 Stockholm"
Ambitiona Sverige AB,559464-2935,,"Norra Parkpromenaden 41 Lgh 1403, 183 74 Täby"
Wygas Gruppen AB,556951-7500,Telefon 076-029 89 66,"Friggagatan 19 Lgh 1101, 416 64 Göteborg"
Aktiebolaget J Tjernberg,559438-1831,,"Nonnensgatan 5 a, 412 72 Göteborg"
Contekton Architects and Planners AB,556237-9452,,"Doktor Heymans Gata 1, 413 22 Göteborg"
PhiFa AB,559340-6043,,"Sköntorpsvägen 128, 120 53 Årsta"
Elektrolution AB,556804-7459,,"Bromsvägen 34, 184 38 Åkersberga"
RSS Automotive AB,556967-6850,,"Hjälmavägen 190, 423 63 Torslanda"
Karigo Byggprojektering AB,556958-0474,,"Kvarnkullen Fjäll, 666 94 Dals Långed"
Hjorth Fastighetsförmedling AB,559438-4678,,"c/o Bolagspartner avveckling, Box 1067, 221 04 Lund"
CEGELLE AB,556744-8229,Telefon 070-299 30 77,"Kornhamnstorg 2, 111 27 Stockholm"
Novigo Aktiebolag,556951-4507,,"Östgötagatan 65, 116 64 Stockholm"
Bright ID AB,559454-7571,,"Raningsvägen 74, 944 72 Piteå"
Therése Malm Arkitekt AB,559026-8974,,"Önskeringsvägen 43, 167 63 Bromma"
Forsa Arkitektur & Byggkonsult AB,559393-7690,,"Stallbacken 29, 761 11 Bergshamra"
By Established Sweden AB,559479-1120,,"Vikboplan 11, 602 29 Norrköping"
Andersson Eliasson Werger arkitekter AB,559479-5105,,"S:T Knuts Väg 19 Hus 9a, 211 57 Malmö"
Prima Arkitekt i Värnamo AB,556672-4752,Telefon 0370-460 10,"Hagagatan 7, 331 33 Värnamo"
Söhr Hertz AB,556779-5785,,"Follingboväg 38, 621 43 Visby"
Wittstocksgruppen AB,559190-6390,,"Elfviksvägen 68, 181 47 Lidingö"
Blank Arkitekter AB,559040-5972,,"Surbrunnsgatan 42 a, 113 48 Stockholm"
Work It Project Management Stockholm AB,559141-9469,,"Vinthundsvägen 83, 128 62 Sköndal"
Fritz Halvorsen Arkitektur AB,556845-0406,Telefon 070-671 78 88,"Ringvägen 141 Bv, 116 61 Stockholm"
Theolin Interior Design AB,559414-6804,,"Årevägen 115, 837 52 Åre"
OINK AB,559052-4715,,"Östra Katslösavägen 19, 253 73 Gantofta"
Johanna Björlin Design AB,559168-9483,,"Gösta Tamms Väg 26 b, 191 33 Sollentuna"
Fräscht i Varberg AB,556709-7224,Telefon 031-724 37 70,"Härdgatan 26, 432 32 Varberg"
ELITE Floral Group Wallstedt AB,559072-9108,,"Daggkåpevägen 23, 603 66 Norrköping"
Trädgårdsgatan 6 interior AB,559142-0806,,"Trädgårdsgatan 6, 524 30 Herrljunga"
Kungsladan AB,559252-0802,,"Kungsladugårdsgatan 1, 633 63 Eskilstuna"
Anne Blom AB,556383-7490,Telefon 08-22 22 26,"Underskogsvägen 36, 761 11 Bergshamra"
Falkevik Consulting AB,556803-5678,,"Åkervägen 80, 121 33 Enskededalen"
Hjertström Konsult Bygg och Fastighet AB,559212-2229,,"Trångsundsvägen 47, 142 64 Trångsund"
CWS Formark AB,559432-1563,,"Maria Bangata 6, 118 63 Stockholm"
Mr Andersson Arkitektur AB,559074-5948,,"Tegelbruksgatan 6, 523 37 Ulricehamn"
DCID AB,559162-5784,,"Olivedalsgatan 9, 413 10 Göteborg"
Svefors Arkitekter Aktiebolag,556516-8803,Telefon 070-832 31 12,"Jöns Filsgatan 15, 211 33 Malmö"
Wolling Home AB,559089-1551,,"Strindbergsgatan 43, 115 31 Stockholm"
Hultin & Lundquist Arkitekter AB,556772-9537,Telefon 040-756 75,"Kompanigatan 4, 211 35 Malmö"
INRK Inredningskonsult AB,556886-3657,,Djursholm
Well Arkitekter Office Design Stockholm AB,559423-4881,,"Lemmings Väg 53, 122 44 Enskede"
Zulu Time AB,556755-4364,Telefon 076-012 35 55,"Odengatan 44 Lgh 1601, 113 51 Stockholm"
Anders Runerheim Arkitektkontor Aktiebolag,556463-9598,Telefon 070-790 24 58,"Pilgatan 11, 112 23 Stockholm"
Archie Sthlm AB,559258-6407,,"Grev Magnigatan 9 a, 114 55 Stockholm"
Studio Eleonor Bonnevier AB,559352-2427,,"Ågatan 19, 614 34 Söderköping"
Dekorteamet Stockholm AB,556842-9251,,"Lövkojsgränd 17 Lgh 1202, 165 75 Hässelby"
Vertical Garden Design Sweden AB,556894-7955,Telefon 070-666 71 80,"Stuvaregatan 60, 803 02 Gävle"
Ewing Jansson Interiör AB,559217-9377,,"Vibyvägen 5, 193 35 Sigtuna"
VAST AB,559256-0030,,"Trozelligatan 1 d, 602 35 Norrköping"
Josefine Wernström Fastighetsförmedling AB,559447-7704,,"Sankt Eriksvägen 9 g, 141 32 Huddinge"
Moll Studio AB,559484-2444,,"Åkersbergavägen 23, 184 50 Åkersberga"
Dive architects AB,556716-4123,Telefon 08-33 10 30,"Skeppargatan 39 Bv, 114 52 Stockholm"
Arkitekturverkstad i Hovenäset AB,559131-4413,Telefon 073-020 05 20,"Hovenäsvägen 32, 456 42 Hovenäset"
Inredningsbyrån Umeå AB,556944-8243,,"Hökvägen 25 a, 904 21 Umeå"
One architect i Helsingborg AB,556999-3917,,"Brogatan 1, 252 67 Helsingborg"
Limited Me AB,559229-8102,,"Stationsbacken 13, 131 50 Saltsjö-Duvnäs"
Molly Pocket AB,559410-6717,,"Bergsgatan 1 Lgh 1102, 112 23 Stockholm"
TRAMPOLIN Arkitekter AB,556556-8689,,"Mjölnarvägen 8 a, 131 74 Nacka"
Stories by Sandell Liljenberg AB,559126-4881,,"Cederflychtsvägen 6, 443 31 Lerum"
Benestam Golfarkitekt AB,556825-0780,,"Höllvikstrandsvägen 1 c, 236 38 Höllviken"
Arkitektingenjörerna Stockholm AB,559039-3657,,"Gnejsvägen 14, 141 39 Huddinge"
Katrin Bååth AB,556983-5332,,"Svavelsticksgränd 17, 553 15 Jönköping"
Hortlund & Co AB,559068-0392,Telefon 08-515 100 00,"Slåttervägen 4 g, 141 70 Segeltorp"
Arkivolt Arkitekter AB,556794-6719,Telefon 073-320 54 40,"Stigbergsliden 5, 414 63 Göteborg"
Vidar Sörman Studio AB,559069-3999,,"Nackagatan 18, 116 47 Stockholm"
Måns Rydberg arkitektur AB,556998-2795,,"Sickla Kanalgata 27, 120 67 Stockholm"
Mathieu Gustafsson Design AB,559314-5849,,"Sandalmakarbacken 7, 126 39 Hägersten"
Arkitektprojektering Thomas Persson AB,556714-4802,,"Kom Snart Igen 7, 392 31 Kalmar"
Victor & Lina Arkitektkontor AB,559327-4144,,"Barnarpsgatan 98, 553 33 Jönköping"
Konten AB,556904-2723,,"Exportgatan 33, 422 46 Hisings Backa"
Evigheten studio AB,559516-2255,,"Falsterbogatan 18 b, 214 36 Malmö"
Tandkliniken Sharareh Amin V. AB,556474-6807,Telefon 070-329 60 93,"c/o Sharareh AminVakili, Jämtlandsgatan 6, 441 57 Alingsås"
Franklin Media AB,556801-3733,,"Hemstigen 1, 553 38 Jönköping"
Stromma Rör & Bygg AB,556999-6845,,"Ugglestigen 8, 139 41 Värmdö"
Frejas Boning AB,556354-7172,Telefon 08-660 07 45,"Brantingsgatan 25 1tr Lgh 1104, 115 35 Stockholm"
Peter Andersson Productions AB,556818-4997,,"Tre Liljor 5, 113 44 Stockholm"
Wella Fastighetsförmedling AB,559334-2420,,"Frejgatan 58, 113 26 Stockholm"
Living Room C&S Interiör AB,556817-8114,,"Sutargränd 1, 194 67 Upplands Väsby"
AND Konsult AB,559062-1545,,"Grundläggarvägen 25, 168 33 Bromma"
Njuta Trädgård AB,556904-9520,,"Vretensborgsvägen 19, 126 30 Hägersten"
Nodare AB,559493-3078,,"Stavsjövägen 66, 125 41 Älvsjö"
Lina Adamo Foto AB,559098-4554,,"Nunnegränd 2, 621 55 Visby"
Molse Retail Architecture AB,559183-2463,,"Furusundsgatan 15, 115 37 Stockholm"
Johannes Norlander Arkitektur AB,556666-1145,,"Hallvägen 27, 121 62 Johanneshov"
Byn Arkitekter AB,559299-1003,,"Heimers Gata 48, 269 77 Torekov"
Studio Orto AB,559434-8574,,"Kindbovägen 12, 435 30 Mölnlycke"
David Wettergren Arkitektur AB,556940-2760,,"Fredrik Jahns Gränd 4 2tr, 131 36 Nacka"
Sedcon AB,559144-5076,,"Sabbatsvägen 11, 425 43 Hisings Kärra"
Ombyggnadsbyrån Aktiebolag,559098-1196,,"Fållnäsgatan 97, 122 48 Enskede"
Inreda Kvadrat i Sverige AB,559258-7892,,"Kumla-Ekeby 303, 692 93 Kumla"
CLEANLY i Nordvästra Skåne AB,559287-6295,,"Storaskärsvägen 7, 263 58 Strandbaden"
Leading Landscape AB,556825-0905,,"Lidängsvägen 12, 531 56 Lidköping"
Eksta invest and consulting AB,559372-8446,,"Prästbergsvägen 6, 132 48 Saltsjö-Boo"
Rak som en fura AB,559210-7212,,"Kylhusgatan 13, 121 62 Johanneshov"
Rar Arkitektur AB,556961-4463,,"Olympiavägen 86, 122 40 Enskede"
Sebastian Söder Bygg- & Projektledning AB,559278-9464,,"Sibyllegatan 47, 114 42 Stockholm"
Hedefors Snickeri AB,559028-4070,,"Snickarevägen 1, 443 61 Stenkullen"
Afrooz Invest AB,559073-4249,,"Styrmansgatan 19, 114 54 Stockholm"
Mathesa Fastighetsutveckling AB,559346-1741,,"Ljungbergsgatan 15, 302 35 Halmstad"
Gravity Visby AB,559400-5547,,"Österväg 1, 621 45 Visby"
AM Arkitektur & Projektering AB,559481-8220,,"Fillingen 35, 666 91 Bengtsfors"
Mattias Lindstedt AB,559228-3336,,"Magnebergsvägen 36, 121 33 Enskededalen"
Antona AB,556987-8936,,"Mariehillsvägen 16, 133 37 Saltsjöbaden"
Edhav Holding AB,559051-6265,,"Segelstaden 8, 443 43 Gråbo"
Room 2 Room AB,556591-7258,Telefon 0370-33 98 10,"Albygatan 136, 172 65 Sundbyberg"
Mork Work AB,556726-9682,Telefon 08-39 36 47,"Sandsborgsvägen 3, 122 33 Enskede"
Nadén Arkitektur AB,556945-7137,,"Föreningsgatan 2, 411 27 Göteborg"
LUNDMYR förvaltning AB,556960-2294,,"Norra Catalinagränd 37, 183 68 Täby"
ProMaxa Ekonomi i Stockholm AB,559129-1520,,"Gräsgatan 10, 118 60 Stockholm"
H-son Florberger AB,556428-5913,Telefon 031-13 31 40,"Iskällareliden 5 c, 416 55 Göteborg"
iBloom AB,559306-9189,,"Skördevägen 9, 246 33 Löddeköpinge"
Noga Interior AB,559464-5201,,"Kvarnskogsvägen 17, 192 51 Sollentuna"
Extend Arkitekter Helsingborg AB,559257-1383,,"Kvarnholmsgatan 4, 254 42 Helsingborg"
Eklund Heritage AB,559455-1417,,"Skeppsbron 44, 111 30 Stockholm"
Skelleftestyling AB,556999-4287,,"Klutmark 54, 931 97 Skellefteå"
MBR Halmstad AB,559195-2659,,"Bessemergatan 7 g, 811 33 Sandviken"
Tandera AB,559273-6747,,"Huggarvägen 33, 137 40 Västerhaninge"
sthell ingenjör/arkitektbyrå AB,556905-9610,Telefon 070-479 24 36,"Sjöbjörnsvägen 66 d, 117 67 Stockholm"
Folkbostaden Stockholm AB,559203-3269,,"Klarälvsvägen 40, 128 44 Bagarmossen"
Werme Projekt och Design AB,559414-7398,,"Villagatan 12, 262 37 Ängelholm"
Ekerå Byggkonsult AB,556227-1287,Telefon 0494-208 53,"Industriv. 10, 590 44 RIMFORSA"
Ruthellen Design AB,559135-0987,,"Postvägen 2 b, 471 32 Skärhamn"
"Place - architecture, cities and environments Scandinavia AB",559198-9461,,"Danderydsvägen 146, 182 36 Danderyd"
Aktiebolaget Mellan Ett & Noll,559329-4407,,"Lostigen 69, 139 40 Värmdö"
Johan Dehlin AB,559200-3742,,"Ljusstöparbacken 1, 117 65 Stockholm"
Lundgren Produktion AB,556420-9079,,"Södra Allén 23, 702 24 Örebro"
Figura Holding AB,556575-4644,,"Husargatan 19 d, 411 22 Göteborg"
HORN Landskapsarkitektur AB,556928-7138,,"Åsögatan 149, 116 32 Stockholm"
Era Landskap i Skåne Aktiebolag,556311-4288,Telefon 070-846 17 78,"S:T Pauli Kyrkogata 10 Lgh 1303, 211 49 Malmö"
storsand arkitektur AB,559358-9657,,"Atlasgatan 8, 802 86 Gävle"
Face the Cut AB,556889-5949,,"Östra Storgatan 23, 611 34 Nyköping"
Wildera AB,559018-6481,,"Kanonvägen 27, 796 92 Älvdalen"
Ajkr Studios AB,559215-4826,,"Gyllenborgsgatan 15, 112 43 Stockholm"
Alfons form & inredning AB,556925-3098,,"Bönhult 3, 519 96 Fotskäl"
Sami Kallio Studio AB,556803-1123,,"Cederbourgsgatan 6, 412 55 Göteborg"
Nydana AB,556676-1382,Telefon 021-14 40 95,"Kristiansborgsallén 12, 722 19 Västerås"
Växtlivet Sverige AB,556583-5724,Telefon 073-311 99 49,"Spikbornsvägen 7 a, 141 70 Segeltorp"
LAJC Design & Hantverk AB,559094-6595,,"Vedumsvägen 35, 524 91 Herrljunga"
Stil & Känsla Stockholm AB,559300-1703,,"Tre Kronors Väg 39 2tr, 131 31 Nacka"
Högadals Trädgårdar AB,559092-7066,,"Östgårdsliden 34, 435 37 Mölnlycke"
EM Arkitektur & inredning AB,559470-6573,,"Hovås Vassgång 32, 436 55 Hovås"
Frantz Bioklinik AB,556895-9620,,"Hjälmareds Allé 15, 441 95 Alingsås"
Alenius kontroll AB,559291-0805,,"Pålsbo 4, 518 90 Sandared"
Shaygan Arkitektkontor AB,556705-2054,,"Byvägen 32, 837 95 Undersåker"
The Nicety AB,559256-0048,,"Fyradalersgatan 31, 413 19 Göteborg"
Bodega Kitchen AB,559506-8569,,"Södermannagatan 64 a, 116 65 Stockholm"
Karl & Hildur Interiör AB,559031-3010,Telefon 0300-103 39,"Kyrkogatan 20 a, 434 30 Kungsbacka"
Bjäre Bygg Konsult Aktiebolag,556105-5384,Telefon 0431-720 40,"Strandgatan 4, 269 33 Båstad"
Karl-Johan Hjerling AB,556965-1002,,"Borgmästargatan 6 0tr, 116 29 Stockholm"
Steen & Stil AB,559200-2868,,"Torstävavägen 3, 373 51 Ramdala"
ARKIVIST Group AB,559240-2787,,"Kaplansbacken 5, 112 24 Stockholm"
ByggAnders i Siljansnäs AB,559458-8419,,"Skarpåkersvägen 16, 793 60 Siljansnäs"
Palett Inredare AB,556758-1425,Telefon 073-050 52 51,"Gröndalsgatan 15, 584 22 Linköping"
Fastighetskonsult ILKE AB,559373-2752,,"Bellmansgatan 54, 754 26 Uppsala"
Daniel Aslan Fastighetsförmedling AB,559397-0931,,"Tivolivägen 24 Lgh 1001, 126 31 Hägersten"
Rikke Kjelgaard Consulting AB,559077-9319,,"Norregatan 26, 233 34 Svedala"
Bard Branding AB,559170-7368,,"Miklagårdsvägen 6, 168 55 Bromma"
Daniel Terblanche Landskap och Interiör AB,559463-0278,,"Ekolnsvägen 8, 756 53 Uppsala"
Anders Nord Design AB,556980-6044,,"Katarina Bangata 79 3tr, 116 42 Stockholm"
Fernström Arkitekt & Designstudio AB,559326-1588,,"Valebergsvägen 36, 444 60 Stora Höga"
EcoStruct Innovations AB,559478-0826,,"Järnvågsgatan 3, 413 29 Göteborg"
Lisa Nordström Studio AB,556849-1954,,"Galeasgatan 23, 426 71 Västra Frölunda"
Reels Projekt AB,559288-0123,,"Karusellplan 12 b, 126 31 Hägersten"
Martin Strand Konsult AB,559449-5334,,"Malmvägen 4 b, 737 32 Fagersta"
agraf aktiebolag,556938-1402,,"Åkermansvägen 56, 621 58 Visby"
Wåhlin Arkitekter Aktiebolag,556491-1500,Telefon 08-442 99 50,"Bergstigen 10 a, 182 78 Stocksund"
NPEX AB,559499-4864,,"Storgatan 12 Lgh 1007, 753 31 Uppsala"
Nomi AB,556256-3212,Telefon 08-766 53 80,"Tallbacksvägen 6, 181 67 Lidingö"
KONTOR Theo Storesund AB,559230-9784,,"Östgötagatan 74, 116 64 Stockholm"
Sverker & Sverker AB,559473-4674,,"Gamla Gatan 15, 703 61 Örebro"
Stad av glas AB,556789-9850,,"Rättviksvägen 21, 167 75 Bromma"
Riddarlund & Co AB,559303-2146,,"Nytorgsgatan 23 a, 116 40 Stockholm"
Carl Malmsten Aktiebolag,556474-2178,,"Marcusplatsen 17, 131 54 Nacka"
crevia bygg & design AB,556806-7325,,"Växthusvägen 7, 395 97 Läckeby"
House of Eden Interiör AB,556866-6258,Telefon 070-373 10 57,"Storgatan 5, 524 30 Herrljunga"
bleck arkitekter AB,556650-9096,Telefon 08-736 03 10,"Brännkyrkagatan 98, 117 26 Stockholm"
Gisselberg Arkitekter AB,556767-7587,,"Skånegatan 101, 116 35 Stockholm"
JB To Serve AB,556815-3893,Telefon 070-660 76 76,"Sätravägen 25, 133 38 Saltsjöbaden"
Christel Knappe AB,559280-9254,,"Banckagatan 14, 263 61 Viken"
Intré Studios AB,559397-8983,,"Frans g Wibergs Väg 10, 291 40 Kristianstad"
MRKRL AB,559153-0653,,"Rosenviksvägen 7, 760 17 Blidö"
Jesper L konsult AB,559289-0346,,"Bonsavägen 29, 946 92 Lillpite"
Light Concept Sweden AB,556786-6347,,"Johanneslundsvägen 9, 194 61 Upplands Väsby"
Flärvall Glasentreprenadkonsult AB,559522-3149,Telefon 070-420 74 06,"Salagatan 19 Lgh 1001, 163 50 Spånga"
Stuck On Earth AB,559158-3157,Telefon 073-985 74 02,"Timmervägen 11, 167 55 Bromma"
Industrial Poetry AB,559019-0202,,"Margaretavägen 35, 122 32 Enskede"
CK Arkitekter i Saltsjöbaden AB,556487-0367,,"Saltsjöpromenaden 14, 133 35 Saltsjöbaden"
Too AB,556614-2344,Telefon 070-790 00 06,"Ringvägen 26, 598 35 Vimmerby"
Dagens Arkitekter Sverige AB,559233-9278,,"Solstigen 26 b, 192 65 Sollentuna"
Bostan Consulting AB,559262-5536,,"Constantiavägen 29, 181 31 Lidingö"
Arkitekt Eva Nyquist AB,559456-2174,,"Gråbrödersgatan 4, 211 21 Malmö"
Scala Selecta AB,559477-8572,,"Forskargränd 4 Lgh 1202, 174 61 Sundbyberg"
Byggkoncept BA AB,556751-6090,,"Idrottsgatan 7, 333 31 Smålandsstenar"
Lars Bourdette Konsult Aktiebolag,556498-0810,Telefon 042-19 96 00,"Drottninggatan 92, 252 21 Helsingborg"
Arkitektfirma Carl M AB,556591-3984,Telefon 08-612 60 20,"Gumshornsgatan 5 3tr, 114 60 Stockholm"
Trollmo Arkitekter Aktiebolag,556813-6617,,"Maria Prästgårdsgata 3, 118 52 Stockholm"
Morr AB,559274-0111,,"Penselvägen 17, 196 38 Kungsängen"
Gustavsberg Design House AB,559067-9840,,"Tyra Lundgrens Väg 4, 134 46 Gustavsberg"
Mikmos AB,556573-2673,,"Verkstadsgatan 9 5tr, 117 36 Stockholm"
Behandlingscentret Hud och Kroppsvård Stockholm AB,559049-7334,,"Nygatan 5, 972 32 Luleå"
Flor arkitektur AB,559142-7892,,"Renstiernas Gata 12 c, 116 28 Stockholm"
At Pinestreet AB,556706-3804,,"Furugatan 5, 434 31 Kungsbacka"
Kvart Interiör AB,556887-2229,,"Kungsladugårdsgatan 14, 414 70 Göteborg"
Alton Paulsson Hedman Arkitekter AB,559116-8124,,"Kocksgatan 25, 116 24 Stockholm"
Lilje arkitektur AB,559297-8588,,"Färgaryd Lövdala, 314 91 Hyltebruk"
DORS Concept AB,559493-3730,,"Sofiagatan 48 a, 416 72 Göteborg"
Joanna Avento AB,559348-7688,,"Stortorp 221, 705 95 Örebro"
Mima arkitekter AB,556594-1241,Telefon 040-92 38 24,"Norra Neptunigatan 23, 211 18 Malmö"
VISUALME AB,559199-7456,Telefon 070-832 44 33,"Bergkullevägen 10, 741 44 Knivsta"
Mordecai AB,556998-7364,,"Ruddammsbacken 28 Lgh 1117, 114 21 Stockholm"
Vintagekarusellen AB,559290-9807,,"Hornsgatan 150 a, 117 28 Stockholm"
Majah Huynh AB,559068-4188,,"Swedenborgsgatan 3 0tr, 118 48 Stockholm"
Caroline Sandström AB,559115-5717,,"Brötvägen 47, 167 66 Bromma"
Penny to Pound Aktiebolag,559181-0238,,"Sturevägen 16 a, 182 73 Stocksund"
Pelargonien AB,556738-4903,Telefon 073-242 86 16,"Ånstagatan 17 b, 702 32 Örebro"
Elin Hedman Interior design AB,559489-9477,,"Vistabergs Allé 33, 141 68 Huddinge"
Teklan Studio AB,559513-0591,,"Karlskronavägen 37, 121 52 Johanneshov"
Ann Magnusson AB,556872-8454,,"Bohusgatan 23 1 Tr, 116 67 Stockholm"
Stilvision AB,556566-5949,,"Hjältes Väg 28, 524 41 Ljung"
Wobedo Design AB,556782-0393,Telefon 070-968 56 55,"Flädervägen 9, 261 72 Häljarp"
Spaces By Sanna AB,559464-5144,,"Högbergsgatan 68 b, 118 54 Stockholm"
Painted by Angelica AB,559248-9750,,"Mossvägen 56 2tr, 153 37 Järna"
Spjut & Rogander Plan och Arkitektur AB,559395-2152,,"Verkmästargatan 30 b, 852 44 Sundsvall"
Kulturhus i Göteborg AB,556601-6779,,"Östra Hamngatan 46, 411 09 Göteborg"
Mathilda Brusewitz AB,559476-6106,,"Stockholmsvägen 15 Lgh 1101, 122 62 Enskede"
Gårdsstyling i Sverige AB,559223-8652,,"Pungsunds Gård 1, 646 96 Stjärnhov"
Tjärnhage Bygg & Snickerier AB,559450-6353,,"Västbyn 116, 832 96 Frösön"
Fridhem i Örebro AB,556646-8905,,"Borgmästargatan 31, 702 25 Örebro"
Robin Grann AB,559162-9976,,"Vulcanusgatan 1, 113 21 Stockholm"
Lotti Blomstedt Arkitektkontor AB,559178-8616,,"Riddersviksvägen 113, 165 72 Hässelby"
Loft och Lada AB,559392-3526,,"Linnégatan 3, 753 32 Uppsala"
CHA SPATIAL STUDIO AB,559100-0517,,"Estvägen 10, 133 37 Saltsjöbaden"
DB Arkitektur och process AB,559498-8205,,"Tellusborgsvägen 92, 126 28 Hägersten"
James Studio AB,556641-9783,Telefon 070-950 05 98,"Follingbogatan 16 a, 168 60 Bromma"
NC Stockholm Konsult AB,556875-3817,Telefon 073-622 04 70,"Sågverksgatan 86, 122 41 Enskede"
Stjärna komfort AB,559208-9691,,"Erik Sandbergs Gata 25 b, 169 34 Solna"
Vitja Aktiebolag,559356-8834,,"Metspövägen 3, 185 51 Vaxholm"
Svarte Arkitektur AB,559299-5186,,"Romangatan 20, 271 92 Ystad"
Marwig Interior & Design AB,559325-0805,,"Kungsgatan 70 e, 753 41 Uppsala"
Theory Into Practice AB,559058-8983,,"Götgatan 71, 116 21 Stockholm"
HALLBERG HOMESTYLING & EVENT AB,559089-9513,,"Kullevägen 9, 972 51 Luleå"
Träd & Landskap i Norrköping AB,556653-4813,Telefon 011-12 48 80,"Smedjegatan 38 a Bv, 602 19 Norrköping"
Neuhauser Arkitektur AB,556677-9152,Telefon 046-18 82 21,"Kanikgatan 5 c, 222 30 Lund"
Klintkusten AB,559376-2304,,"Stenkyrka Niome 216, 624 42 Tingstäde"
Home & Stories Atelier AB,559247-9900,,"Tulegatan 30, 113 52 Stockholm"
Creativ Stil-Bergh & Company Aktiebolag,556615-0982,,"Södra Promenaden 51, 211 38 Malmö"
Margen Wigow Arkitektkontor AB,556629-0796,,"Hedinsgatan 11, 115 33 Stockholm"
Xsense Design AB,556674-9171,,"Finborgsvägen 16, 135 68 Tyresö"
Planbyrån Gotland AB,559326-2644,,"Eugeniagatan 9, 621 46 Visby"
Karla Digital AB,559500-3087,,"Valsjön 18, 504 92 Hedared"
Bondegårdens Design AB,556053-2508,Telefon 033-12 73 55,"Stålebovägen 48, 433 76 Jonsered"
Fredrik Reinius Consulting AB,559404-7440,,"Kedjevägen 47, 126 41 Hägersten"
Mases Consulting AB,559205-5551,,"Förrådsvägen 1, 137 36 Västerhaninge"
Susanna Alexius konsult AB,559165-3547,,"Tingvallavägen 17, 186 50 Vallentuna"
Atelier Otium AB,559338-3291,,"Vallarevägen 41, 183 51 Täby"
PRDSO AB,559372-6283,,"Heleneborgsgatan 4 a, 117 32 Stockholm"
Inredningsteknik i Umeå Aktiebolag,556377-1384,Telefon 090-226 66,"Kravattvägen 4, 904 40 Röbäck"
Lykkans Designträdgårdar AB,559181-6128,,"Doppingvägen 6 a, 227 35 Lund"
Maria Kingsley Design AB,559258-6308,,"Dagagatan 15, 646 32 Gnesta"
GMTP Consulting AB,559263-8927,,"Klockargårdsvägen 2 a, 182 36 Danderyd"
Tornugglan projektledning AB,559373-1853,,"Plantskolevägen 73, 122 38 Enskede"
Illumiqit AB,559206-9875,,"Sjötorpavägen 14, 352 71 Växjö"
Blou Design Group AB,556884-7775,,"Stora Säby Gård, 184 42 Åkersberga"
albin arkitektur AB,559159-5797,,"Storvägen 38, 922 94 Tvärålund"
Nom Arkitekter AB,556785-9581,Telefon 08-522 573 00,"Vikingagatan 9, 113 42 Stockholm"
Aram Invest AB,559087-2643,,"Gamla Södertäljevägen 206 c, 141 70 Segeltorp"
Ekheim styling & inredning AB,559307-4254,,"Riksgränsvägen 6, 437 41 Lindome"
Trafego AB,556846-2468,,"Skogsstigen 32, 131 42 Nacka"
Ossian Tove AB,556995-9116,,"Fafnervägen 64, 182 66 Djursholm"
Arkitekt Marlen Bieri AB,559245-7237,,"c/o Marlen Bieri, Falkstigen 4, 181 56 Lidingö"
Ctrl Shift Projektledning i Täby AB,559209-8957,,"Yxgränd 3, 187 53 Täby"
Rovira Torres Arkitektkontor AB,559461-6426,,"Höstgatan 31, 126 37 Hägersten"
Cogma AB,556900-8088,,"Husaby Strand 25, 614 90 Söderköping"
Bo Inre Ordning AB,559404-2276,,"Envägen 37, 194 39 Upplands Väsby"
EWI Styling AB,559268-5290,Telefon 073-909 97 88,"Mellanbergsvägen 29, 135 45 Tyresö"
MINDcreative AB,556956-0104,,"Karlaplan 10, 115 20 Stockholm"
Design Lodge Sweden AB,559342-2370,,Malung
Count Redovisning i Växjö AB,559345-2781,,"Högövägen 41, 352 58 Växjö"
Stockholm Fix Pro Solutions AB,559418-4508,,"Bredkilsbacken 10, 171 53 Solna"
PRGSUS Fastigheter AB,559421-3497,,"Rubanksgatan 4, 741 71 Knivsta"
Körberg Turhagen arkitektur AB,559494-5205,,"Kyrklägdan 8, 837 71 Duved"
Sövröds Hage AB,559499-3627,,"Sövrödsvägen 5, 243 94 Höör"
Olabolaget AB,556825-9658,,"Kungsladugårdsgatan 101, 414 76 Göteborg"
Lisa Hällfors Form AB,559130-5965,,"Lärkstigen 5, 163 47 Spånga"
Studio Streck AB,556913-9230,,"Ensmärkesvägen 21, 423 39 Torslanda"
LinArch Östergötland AB,559512-3885,,"Hertig Karlsgatan 2, 582 21 Linköping"
Zidén Arkitektur AB,556800-1720,Telefon 070-510 47 57,"Drottninggatan 7, 753 10 Uppsala"
Kreativa Karin AB,559144-5605,,"Gamla Björlandavägen 34 a, 417 20 Göteborg"
Swanify AB,559427-2451,,"Movägen 30 c, 785 62 Djurmo"
Andreas Lundberg Invest AB,559149-1443,,"Olivedalsgatan 16, 413 10 Göteborg"
Anna Lindahl Arkitektur AB,559202-4565,,"Staglabergsgatan 10, 352 34 Växjö"
Electric Dreams AB,559422-8446,,"Renstiernas Gata 14, 116 28 Stockholm"
Törnquist & Törnquist AB,556669-1076,Telefon 070-685 67 12,"Frans Löfströms Väg 21, 272 94 Simrishamn"
CO J Byggnads & Inredningskonsult i Tönsäng AB,559281-9832,,"Tönsäng 105, 474 92 Ellös"
REIM Real Estate Interim Management Sweden AB,556949-1649,,"Granhemsvägen 7, 152 41 Södertälje"
Stylebyomid AB,559467-8558,,"Folkungagatan 55, 116 22 Stockholm"
Urban Planning Stockholm AB,559359-7049,,"Beckomberga Skogsväg 4, 168 63 Bromma"
Milton Dev AB,556955-4420,,"Västergarn Sjöviken 13, 622 30 Gotlands Tofta"
Liljethörn Arkitektkontor AB,559185-2891,,"Kruskålsvägen 4 c Uv, 582 76 Linköping"
Norton Arkitekter AB,559339-2755,,"Tulevägen 1, 791 43 Falun"
Myrefjord & Partner AB,556982-0268,,"Tulegatan 16, 172 78 Sundbyberg"
UNIT Arkitektur AB,556094-7615,,"Amneviksvägen 24, 430 84 Styrsö"
SCHA arkitekter AB,559055-8531,,"Kammakargatan 14, 111 40 Stockholm"
Ahome Stockholm Group AB,559174-7828,,"Tappvägen 24, 187 64 Täby"
ABICO Management AB,559495-6046,,"Egnahemsvägen 7, 413 21 Göteborg"
Studio Caro Lundin AB,559258-8841,,"Stora Nygatan 5, 111 27 Stockholm"
JPOman AB,559187-3491,,"Slingan 7, 941 46 Piteå"
Hiahia arkitekter AB,559135-0318,,"Kolsyregatan 26, 216 48 Limhamn"
IE.Jonsvens AB,559408-1399,,"Överbergevägen 49, 824 40 Hudiksvall"
Andree Lundmark Fastighetsförmedling AB,559398-3843,,"Karlbergsvägen 22, 113 27 Stockholm"
JC Home AB,559327-8004,,"Mårdstigen 6, 771 41 Ludvika"
Tilt Konsult AB,559346-3457,,"Kransbindarvägen 84, 126 36 Hägersten"
Wid Ark Des AB,559381-7512,,"Hästhagsgatan 17, 172 75 Sundbyberg"
Wilkenson & Co AB,556851-2437,Telefon 070-861 98 46,"Svedmyrastigen 13, 122 48 Enskede"
Tidlös Design Kalix AB,559514-0558,,"Köpmannagatan 8, 952 34 Kalix"
Jorum Arkitekter AB,559450-4242,,"Västerlånggatan 24 1 Tr, 111 29 Stockholm"
Wenlia AB,559083-7828,,"Siggadalsvägen 64, 434 99 Kungsbacka"
New Generation Gardens AB,559279-4019,,"Finska Gatan 33, 122 37 Enskede"
Davarzan Fastighetsförmedling AB,559396-7432,,"Kung Agnes Väg 24, 191 48 Sollentuna"
Zold Sthlm AB,559148-2756,,"Lillvägen 32, 138 34 Älta"
Interiörskolan Sverige AB,559300-5761,,"Vinga Fyrs Väg 14, 423 41 Torslanda"
Almval Invest AB,559034-1789,,"Långövägen 15, 652 29 Karlstad"
studio04 AB,559361-1121,,"Svanströmsgatan 10, 343 71 Diö"
MinnyMind Arkitekter AB,559221-9611,,"Skalldalsvägen 2 c, 436 52 Hovås"
Simmons Ljusstudio AB,559388-2102,,"Stampgatan 8, 411 03 Göteborg"
MBos Arts AB,556912-8753,,"Kolmårdsvägen 9, 181 67 Lidingö"
Nina Kummelstedt Architects AB,559530-6712,,"Styrmansgatan 10, 114 54 Stockholm"
Casa Arkitektfirma AB,559284-9151,,"Gotlandsgatan 1, 252 76 Helsingborg"
Pertiv AB,559506-1689,,"Överstegatan 3, 976 31 Luleå"
Markus Ravegård Arkitektur AB,556985-0430,,"Hasselagränd 11, 162 62 Vällingby"
Handyman Lehn AB,556998-7299,Telefon 070-639 25 00,"Stortorget 3, 831 30 Östersund"
Sack Silvasti Arkitekter AB,559062-6759,,"Östermalmsgatan 31, 114 26 Stockholm"
Studio Holmberg Cespedes Aktiebolag,559415-8999,,"Stenkolsgatan 1 a, 417 07 Göteborg"
Stringdahl Design AB,559045-1166,,"Strandåkervägen 10, 311 79 Falkenberg"
Dekorum AB,559202-2742,Telefon 070-204 87 08,"Norra Mosvägen 6, 692 71 Kumla"
Caroline Trolle arkitektkontor AB,559131-9438,,"Rasbo Prästgård 107, 741 78 Uppsala"
Lindell Inredning och Bostad AB,559291-9152,,"Lillbackavägen 1 b, 702 42 Örebro"
B Norman Arkitektkontor AB,556651-5168,Telefon 016-35 42 56,"Källviksvägen 1, 635 31 Kvicksund"
Christina Levenborn Production AB,559515-9913,,"Norra Parkvägen 23, 231 79 Smygehamn"
Nordenberg Bostadsutveckling AB,559336-8110,,"Gränsvägen 1, 183 56 Täby"
Lindht Consult AB,559136-1265,,"Skarpängsvägen 1 d, 184 94 Åkersberga"
ZAGA Living AB,559158-0914,,"Vinlandsgatan 29, 417 27 Göteborg"
Detalj Arkitekter och Ingenjörer AB,559016-6608,,"Byälvsvägen 139 Lgh 1002, 128 47 Bagarmossen"
Bonny Development AB,559298-7522,,"Södra Breviksvägen 14, 421 67 Västra Frölunda"
NICK ROSS AB,559379-0461,,"Skridskovägen 9 d Lgh 1002, 129 49 Hägersten"
Gabriella Lenke AB,559231-7506,,"Havregatan 7, 118 59 Stockholm"
Marlene Persson Arkitektkontor AB,559135-9004,,"Dalagatan 45, 113 23 Stockholm"
Bohag Svärtinge Udda AB,556986-0728,,"Svärtinge Udde 47, 605 99 Norrköping"
ATEMIS AB,559075-6903,,"Solkurvan 4, 226 51 Lund"
Martin Zetherström Arkitektkontor AB,559045-7437,,"Bastugatan 12 b, 118 20 Stockholm"
Stina Stjärnström Stockholm AB,559045-4186,Telefon 070-885 02 21,Stockholm
Sjöö Wiberg Interiör & Design AB,556901-6206,Telefon 070-882 87 87,"Bergfotsvägen 25, 305 91 Halmstad"
Marcus Axelsson arkitekter AB,559267-4310,,"Blekingegatan 24, 118 56 Stockholm"
Klingståhl Consulting Aktiebolag,559077-6869,,"Skolvägen 34, 475 31 Öckerö"
Ateljé A AB,559492-0505,,"Thottsgatan 16 b, 211 48 Malmö"
Mührer Folkar arkitekter AB,556841-7603,,"Sven Rinmans Gata 6, 112 37 Stockholm"
Sekt design AB,559070-1206,,"Skvadronsgatan 12, 217 52 Malmö"
John Astbury AB,559448-7869,,"Ljusstöparbacken 1, 117 65 Stockholm"
S-XL Architects AB,556793-0135,,"Heliosgatan 13 3 Tr, 120 78 Stockholm"
INTERIOR NATION AB,559139-2534,,"Bondegatan 74 b, 116 33 Stockholm"
Design + Development i Göteborg AB,556897-1138,Telefon 070-832 38 04,"Blekebackeliden 9, 430 82 Donsö"
LSSET AB,559404-0478,,"Banérgatan 27 2 Trappor, 115 22 Stockholm"
UrbanWorks Sthlm AB,559212-9661,,"Hornsgatan 166, 117 28 Stockholm"
Fox & Vince AB,559315-6838,,"Slakthusplan 3, 121 62 Johanneshov"
Gx2 Scandinavia Aktiebolag,556825-6308,,"Ellaparksvägen 7 a, 187 32 Täby"
Raxling AB,559016-0585,,"Kardinalvägen 13, 184 92 Åkersberga"
QMINDS AB,559193-3980,Telefon 070-926 28 82,"Blomodlarvägen 15 b, 165 70 Hässelby"
Friländer Arkitektur AB,559274-6456,,"Ängelholmsvägen 1, 269 31 Båstad"
Love Arbén Arkitektkontor Aktiebolag,556266-8037,,"Bolinders Plan 2 b, 112 24 Stockholm"
Dahlkild Design AB,556752-0860,,"Ytterbyvägen 28, 185 94 Vaxholm"
Area Arkitektur AB,559196-2971,,"Kungsgatan 66 1 Tr, 632 21 Eskilstuna"
20m2skor Aktiebolag,556865-7216,Telefon 070-440 19 40,"Stadsängsgatan 55, 193 37 Sigtuna"
Designat Ljus Europa AB,556900-0663,,"Varvsgatan 41 Plan 5, 972 32 Luleå"
Studio Vinterhav AB,559083-1730,,"Jungfrudansen 42, 171 56 Solna"
Canwell AB,556801-8815,,"Valhallavägen 102, 114 41 Stockholm"
Lionhouse AB,559236-5869,,"Fannagatan 22, 749 41 Enköping"
Mist Studio AB,559267-2850,,"Bråvallagatan 3, 113 36 Stockholm"
Tove Hultberg Interior Design AB,559145-5935,,"Bondegatan 81, 116 34 Stockholm"
Astea AB,559409-2230,,"Kedjevägen 47, 126 41 Hägersten"
"Barkk - byggnadskonst, arkitektur och konst AB",556458-1071,Telefon 08-23 10 40,"John Ericssonsgatan 14, 112 22 Stockholm"
Åsa Dyberg AB,556615-8670,Telefon 070-399 66 86,"Industrigatan 4 a, 212 14 Malmö"
3P arkitektur AB,556926-4624,,"Bärnstensgatan 18, 723 51 Västerås"
ARCHITECTA arkitektkontor AB,559280-9171,,"Söderportsgatan 7, 392 33 Kalmar"
Grs Arkitektur AB,559250-0226,,"Stora Varvsgatan 17 b Lgh 1503, 211 75 Malmö"
Fia Tegnér AB,559140-3448,,"Båtsmansvägen 69, 239 31 Skanör"
Lidingö Inredningsdesign och Snickeri AB,559258-0244,,"Sporrvägen 25, 181 41 Lidingö"
Nordvalen AB,559265-9261,,"Blåbärsvägen 35, 903 39 Umeå"
Ett vackert kök i Nacka AB,559023-1436,,"Järnvägsgatan 32, 131 54 Nacka"
Sheild & Sheild AB,559121-6493,,"Understensvägen 35, 121 53 Johanneshov"
Moonstone Communications AB,556811-5512,,"Torfredsplatsen 7, 169 75 Solna"
Flitiga Lisa Inredning & Textil AB,559099-7630,,"Domkraftsvägen 1, 197 40 Bro"
Karoline Löfstedt Stadsliv AB,559407-5417,,"Hägerstensvägen 114, 126 49 Hägersten"
Byggidé Väst AB,559441-2156,,"Krukehemmet 2, 514 50 Limmared"
Chahrour Huhtilainen Arkitektur & Design AB,556819-4814,Telefon 042-13 18 00,"Nedre Långvinkelsgatan 36, 252 34 Helsingborg"
Johntech Lidköping AB,556408-3037,,"Nya Stadens Torg 12, 531 50 Lidköping"
Design by Cilla AB,559271-5923,,"Bergsbovägen 4, 191 35 Sollentuna"
Enkvadratmeter AB,559427-6320,,"Rönnbärsgränden 21, 224 56 Lund"
Anemon Arkitekter AB,556531-2252,Telefon 070-747 52 51,"Drakenbergsgatan 57 Bv, 117 41 Stockholm"
Brandgul Design Studio AB,556664-4687,,"Klostergatan 1 g, 222 22 Lund"
Norra Flygeln Arkitekter AB,556702-8294,,"Ringögatan 2, 417 07 Göteborg"
Agoia Strategisk AB,556895-9232,,"Reimersholmsgatan 75, 117 40 Stockholm"
HAPPYCHEAP Sverige AB,559147-0736,,"Kattnäsvägen 12, 125 41 Älvsjö"
Lindvall Coaching and Consulting AB,559048-8283,,"Torsgatan 46 a, 113 62 Stockholm"
Botiq AB,559175-2547,,"Gamla Fågelviksvägen 31, 134 64 Ingarö"
15 Brand Consultant AB,559399-6951,,Stockholm
Studio Periferi AB,559398-1813,,"Amalia Jönssons Gata 5, 421 31 Västra Frölunda"
Madeleine Siggelow Consulting AB,559508-1398,,"Lövbacken 8 g, 187 33 Täby"
Home of Styling Båstad AB,559180-7408,,"Blåbärsslingan 17, 269 44 Båstad"
Signe Real Estate AB,559352-4126,,"Liljeholmstorget 16, 117 61 Stockholm"
Susanne Josephson AB,556324-1867,Telefon 08-611 76 22,"Engelbrektsgatan 43 b, 114 32 Stockholm"
Anna Hildingsson Properties AB,559205-0438,,"Själagårdsgatan 8 a, 111 31 Stockholm"
KEMSI Consulting & Holding AB,559106-0933,,"Ekorrvägen 12 b, 139 36 Värmdö"
Regnström Arkitektur AB,559490-2651,,"Svandammsvägen 41 Lgh 1304, 126 35 Hägersten"
Studio Denton AB,559134-2224,,"Folkungagatan 69, 116 22 Stockholm"
Arkitekturteknik i Västerås AB,559116-6276,,"Midvintergatan 1, 726 31 Skultuna"
Sense Interior AB,559268-9375,,"Kammakargatan 6 b, 111 40 Stockholm"
Jadbro Hörnblad Interiör AB,559439-2267,,"Idas Väg 7, 443 61 Stenkullen"
Posse arkitektur och projektering AB,559220-7707,,"Skyttegårdsvägen 11, 511 72 Fritsla"
evapersonne AB,559326-1406,,"Handelsvägen 18, 182 56 Danderyd"
CNI Måleri AB,556772-5378,,"Kålkullavägen 55, 443 91 Lerum"
Aedificon AB,559157-8587,,"Valentin Sabbats Gata 5, 113 61 Stockholm"
Sandin Brandt AB,556689-0819,,"Utmarksvägen 91, 225 92 Lund"
Skynket AB,556909-6380,,"Klostergatan 39 a, 553 35 Jönköping"
Stromboli AB,559103-6214,,"Fastingsgatan 114, 129 43 Hägersten"
Ryark Arkitektkontor AB,559039-5553,,"Tyska Bryggaregården, 371 70 Karlskrona"
Jeanette Guttenberg AB,559140-0865,,"Hökhult Hökenäs, 343 93 Älmhult"
Runmarks Arkitektprojektering AB,556818-7420,Telefon 070-467 26 68,"Stationsgatan 5, 392 32 Kalmar"
Parallelle AB,559305-3928,,"Banérgatan 13, 115 22 Stockholm"
MinCo AB,559481-7024,,"Jungfrugatan 28, 114 44 Stockholm"
ArcPartner Arkitektur och projektering AB,559523-6943,,"Fordonsgatan 3, 692 71 Kumla"
Tailor Made arkitekter AB,556810-2908,Telefon 031-755 66 47,"Vallareleden 4, 415 71 Göteborg"
Orrberg Arkitektur AB,559472-0798,,"Värngatan 2, 272 94 Simrishamn"
Our Group AB,559148-4554,,"Norra Bulltoftavägen 45 b, 212 43 Malmö"
Forma Landskap Sverige AB,556662-7450,Telefon 018-50 69 96,"Bräcksta Kumlan 79, 743 93 Vattholma"
Kreativa Kvadrat AB,556924-0996,,"Tändsticksgränd 36, 553 15 Jönköping"
David Gierow Arkitekt AB,559197-8381,,"Fyrskeppsvägen 50, 121 54 Johanneshov"
AT-Studio AB,559299-3512,,"Vasaloppsvägen 74, 129 45 Hägersten"
Keniwo AB,556216-0951,Telefon 070-337 14 01,"Munkerödsvägen 27, 444 32 Stenungsund"
Casa Bella AB,559332-7686,,"Hamngatan 17 a, 172 66 Sundbyberg"
Mumlan Med Mera AB,556704-1453,Telefon 08-661 01 50,"Dannemansvägen 3, 181 41 Lidingö"
ADVIGA AB,559362-8216,,"Fluxerum 2, 577 99 Pauliström"
Nilssons garderob AB,559374-6323,,"Tranebergsgatan 8, 432 43 Varberg"
Mikael Bergquist Arkitektkontor AB,556604-1116,Telefon 08-765 72 35,"Valhallavägen 15 c, 133 38 Saltsjöbaden"
W Flooring AB,559200-1019,,"Viktor Rydbergsgatan 20, 412 56 Göteborg"
Foster + Partners Sweden AB,556853-1254,,"Nybrogatan 39, 114 39 Stockholm"
ADH2 AB,559407-1085,,"Byvägen 70, 837 95 Undersåker"
SKAPA Arkitekter Aktiebolag,556255-4351,Telefon 070-618 28 95,"Månstigen 18, 236 42 Höllviken"
Jakob Wiklander arkitektur AB,559345-0207,,"Hallandsgatan 32, 118 57 Stockholm"
Mikael Dunge Arkitektkontor Aktiebolag,556214-0482,Telefon 076-632 87 50,"Gluntens Gränd 1, 753 13 Uppsala"
Studio Tillberg AB,556960-3003,,"Torskvägen 8, 432 74 Träslövsläge"
iProjekt Väst AB,559107-9784,,"Bökersgatan 7, 412 73 Göteborg"
BERGLUND KARLSSON AB,556934-2651,,"Korvettvägen 10, 865 51 Ankarsvik"
Patrick Medén Rör AB,556958-6430,,"Lings Väg 20, 754 27 Uppsala"
Intona concept AB,559270-5585,,"Karlagatan 30, 416 61 Göteborg"
RUNE & RUNE PRODUCTION BUREAU AB,556724-3927,,"Myrvägen 6, 181 42 Lidingö"
JohanssonOson AB,559118-3586,,"Hellstedtsgatan 2 d, 633 50 Eskilstuna"
Askhagen Arkitektkontor AB,556606-4654,Telefon 08-21 98 80,"Trädgårdsgatan 3, 111 31 Stockholm"
Filippo Massaro Arkitektstudio AB,559124-4057,,"Grönbrinksgatan 8 Lgh 1501, 117 59 Stockholm"
Holtz Produktion AB,556696-4952,Telefon 070-744 40 65,"Eknäsvägen 32, 132 44 Saltsjö-Boo"
Vintage World Sverige AB,556993-5140,,"Skänkelvägen 27 b, 134 43 Gustavsberg"
Medvind Concept AB,559432-7404,,"Karlavägen 57, 114 49 Stockholm"
Nilsson & Bryntesson Homestaging AB,559236-2569,,"Södra Forsåkersgatan 97, 431 63 Mölndal"
Hagström EL LJUS FOTO AB,559291-7842,,"Torggatan 8 e, 149 40 Nynäshamn"
Designstudio Berg Plus Aktiebolag,559401-8078,,"Krokusvägen 21, 269 38 Båstad"
MGL Studios AB,559152-6305,,"Förvaltarvägen 8, 123 54 Farsta"
STAFFAN GEZELIUS ARKITEKTER AB,559267-5697,,"Blekingegatan 24, 118 56 Stockholm"
R Eklund Entreprenad AB,556842-4211,,"Herr Stens Väg 50, 125 30 Älvsjö"
heliark AB,559225-4899,,"Chapmansgatan 6, 112 36 Stockholm"
sandell collection AB,556974-9434,,"Tulegatan 37, 113 53 Stockholm"
Westin Medical AB,559263-3233,,"Grevgatan 7, 114 53 Stockholm"
MHL arkitektur AB,559359-0127,,"Atlasgatan 8, 802 86 Gävle"
Size Arkitekter AB,556969-8995,,"Roslinvägen 31, 168 51 Bromma"
Flower By C AB,559258-0913,,"Nyponvägen 30, 434 91 Kungsbacka"
Lost Art Architecture AB,556883-0078,,"Klockargårdsvägen 8, 135 68 Tyresö"
Solliden Energi AB,559233-5045,,"P o Hallmans Gata 13, 112 69 Stockholm"
Nima interiör AB,559354-7846,,"Ladugårdsgatan 2, 562 42 Taberg"
Arkitekt Branko AB,559389-3679,,"Betgatan 50, 754 49 Uppsala"
Ateljé Johan Ferner Ström AB,559436-0538,,"Skatuddsvägen 104, 764 56 Grisslehamn"
Swedish Interior Group AB,556577-0764,Telefon 031-711 40 80,"Tredje Långgatan 9, 413 03 Göteborg"
Bon Arkitekt Trädgård AB,556788-9976,,"Solbackavägen 9, 179 96 Svartsjö"
ZIXA Arkitekter AB,559047-3178,,"Östersättra 8, 153 96 Mölnbo"
Wikingskiold Properties AB,559431-1184,,"Grimvägen 4, 182 68 Djursholm"
vk:21 konsult AB,559480-3552,,"Västra Kanalgatan 21, 151 71 Södertälje"
Arkitektbyrån Idé Göteborg AB,556636-1118,,"Östra Hamngatan 46, 411 09 Göteborg"
Anders Borres Arkitektkontor AB,556903-0330,Telefon 070-899 64 63,"Bergsmarksvägen 10, 112 66 Stockholm"
Terraform landskap AB,559380-3439,,"Södra Vallgatan 19 a, 392 31 Kalmar"
Secretary AB,559120-4085,,"Harpsundsvägen 76, 124 58 Bandhagen"
Anna Truelsen AB,559377-3566,,"Elinegärde Björkliden, 519 90 Horred"
Om Form Arkitekter AB,559364-9279,,"Floravägen 3, 131 41 Nacka"
Sehlbergs Oljor AB,556596-9333,,"Frejgatan 11, 961 33 Boden"
Oppicon AB,559215-8744,,"Rabygatan 44, 216 13 Limhamn"
Munck Inredningsarkitekter Aktiebolag,556398-7006,Telefon 08-534 202 97,"Kungsholms Strand 157, 112 48 Stockholm"
Bureau Buckhöj AB,559192-7578,,"Efraimsbergsvägen 9, 187 75 Täby"
Wikström Arkitektur AB,559381-8874,,"Burs Gård 13, 423 37 Torslanda"
DT Renoveringsservice AB,559324-7702,,"Värmaregatan 26, 603 62 Norrköping"
K. Entreprenad Sverige AB,559149-0460,,"Gnejsvägen 11, 725 94 Västerås"
Stefan Andersson arkitektkontor AB,559467-9408,,"Vittskövlegatan 20, 216 19 Malmö"
Klarum Arkitektur AB,559122-3473,,"Stora Gatan 34, 193 35 Sigtuna"
Arkline Hillinge AB,559357-5631,,"Gamla Särövägen 68 b, 436 42 Askim"
Archmoon AB,559470-2192,,"Kopparbergsvägen 37 a Lgh 1803, 722 14 Västerås"
DA.FO Creative AB,559328-8029,,"Fårhusvägen 2, 586 66 Linköping"
Diente de Leon AB,559110-2339,,"Fyrverkarbacken 21, 112 60 Stockholm"
JKMI STUDIO AB,559287-4647,,"Mästarbacken 29, 129 40 Hägersten"
arQur AB,559075-1177,,"Gäddvägen 6, 647 92 Mariefred"
Pärlestoft Productions AB,559283-1365,,"Gistviksvägen 58, 184 63 Åkersberga"
Wida Design AB,559060-8088,,"Bergsgatan 16, 152 41 Södertälje"
ADEMA Bygg AB,559120-1354,,"Hedevägen 14, 513 32 Fristad"
yo:in AB,559137-3419,,"Spektrumsgatan 28, 421 63 Västra Frölunda"
The Y AB,559305-2540,,"Björklundabacken 1, 436 57 Hovås"
Web MS AB,556838-6279,,"Trädgårdsvägen 11 a, 181 62 Lidingö"
Bygglovsproffsen Sverige AB,559215-2341,Telefon 010-207 88 07,"S:T Olofsgatan 10, 753 10 Uppsala"
Sparsmakat AB,559028-4401,,"Hasselgatan 5, 521 30 Falköping"
Ulrika Garat AB,559060-3238,,"Eriksbergsgatan 22, 114 30 Stockholm"
Vide arkitektur AB,559358-4286,,"Kungsgatan 36 h, 713 31 Nora"
Lemon Post AB,559321-5725,,"Rämensvägen 29 c, 120 55 Årsta"
IHOP. Stockholm AB,559465-5721,,"Nybodaringen 105, 117 62 Stockholm"
Se mark AB,556970-4298,,"Lummelunda Bruket 515, 621 71 Visby"
Arcotify Bostadslyftet AB,559159-7058,,"Varlabergsvägen 17, 434 39 Kungsbacka"
IKKIGAI GROUP AB,559210-8921,,"Spinnrocksvägen 14, 168 75 Bromma"
Haninge Bygg och Renovering AB,559038-9937,,"Härsbackavägen 47, 184 63 Åkersberga"
Karin Sundberg Arkitektur AB,559177-2099,,"Regementsgatan 56 a Lgh 1601, 217 48 Malmö"
MW Fast Design AB,559096-3301,,"Loftstigen 4, 181 46 Lidingö"
Infinitude Consulting AB,559104-5454,,"Runsavägen 11, 168 54 Bromma"
Heed Installation AB,559167-5680,,"Kålltorpsgatan 4 f, 416 52 Göteborg"
Magnoli AB,556768-5903,Telefon 08-510 047 47,"Stallvägen 20, 135 43 Tyresö"
Förnuftig Arkitektur BAL AB,559138-8359,,"Wennerbergsgatan 6 b Lgh 1311, 112 58 Stockholm"
Samgab AB,559239-9306,,"Släthult 303, 579 90 Berga"
DESIGN BYARKTEK AB,559497-4411,,"Färjvägen 7, 972 53 Luleå"
Sasa Antic Studio AB,556865-2506,,"Nytorgsgatan 11 a Bv, 116 22 Stockholm"
Jonne Lidström Design & Arkitektur Aktiebolag,556665-2342,,"Dammvägen 5, 191 45 Sollentuna"
Skandisol AB,556987-4265,,"Kungsvägen 48, 341 76 Ryssby"
Magnolia Arkitekter AB,559246-1155,,Stockholm
Starc Interior AB,559317-4286,,"Burgårdsgatan 18, 412 52 Göteborg"
Hedda Interiör AB,559061-5570,,"Hyttingsvägen 21, 784 61 Borlänge"
Lisa Edwards Inredning & Textil AB,559461-1377,,"Domkraftsvägen 1, 197 40 Bro"
Bygglovsritare Sverige AB,559506-5441,,"Västanvindsgatan 14 c Lgh 1001, 417 17 Göteborg"
Kask Arkitekter Aktiebolag,556132-1125,,"Danderydsgatan 18, 114 26 Stockholm"
Per Irewährn Arkitektkontor AB,556840-5731,Telefon 076-312 00 85,"Husebergsgatan 22, 451 53 Uddevalla"
Tentak Consulting AB,559126-8684,,"Alpstigen 3, 141 41 Huddinge"
A3N AB,559450-0059,Telefon 073-146 14 24,"Ribby Allé 89 b, 137 42 Västerhaninge"
Kragnert Interiör Design Studio AB,559473-6505,,"Storgatan 29 1tr, 114 55 Stockholm"
Spacco Studio AB,559437-4760,,"Bragevägen 8, 114 24 Stockholm"
Space Maggio AB,559471-3074,,"Norrskogsvägen 9 a, 112 64 Stockholm"
Shala Hala Yogastudio & Yogaskola AB,559092-1077,,"Hallavaravägen 50 a, 269 91 Båstad"
ISELA AB,559234-2496,,"Falkenbergsgatan 1, 432 51 Varberg"
Dahrén Arkitekter Aktiebolag,556666-1939,Telefon 0322-63 30 00,"Västra Bodarnevägen 37, 441 60 Alingsås"
Magnus Flobecker AB,559004-1967,,"Strandpromenaden 63, 131 50 Saltsjö-Duvnäs"
Jacob Granat Arkitektur AB,559346-2467,,"Fågelsångsvägen 5, 193 30 Sigtuna"
Davoodi By Friends AB,556773-3547,,"Packhusplatsen 2, 411 13 Göteborg"
PH07 AB,559346-5403,,"Karlsviksgatan 6, 112 41 Stockholm"
Studio 1930 AB,559351-2964,,"Strömstadsvägen 5, 455 30 Munkedal"
Sagas Inredning AB,559428-1544,,"Viltorpsbacken 15, 162 70 Vällingby"
F Westlund Bygg & Montage AB,559174-0732,,"Rudsjövägen 15, 153 38 Järna"
Aktiebolaget Jazz & Form,559353-1170,,"Norra Parkgatan 5, 343 30 Älmhult"
Berggren Communication AB,559221-3838,,"Nästegårdsgatan 11, 524 32 Herrljunga"
Real Living STHLM AB,559193-9656,,"Almvägen 40, 187 34 Täby"
Matteo Foresti architecture studio AB,559180-3407,,"Hägerstens Allé 18, 129 37 Hägersten"
Arranging Things Stockholm AB,559186-0282,,"Bjurholmsgatan 14 Lgh 1102, 116 38 Stockholm"
My Energy Solution AB,556860-5199,,"Västra Bergsgatan 9 a Bv, 724 60 Västerås"
Maria Dolk Landskap AB,559002-2777,,"Torsta Gård 133, 692 91 Kumla"
Johannes Brattgård Arkitekter AB,559262-2152,,"Skinnarviksringen 20, 117 27 Stockholm"
Norcon AB,556842-0458,,"Björnsonsgatan 141, 168 43 Bromma"
Studio Dorrian AB,559514-2265,,"Fridhemsgatan 3, 112 40 Stockholm"
Helene Amundsen Arkitektur AB,559167-1911,,"Råsundavägen 123, 169 50 Solna"
Ulrika Juul Byggkonsult AB,559335-2585,,"Algatan 1, 568 31 Skillingaryd"
Råda Konsulter Aktiebolag,556256-3626,Telefon 031-88 32 02,"Kindbovägen 12, 435 30 Mölnlycke"
Frankly Aakerlund AB,559183-6522,,"Garvaregatan 4 f, 602 21 Norrköping"
Carlström arkitekt&ingenjör AB,559457-7784,,"Stenkretsgatan 26 b, 254 22 Helsingborg"
Aktiebolag Grönlund Karlsson,559242-5473,,"Järnvägsallén 16 e, 903 28 Umeå"
Resultat Redovisningsbyrå Bromma AB,556750-8089,,"Borgvägen 15, 184 50 Åkersberga"
Mabel Interiör AB,559233-2570,,"F o Petersons Gata 6, 421 31 Västra Frölunda"
Humlegrottan AB,559488-0006,,"Slåttervägen 2 r, 141 70 Segeltorp"
Uhlmann och Paues Arkitekter Aktiebolag,556446-9327,Telefon 070-870 35 06,"Kabeluddsvägen 6 2tr, 187 67 Täby"
VirpIT AB,559002-3916,,"Skanörvägen 24, 121 52 Johanneshov"
Studio He AB,559106-9348,,"Brahegatan 18, 114 37 Stockholm"
Sthlm Ground AB,559264-0642,,"Bergavägen 31, 761 73 Norrtälje"
Inredningsgruppen Wittstock AB,556876-9300,Telefon 073-259 59 08,"Wittstocksgatan 10, 115 24 Stockholm"
Konark AB,559207-2614,,"Heleneborgsgatan 8 a, 117 32 Stockholm"
Bolodge AB,556586-9194,Telefon 070-587 92 39,"Rindögatan 8 Lgh1602, 115 36 Stockholm"
chArk AB,556916-2687,,"Grönegatan 30, 211 27 Malmö"
Raramartin AB,556887-5677,,"Heleneborgsgatan 44, 117 32 Stockholm"
I Say Hello AB,559254-8860,,"Näckrosvägen 7, 236 37 Höllviken"
Slutplattan HAPRA 127459 AB,559405-7233,,"Rindögatan 22, 115 36 Stockholm"
Arvén Sollander AB,556713-7061,,"Nynäsvägen 324, 121 34 Enskededalen"
Andreas Koskinas Fastighetsmäkleri AB,556908-3297,,"Wollmar Yxkullsgatan 38, 118 50 Stockholm"
Myrberg Innovation AB,556908-2562,,"Ringvägen 23, 178 51 Ekerö"
Storm Designstudio AB,559432-4856,,"Örtagårdsgatan 49, 254 50 Helsingborg"
A3S Bygg & Fastighetsservice AB,559223-8306,,"c/o ZARINA KHAMDAMOVA, Lyftkransvägen 12 Lgh 1105, 142 50 Skogås"
SP Hantverk AB,559399-0715,,"Mariebergsliden 20, 442 31 Kungälv"
"Arkimark, Arkitektkontor Aktiebolag",556135-3789,Telefon 0320-21 15 55,"Lyddevägen 8, 511 58 Kinna"
Studio Kontext AB,559497-3876,,"Herrgårdsviksvägen 22, 373 63 Tjurkö"
Space in Order AB,556970-7762,,"Granviksgatan 48, 214 58 Malmö"
Minna Elisa AB,559239-1253,,"Betesstigen 15, 302 74 Halmstad"
Nika Inredning AB,559436-2427,,"Renmarkstorget 5 d, 903 26 Umeå"
Sara Gibrand AB,559460-1162,,"Bastugatan 19, 118 25 Stockholm"
Peter Lindqvist Bygg o Design Aktiebolag,556368-6962,Telefon 010-229 33 89,"Gitarrvägen 7, 136 75 Vendelsö"
MoMax AB,559134-5896,,"Norregatan 13 Bv, 211 27 Malmö"
Oskar Sejnäs Arkitektur AB,559010-5598,,"Vinkelbacken 9, 177 40 Järfälla"
Swede Space Design International AB,559073-8109,,"Häggvägen 5, 185 39 Vaxholm"
SAGA Design House AB,559509-6594,,"Trädgårdsgatan 12 b, 821 42 Bollnäs"
Bo Konsult Lännersta AB,556697-5388,,"Solskensvägen 1, 132 46 Saltsjö-Boo"
Solbjer Bostads AB,556817-7165,,"Fabriksgatan 2 f, 222 35 Lund"
Robert Sandell Arkitektkontor Aktiebolag,556979-8548,Telefon 073-096 20 87,"Blekingegatan 24, 118 56 Stockholm"
MONO Arkitektur AB,556943-0613,,"Idungatan 14 2tr Lgh 1202, 113 45 Stockholm"
Annies Home and Interiör AB,559211-4895,,"Algatan 7, 231 42 Trelleborg"
Fashion Forward Holding AB,556921-4397,,"Nygatan 23 Instil, 632 20 Eskilstuna"
ÖSTBERG Arkitektur AB,556901-7683,,"Turistvägen 56 c, 827 50 Järvsö"
ARQIN rum för arkitektur AB,559398-5343,,"Alfsätersgatan 7, 431 38 Mölndal"
Content Yes AB,556597-8540,Telefon 073-352 80 00,"Sturegatan 19, 114 36 Stockholm"
Mossby Art & Garden AB,556887-0025,,"Östra Vråkvägen 13, 236 42 Höllviken"
Nilsson Rahm AB,559038-0613,,"Ljusstöparbacken 1, 117 65 Stockholm"
Gattulven AB,559170-3326,,"Bygdevägen 2, 475 32 Öckerö"
Björkforth AB,556664-7011,Telefon 033-10 75 55,"Bryggaregatan 10, 503 38 Borås"
Nouvel interiör AB,559081-9131,,"Blandsädesgatan 3 d, 431 46 Mölndal"
Ernisa Family Consult AB,559463-2498,,"Hövitsmansgatan 11, 254 34 Helsingborg"
Studio Peter Lundbergh AB,559100-3560,,"Östermalmsgatan 26 a, 114 26 Stockholm"
Inside Out Interiör & Trädgård AB,559225-0780,,"Sälgstigen 35, 181 62 Lidingö"
Rygaard Fastigheter AB,559305-9818,,"Stegeborg Långkatekesen 1, 614 97 Söderköping"
Savic Fastighetsförmedling AB,559472-5664,,"Spannbacken 10, 141 59 Huddinge"
Ebba Strandmark Design AB,559367-4707,,"Krapperupsvägen 254 b, 263 76 Nyhamnsläge"
Unik i Örnsköldsvik AB,556896-3432,,"Skolgatan 12 a, 891 33 Örnsköldsvik"
Collection apart AB,559182-6036,,"Folkungagatan 74, 116 22 Stockholm"
Kvadrin Konsult AB,556883-9921,,"Askims Röseväg 27, 436 40 Askim"
T. Nordström Arkitekt Aktiebolag,556554-2239,,"Södra Limugnsvägen 2, 277 30 Kivik"
Lovisualisera AB,559165-0543,,"Skogsduvevägen 20 b, 756 52 Uppsala"
Hamnstedt Advisory AB,559431-9096,,"Gamla Lillebyvägen 27, 423 54 Torslanda"
Malin Löfvenius Interiors AB,559271-4751,,"Bykällevägen 18, 433 76 Jonsered"
CvM arkitektur & design AB,559289-6954,,"Klintvägen 24, 141 71 Segeltorp"
Arkitekt Mikael Wikeborg Aktiebolag,556545-8154,,"Långgårdsgatan 18, 211 21 Malmö"
Thörners Rum & Kök AB,556907-5749,,"Olsby 18, 471 98 Fagerfjäll"
Framstegslabbet AB,559266-1481,,"Norrtullsgatan 16 a, 826 31 Söderhamn"
Jon Eliason Design AB,556749-1724,Telefon 070-622 65 17,"Helgagatan 36 g, 118 58 Stockholm"
Lilla Byrån i Onsala AB,559006-8390,,"Horsekullevägen 34, 439 37 Onsala"
salong new blond i UPPSALA AB,556809-7264,,"S:T Eriks Gränd 6, 753 10 Uppsala"
By Sofia Björk AB,559164-1385,,"Malmstensgatan 13, 331 36 Värnamo"
Yara K. Arkitekter AB,559267-5911,,"Gustavsplatsen 1 i, 416 69 Göteborg"
Hei Hei Arkitekter AB,559461-4892,,"Welandergatan 28, 416 56 Göteborg"
Caroline Anderson AB,556831-0386,,"Marietorps Allé 35 f, 217 74 Malmö"
In red interior AB,559167-6266,,"Gamla Norrtäljevägen 112, 187 49 Täby"
U Levins Trädgård & Design AB,556669-7958,,"Hildebrandsvägen 11, 168 56 Bromma"
Glasklar Design AB,559119-2272,,"Näsby 25, 741 97 Almunge"
Ida Lind Creative AB,559441-0358,,"Fänrikens Gata 13, 183 72 Täby"
5land AB,556854-4000,,"Gumshornsgatan 12, 114 60 Stockholm"
Axhults Teknikkonsulter AB,556449-5694,,"Axhult 1471, 287 91 Strömsnäsbruk"
Juul Frost Arkitekter AB,556895-3995,,"Bäckgatan 2 Svedala Ab, 233 44 Svedala"
Ateljé Södersvik AB,556950-2064,Telefon 070-872 95 80,"Rosenlundsgatan 30 b 3tr Lgh 1303, 118 53 Stockholm"
Urban Selander Arkitekter AB,559140-8967,,"Björns Trädgårdsgränd 1, 116 21 Stockholm"
skin&care Ystad AB,559162-1635,,"Snedgränd 3, 271 34 Ystad"
Företagsförmedling & Industrirådgivning Helsingborg AB,556538-4202,,"Stortorget 11, 252 20 Helsingborg"
Brolar Holding AB,559029-7916,Telefon 076-110 10 06,"Strandvägen 7, 114 56 Stockholm"
PennyDoy Aktiebolag,559372-0823,,"Frida Hjertbergs Gata 2, 412 81 Göteborg"
Mirma Konsult AB,556369-6268,,"Dorpatsvägen 5, 122 37 Enskede"
Seniorvillor Syd AB,559119-4286,,"Terminalgatan 20 2tr, 235 39 Vellinge"
Josefin Tolstoy AB,559311-2492,,"Gropgränd 4, 753 10 Uppsala"
Tengblad Arkitektur och Form AB,559311-5438,,"Dalagatan 30, 113 24 Stockholm"
Olhans Arkitektur AB,559423-9849,,"Kyrkogatan 14, 777 60 Söderbärke"
Kufu St AB,559463-8107,,"Förrådsgatan 10, 169 39 Solna"
EA Bygg & Design AB,559510-2772,,"Spräklavägen 21, 777 91 Smedjebacken"
AtelierxBetiyo AB,559511-3092,,"Sågargatan 17 1503, 116 36 Stockholm"
Klaesson Arkitekt AB,559047-1164,,"Tengdahlsgatan 41, 116 47 Stockholm"
The Wild Studio AB,559330-8959,,"Norrbys Väg 11, 132 37 Saltsjö-Boo"
Atmosfaris Inredningsstudio AB,559407-1150,,"Gunnarstorpsgatan 15, 216 22 Limhamn"
Dry Creative projects AB,556876-3006,,"Upplandsgatan 36, 113 28 Stockholm"
Polymorf Arkitektur AB,559215-6748,,"Norra Grängesbergsgatan 4, 214 44 Malmö"
Reppen Vilson Arkitekter AB,559264-6631,,"Karlbergsvägen 14, 113 27 Stockholm"
Librare AB,556850-7890,,"Södra Catalinagränd 7, 183 68 Täby"
Erica H AB,556980-7026,,"Lingonvägen 21, 352 45 Växjö"
Lina Ericson blommor och sånt i Sälen AB,559254-1998,,"Sälenvägen 15, 780 67 Sälen"
Älska Trädgård Stockholm AB,559290-8189,,"Slåtterstigen 2, 134 65 Ingarö"
S Scherrer Arkitektkontor Aktiebolag,556626-2571,Telefon 08-662 46 40,"Hudiksvallsgatan 8, 113 30 Stockholm"
Miss Umbra Måleri & Design AB,559017-9742,,"Stjärnsundsgatan 7, 124 72 Bandhagen"
Chora AB,556644-4260,Telefon 08-644 13 22,"Gillberga 105, 744 95 Vittinge"
Olofsson Design AB,559337-0488,,"Solslingan 8 g, 761 75 Norrtälje"
Kakel & Golv i Gemla AB,559463-3231,,"Stationsvägen 16, 355 73 Gemla"
Sara Danielsson At Your Service AB,556948-9346,,"Klarbärsvägen 5, 181 67 Lidingö"
E C Creative AB,559058-6615,,"Pejlingsgatan 22, 426 76 Västra Frölunda"
Dustydots Homestyling & Inredning AB,559324-3362,,"Jättevägen 11 b, 135 51 Tyresö"
Kenneth Andersson Inrednings Aktiebolag,556341-5156,Telefon 0300-188 70,"Varlabergsvägen 24 a, 434 39 Kungsbacka"
Svenow Konsult AB,556879-6709,,"Gamla Lyckebyvägen 35, 136 70 Vendelsö"
Eget Rum AB,559277-9614,,"Utflyktsvägen 18, 168 41 Bromma"
Marika Sjöblad AB,559417-3360,,"Knypplerskevägen 28, 168 38 Bromma"
Arkitektstudio Ida AB,559036-5051,,"Malmskillnadsgatan 41, 111 38 Stockholm"
lolas AB,556222-0417,,"Skårevägen 67, 653 51 Karlstad"
Mikael Löfqvist Byggbeskrivningar AB,559130-2640,,"Åby Allé 21, 431 45 Mölndal"
Studio Peter Bringselius AB,559389-6474,,"Grännavägen 24, 561 34 Huskvarna"
Studio Karin Inredning o Arkitektur AB,559034-0922,,"Sagavägen 21, 133 38 Saltsjöbaden"
ARCHITECTA Bygg & Samhällsteknik AB,559285-2510,,"Söderportsgatan 7, 392 33 Kalmar"
Peder Janson arkitektur & byggnation AB,556639-7633,Telefon 08-446 50 76,"Elsagården, 275 64 Blentarp"
Dalborg International AB,556838-9422,,"Everlövsvägen 110, 275 63 Blentarp"
PI Automation AB,556959-0473,,"Bellmansgatan 11 a, 411 28 Göteborg"
Nissa Retail Consulting AB,556986-4829,,"Heddas Väg 1, 780 67 Sälen"
SGinred AB,559380-5657,,"Blomstervägen 36, 343 35 Älmhult"
Stadsträdgården i Uppsala Holding AB,559005-0398,,"Flustergränd 5, 753 09 Uppsala"
Vy Grafisk Design Jämtland AB,559051-5564,,"Södra Gröngatan 25 a, 831 35 Östersund"
alfastorp måleri AB,559158-6002,,"Alvgatan 7, 268 75 Tågarp"
Gbg Deco AB,559179-5546,,"Bangatan 40, 414 64 Göteborg"
SPTMBR INVEST AB,559439-7837,,"Kungsholmstorg 1 4 Tr, 112 21 Stockholm"
Ödås Group AB,556617-5443,Telefon 070-250 12 42,"Sjöbäcksvägen 6, 831 92 Östersund"
ROCKHARD AB,559110-8799,,"c/o KARL STENHÅRD, Hvitfeldtsgatan 3 a, 411 20 Göteborg"
DEI-Bygg AB,559407-4964,,"Lingströmsvägen 8, 623 77 Klintehamn"
Stender Consulting AB,559408-0359,,"Orrekullevägen 17, 435 40 Mölnlycke"
Selected Stockholm AB,556863-9115,,"Frustunavägen 44, 125 40 Älvsjö"
Vulpes AB,556966-8964,Telefon 070-977 67 78,"Slipmästaregatan 2, 702 86 Örebro"
Inkoba AB,556057-9814,Telefon 0300-627 96,"Molinsgatan 5, 411 33 Göteborg"
Buamyst AB,556754-4605,Telefon 070-417 40 83,"Gräsåsen Buamyst, 517 91 Bollebygd"
Baggo & Friends AB,559181-8587,,"Nybrogatan 7, 114 34 Stockholm"
"Analog Architecture, Software, Entertainment & Consulting AB",556556-4803,Telefon 073-397 34 43,"Knösvägen 189-23, 239 30 Skanör"
FRANCA homestyling och inredning AB,559185-0846,,"Svalebogatan 35, 414 75 Göteborg"
Lennerö Arkitektur AB,559374-8287,,"Pommern 4, 455 31 Munkedal"
Glocalus AB,556977-2741,,"Hövitsmansgatan 12, 254 34 Helsingborg"
Aktiebolaget Mallsten Forever,559008-8232,Telefon 076-525 75 08,"Tullsta 140, 733 94 Sala"
InstallArt Sthlm AB,559213-0263,,"Kocksgatan 31, 116 24 Stockholm"
Kajsa Melchior AB,559250-5985,Telefon 070-438 82 34,"Wittstocksgatan 10, 115 24 Stockholm"
Maria Tappert Lilja AB,559104-7047,,"Heleneborgsgatan 11 a, 117 31 Stockholm"
KATARAX Arkitektur AB,559231-6250,,"Lännerstahöjdens Väg 12, 132 46 Saltsjö-Boo"
ALC Star Quality AB,559300-2024,,"Hedinsgatan 17, 115 33 Stockholm"
Karolina Miramadi Fastighetsmäklare AB,559141-3116,,"Skogsvägen 10, 181 41 Lidingö"
Anna Furbacken Stylist AB,559170-2435,,"Rosengatan 2 a, 413 10 Göteborg"
Invited Light Studio AB,559397-2564,,"Birger Jarlsgatan 107, 113 56 Stockholm"
Tatillvara Arkitekturverkstad Aktiebolag,556485-9949,Telefon 08-85 09 85,"Inedalsgatan 13 a, 112 32 Stockholm"
Sälens Textil & Inredningsverksta AB,559441-5100,,"Randvägen 4, 780 91 Sälen"
Papers On Strategy AB,559444-2146,,"Hornsgatan 123, 117 28 Stockholm"
Skepnad AB,559074-8983,,"Lodgatan 3 b, 211 24 Malmö"
Axel Wolgers Arkitektkontor AB,559175-2455,,"Mäster Mikaels Gata 8, 116 20 Stockholm"
SSOJ arkitekt illustration AB,559191-4089,,"Kullagatan 147, 263 58 Strandbaden"
RAL design AB,559357-0483,,Kristianstad
PAN Arkitekter Aktiebolag,556369-3034,Telefon 08-580 323 26,"Arlavägen 29, 177 61 Järfälla"
Bergstedt Design AB,556947-4595,,"Härlandavägen 20, 416 72 Göteborg"
Hahn Arkitektur AB,559121-5594,,"Västerhejde Hallbrosvägen 13 a, 622 61 Visby"
Ben Grubert Architecture AB,559373-4691,,"Varfågelvägen 8 a, 123 52 Farsta"
Frost & Falk AB,559429-9496,,"Sandfjärdsgatan 46 12 Tr Lgh 2203, 120 56 Årsta"
Life4Garden AB,559168-3338,,"Barrskogsvägen 6, 135 37 Tyresö"
Kreativa Kontoret i Kristinehamn AB,559293-9325,,"Villagatan 32, 681 34 Kristinehamn"
Elfström Arkitektkontor AB,559489-1508,,"Oskar Bergmans Väg 3, 133 34 Saltsjöbaden"
VäxtinredningsGruppen i Örebro AB,556927-2411,,"Våghustorget 3 2tr, 702 10 Örebro"
MH Byggkonsulter AB,559149-6228,,"Kaprifolvägen 117, 232 39 Arlöv"
Vaters Gård AB,559254-5411,,"Gothem Vaters 986, 624 30 Slite"
Törner Design Studio AB,559083-2746,,"Hagagatan 3, 113 48 Stockholm"
Sigtuna Art Studio AB,559490-2081,,"Stadsängsgatan 55, 193 37 Sigtuna"
Odebäck arkitektkontor AB,556709-3058,Telefon 070-893 63 67,"Hagby-Focksta 10, 755 78 Vänge"
AdTrain AB,559133-4650,,"Hammarvägen 84, 647 30 Mariefred"
ÅJ Consulting AB,559212-2591,,"Margretelunds Gård Parkvillan 1, 184 60 Åkersberga"
J.Lindberg Byggkonsult & Kontrollansvarig AB,559209-2281,,"Dörjvägen 1, 434 92 Vallda"
Jabbar Investment AB,559340-4949,,"Gävlegatan 32, 113 65 Stockholm"
Elin Lervik AB,559274-5300,,Stockholm
MH.interiorstyling AB,559397-5831,,"Råsundavägen 133 a, 169 50 Solna"
Gergils Estate Fastighetsbyrå AB,556716-1269,,"Östermalmsgatan 28 0tr, 114 26 Stockholm"
YAJ Arkitekter AB,556740-9759,,"Danderydsvägen 146, 182 36 Danderyd"
Studio Catarina Kuylenstierna AB,556934-9490,,"Bergabovägen 20, 133 37 Saltsjöbaden"
Mia Tomsvik AB,559071-5511,,"Dianavägen 31, 115 42 Stockholm"
AY RENOVATION PROJECT AB,559314-1756,,"Torsvikssvängen 68, 181 34 Lidingö"
Sara Wärm AB,559357-3347,,"Kurirvägen 19, 132 45 Saltsjö-Boo"
Lin & Lera Byggnadsvård i Larv AB,559369-5272,,"Larv Faleberg 4, 534 62 Larv"
Fint Örkelljunga AB,559089-7632,,"Lingonvägen 8, 286 36 Örkelljunga"
Arkigroup AB,559171-1337,,"Kolfallsgatan 5, 582 73 Linköping"
Creating Homes STHLM AB,559254-3267,,"Vårliden 18, 135 61 Tyresö"
Jonas Krook Konsult AB,559020-6214,,"Båtvägen 23, 134 52 Gustavsberg"
Backhans & Ed Arkitekter AB,559316-5508,,"Renstiernas Gata 12 c, 116 28 Stockholm"
Moa Lundström Aktiebolag,559341-7610,,"Åvägen 31, 296 38 Åhus"
Sekoja Aktiebolag,556570-6164,Telefon 08-592 550 45,"Stora Köpinge Byväg 67, 271 73 Köpingebro"
Aktiebolag J Franzon Real Estate,559040-5139,,"Hagvägen 5, 187 30 Täby"
Siljan Trädvård AB,559447-9882,,"Norbyvägen 4, 792 90 Sollerön"
Adlib Aktiebolag,556354-9681,,"Lilla Tomegatan 4 b, 223 50 Lund"
ALMA arkitekter AB,556740-6235,Telefon 08-556 931 70,"Ludvigsbergsgatan 18, 118 23 Stockholm"
Knapp & Co Interiör AB,559410-5529,,"Trädgårdsgatan 12, 824 32 Hudiksvall"
Jesper Nilsson Arkitekt AB,559361-9231,,"Mungårdsgatan 48, 426 53 Västra Frölunda"
Anna Curtius AB,556898-2465,Telefon 072-548 19 82,"Renstiernas Gata 12, 116 28 Stockholm"
MH styling - inredning AB,556597-8425,,"Bodloftsvägen 7, 423 54 Torslanda"
Röds Åke Johansson Bygg AB,559115-8687,,"Sjöbodsvägen 4 a, 462 42 Vänersborg"
Studio Beckman AB,559188-2062,,"Banérgatan 27, 115 22 Stockholm"
Svensk Affärspartner AB,559064-5080,,"Malmövägen 427, 233 63 Bara"
W8 Hotel Design Group 02 AB,559476-8706,,"Skeppsgatan 19, 211 11 Malmö"
Ahrngrymm Interior Design AB,559525-0316,,"Badvägen 18, 342 62 Moheda"
Gudmundsson Arkitektur AB,556684-4410,Telefon 08-640 25 45,"Strahlenbergsgatan 17, 121 45 Johanneshov"
Widerberg & co AB,556970-3837,,"Karl Johansgatan 72, 414 55 Göteborg"
Octopus Cooperation AB,559354-1807,,"Slåtterbalksgatan 13, 233 44 Svedala"
Light Space AB,559391-5241,,"Stora Råby 971, 224 80 Lund"
Vanessa Valderrama AB,556896-6252,,"Garnet 4, 193 41 Sigtuna"
DesignA i Ängelholm AB,559483-7394,,"Sandvägen 6, 262 52 Ängelholm"
Arkitektur & Film Carin Johanson AB,556596-1595,Telefon 070-547 16 44,"Östergatan 12, 239 40 Falsterbo"
Ryott Arkitektur AB,556739-0587,,"Herserudsvägen 53, 181 51 Lidingö"
TYS Inredning & Homestyling AB,559193-5035,,"Pianogränd 1, 175 56 Järfälla"
Gustav Witte AB,559307-4429,,"Tomtehagsvägen 17, 531 57 Lidköping"
Axam In AB,559182-5574,,"Åbergssons Väg 9, 170 77 Solna"
SALÖND creatives AB,559474-1463,,"Fågelvägen 24, 195 33 Märsta"
Gustaf Bratt Konsult AB,556513-4086,,"Tegnérgatan 11 Lgh 1102, 111 40 Stockholm"
Maria Kingborg Inredning AB,556933-2744,,"Föreningsgatan 12, 254 38 Helsingborg"
Vildark Arkitektur & Projektering AB,559178-8137,,"Lagmansvägen 36, 186 42 Vallentuna"
Repairit AB,559357-3057,,"Vargögatan 12, 257 31 Rydebäck"
Swedish Standard Group AB,556925-8188,,"Södersätravägen 45, 192 65 Sollentuna"
EMSA showroom AB,556939-5295,,"Hagagatan 20, 113 48 Stockholm"
Globark AB,559419-8284,,"Februarigatan 7, 573 38 Tranås"
M.Gazzo Arkitektur AB,556853-8473,,"Mäster Mikaels Gata 24, 116 20 Stockholm"
Smålandsträdgården AB,559306-5203,,"Gulsparvsvägen 14 14, 352 42 Växjö"
Annika Fischer AB,559460-2863,,"Orsnäsvägen 17, 439 33 Onsala"
Niklas Runesson AB,559007-1105,,"Tegelbruksvägen 27, 126 34 Hägersten"
Liljenbrand & Skog AB,559483-1470,,"Järnvägsstation Dyltabruk 285, 718 97 Dyltabruk"
Svanström Arkitektkontor Aktiebolag,556421-2297,Telefon 08-662 46 40,"Hudiksvallsgatan 8, 113 30 Stockholm"
VE Interior & Styling AB,559271-4397,,"Sösdalagatan 6, 252 50 Helsingborg"
Studio Castanio AB,559510-4612,,"Ragundagatan 8, 162 53 Vällingby"
Forssell Change AB,559390-7412,,"Saltkällan 11, 455 92 Munkedal"
Styling by Joy AB,559487-7911,,"Båtbyggaregatan 212, 216 42 Limhamn"
Fredrik Eklöf Arkitektur AB,559501-2815,,"Kasamark 233, 905 86 Umeå"
RS Studio AB,559525-2924,,"Solbackavägen 10 Lgh 1101, 913 32 Holmsund"
Elna Melusine Aktiebolag,556958-5630,,"Frans Löfströms Väg 1, 272 94 Simrishamn"
Wenner Arkitekter AB,556651-6224,Telefon 042-24 15 72,"Flädervägen 1, 254 82 Helsingborg"
Waern Landskap AB,556766-1920,Telefon 070-483 46 26,"Anna Östvägen 6, 426 68 Västra Frölunda"
Siegel Architecture AB,556815-3687,,"Spårvägen 19, 212 51 Malmö"
Domfors Kulturmiljö AB,559234-3098,,"Ekeborghsvägen 10, 602 10 Norrköping"
AB Cia byggkonsult,559335-6032,,"Vikingagatan 11, 621 55 Visby"
Ted bygg & interiör AB,559474-5605,,"Rabattgatan 24, 937 32 Burträsk"
NorArk arkitektstudio AB,559478-1931,,"Bergslagsgatan 50, 602 17 Norrköping"
Hangvar Frängsmyr Produktion AB,556850-8302,,"Hansbergsvägen 24 b, 184 38 Åkersberga"
Lindgrens arkitektbyrå AB,559238-8929,,"Rehnsgatan 5 Lgh 1401, 113 57 Stockholm"
Kristina Rundbäck AB,559419-2147,,"Lerbergets Byaväg 31, 263 52 Lerberget"
Oldfeldt Landskap & Form AB,556905-8828,,"Vemmerlövstorpsvägen 61, 272 97 Gärsnäs"
Kreativa Crona AB,559454-0295,,"Hol Skäggården 248, 461 93 Västra Tunhem"
Villa G AB,559079-0589,,"Kvarngatsbacken 5, 795 35 Rättvik"
Ek Studio AB,556925-0201,,"Takvassvägen 11, 437 93 Lindome"
Attico Invest AB,559237-6064,,"Stureparken 3, 114 26 Stockholm"
Råkoll Projekt & Arkitektur AB,559482-3246,,"Generatorgatan 12, 195 60 Arlandastad"
Wiegert & Wiegert AB,556753-5850,Telefon 070-752 21 11,"Revingegatan 2 b, 223 57 Lund"
CRMH AB,559250-7890,,"Döbelnsgatan 15, 111 40 Stockholm"
Stella Stadsutveckling AB,559437-1006,,"Solöhöjden 16, 761 93 Norrtälje"
C+W Branding AB,559202-3336,,"Bergabovägen 20, 133 37 Saltsjöbaden"
Sofia Breitholtz Inredning AB,559426-8608,,"Hansbergsvägen 2, 184 38 Åkersberga"
Watson Arkitektur AB,556868-3493,,"Morkullevägen 31, 237 36 Bjärred"
Lena Lorentzen Design AB,556390-8176,Telefon 070-298 53 68,"Homnanäset 215, 828 91 Edsbyn"
Px2 Projektering aktiebolag,559326-7833,,"Svartmangatan 18, 111 29 Stockholm"
VÄV Arkitekter AB,559336-2956,,"Plantskolevägen 26, 122 38 Enskede"
Macahan Post AB,559488-1178,,"Tallsättravägen 105, 184 61 Åkersberga"
Ängmo Arkitektur AB,559507-4757,,"Skilleby Backe 1 a, 153 91 Järna"
Carl Frisk Aktiebolag,556239-5029,Telefon 08-662 44 62,"Ringvägen 22, 181 51 Lidingö"
Dahlberg Busnardo Arkitektur & Landskap AB,556980-4775,,"Tallidsvägen 4 b, 131 37 Nacka"
HELLOHOME AB,559328-2337,,"Furåsen 9, 426 77 Västra Frölunda"
Åke Åkerman AB,559139-9166,,"Ulvåsvägen 27, 433 31 Partille"
TNS Konsult i Norden AB,559202-3377,,"Långgatan 26, 821 43 Bollnäs"
Samuelsson Konsult AB,556935-6172,,"Vattenlinjen 1, 417 64 Göteborg"
Twerok AB,559184-5523,,"Nåttarövägen 23, 132 34 Saltsjö-Boo"
Avantina AB,559360-9406,,"Vasagatan 14, 541 51 Skövde"
Andreas Johannisson AB,559422-8545,,"Saltövägen 6 a, 371 37 Karlskrona"
Maketing AB,559152-9846,,"Midnattsvägen 10, 142 42 Skogås"
Bulow+Cox AB,559380-8800,,"Lärkstigen 10, 182 70 Stocksund"
Älven arkitekter AB,559192-4724,,"Smedjegårdsvägen 6 a, 178 93 Drottningholm"
Wickelgren Arkitekt & Design Aktiebolag,556428-5566,Telefon 031-28 60 13,"Ryttarstigen 70, 436 56 Hovås"
ALoCo AB,556894-5652,Telefon 0457-430 70,"Tallvägen 6, 372 33 Ronneby"
Fratini Invest AB,559175-8726,,"P o Hallmans Gata 17, 112 69 Stockholm"
Fold arkitektur AB,559385-6296,,"Luntmakargatan 95, 113 51 Stockholm"
Andreas Lots & Transport Aktiebolag,559068-0947,,"Höja Byaväg 95, 262 93 Ängelholm"
Cawa Concept AB,559112-3954,,"Gäddeholm Lugnet 1, 725 97 Västerås"
Silverdalens bruk AB,556370-7818,Telefon 08-23 00 70,"Götgatan 11, 116 46 Stockholm"
Gantelius Interior Styling AB,559043-8924,,"Thorssons Väg 5 a, 271 32 Ystad"
SMLXL Den lille Arkitekten AB,556836-1355,,"Vallgatan 19, 302 42 Halmstad"
Light & Sea AB,556949-6697,,"Pilvägen 3, 269 39 Båstad"
Ateljé Spaljé Trädgårdsarkitektur i Östergötland AB,559331-0799,,"Östra Strandvägen 14, 589 43 Linköping"
Stockman Arkitekter AB,556714-4703,,"Hammarby Allé 34, 120 61 Stockholm"
Jacob af Klintberg Form AB,556840-9345,,"Hälsingegatan 10 a, 113 23 Stockholm"
TM Creative Sweden AB,559368-3625,,"Tallgatan 7, 646 35 Gnesta"
Pia Lasses Fastighetsmäklare AB,556455-5737,,"Karlsviksgatan 10, 112 41 Stockholm"
Aim For U AB,556887-9927,Telefon 076-109 19 40,"Köpmangatan 3 2tr, 151 71 Södertälje"
Patrik Fromell Arkitektur AB,556816-4213,,"Klintens Väg 14, 414 76 Göteborg"
Studio Floxner AB,559477-4902,,"Eleshultsvägen 31, 263 75 Nyhamnsläge"
Studio Rydman AB,556683-0179,Telefon 018-60 00 44,"Kryssarvägen 16 Lgh 1003, 183 58 Täby"
Hanna Skoog AB,559329-3680,,"Sundsby Kile 172, 471 72 Hjälteby"
Thomas Eriksson Holding Aktiebolag,556523-4712,Telefon 08-555 518 00,Stockholm
Isabella Seger AB,559301-9457,,"Nedre Fogelbergsgatan 9 a, 411 28 Göteborg"
Vennad Aktiebolag,556219-7185,Telefon 070-540 42 34,"Wirséns Väg 10 b, 182 63 Djursholm"
Stoby Ekbacken Konsult AB,559251-7048,,"Stobyekbacken 1027, 281 44 Stoby"
Hannas Låda AB,559468-8722,,"Långåkersvägen 96, 122 41 Enskede"
SG Kök & Bad AB,556715-1765,,"Kanngårdarna Kanngattu 15, 793 93 Djura"
Emega projekt & inredning AB,559149-6145,,"Kobbarnas Väg 6, 416 47 Göteborg"
GULLBERG Form AB,556734-4386,Telefon 08-443 02 30,"Skälderviksplan 8, 120 60 Årsta"
AlizonWeb AB,556874-8452,Telefon 0511-620 62,"Sjögårdsgatan 2, 532 72 Axvall"
Paulina Berglund Arkitekter AB,559028-9590,,"Ordenstrappan 1 4 Tr, 114 30 Stockholm"
Heya Arkitekter AB,559271-6509,Telefon 031-24 75 00,"Fiskhamnsgatan 2, 414 51 Göteborg"
Ljungbacken Trädgård AB,559280-7290,,"Hammarströms Täppa 11, 443 39 Lerum"
A Kampmann Setdesign and styling AB,559412-0643,,"Enbacken 20 d, 132 36 Saltsjö-Boo"
Studio Twiga AB,559487-2789,,"Kullagårdsvägen 7, 441 60 Alingsås"
Karin S arkitektur & design AB,556852-2196,,"Gustav Adolfs Torg 8 c, 211 39 Malmö"
Rita Arkitektur i Jönköping AB,559088-9852,,"Väpnaregatan 6, 561 34 Huskvarna"
Oliveira Bygg AB,559424-9673,,"Marknadsvägen 8 b, 762 41 Rimbo"
Svensk Areamätning AB,556468-1590,,"Bellmansgatan 14 a 2tr, 118 20 Stockholm"
Anna Backlund AB,556978-7236,,"Allmänna Vägen 13 b, 414 60 Göteborg"
ACBHB AB,559348-8264,,"Österåsen 239, 836 93 Häggenås"
Mattias Lind Arkitekt AB,559353-6955,,"Törvedsgatan 12, 416 80 Göteborg"
ArkitektVision Sverige AB,559430-3678,,"Bergslagsvägen 31, 168 76 Bromma"
Pockin AB,556856-7092,,"Astrakanvägen 29, 439 73 Fjärås"
KRYGEON KONSULT AB,559305-1609,,"Gravörsgatan 6, 587 37 Linköping"
Vintish Consulting AB,559007-9348,Telefon 072-741 18 80,"Skolgatan 33, 753 11 Uppsala"
Paula Östlund AB,559299-2712,,"Flötviksvägen 25, 165 72 Hässelby"
Asteberg Studio AB,559504-5963,,"Öjersjövägen 52, 433 50 Öjersjö"
Norrkonsult 682 AB,556329-6523,,"Roddvägen 18, 862 34 Kvissleby"
Maja-Stina AB,559093-0862,,"Industrigatan 25, 753 42 Uppsala"
Öz Studio AB,559534-6080,,"Furubergsvägen 11, 194 34 Upplands Väsby"
Johan Lidström Consulting AB,556766-1342,,"Torpadalsstigen 20, 443 33 Lerum"
Petit Cavalier Deco AB,559193-4905,,"Floragatan 18, 114 31 Stockholm"
Nya Rum Måleri Göteborg AB,559201-7270,,"Fruktträdsgatan 4 Lgh 1001, 417 49 Göteborg"
No Blue Mondays AB,559483-2379,,"Hedbäcksgatan 8, 216 20 Malmö"
Con gusto Restaurangprojektering AB,556457-1759,Telefon 08-663 00 48,"Norrbackagatan 36 Bv, 113 34 Stockholm"
Magnus Rydstern AB,559405-4479,,"Grevegatan 9, 216 17 Limhamn"
Dream decor Sweden AB,559252-7179,,"Ängsullsvägen 156, 162 46 Vällingby"
Artillery 46 AB,559303-6246,,"Artillerigatan 46, 114 45 Stockholm"
Dark Island AB,559365-7439,,"Botten 2, 153 93 Mörkö"
Broströms Måleri och Byggservice AB,559171-8530,,"Skogsbrynet 2, 903 43 Umeå"
Krabbe Arkitekter Aktiebolag,556326-2558,Telefon 040-47 26 24,"Skepparegatan 11, 239 30 Skanör"
Hitta Hem & Hus i Jönköping AB,559026-5939,,"Prostringen 13, 561 40 Huskvarna"
Pine Coast AB,559311-9869,,"Brinkgatan 13, 261 60 Landskrona"
Interior By Frida AB,559456-0467,,"Gamla Vägen 22, 664 32 Grums"
Goldflow AB,559238-5834,,"Päronvägen 2, 435 43 Pixbo"
K A Interior Studio AB,559354-6376,,"Solbasgränd 4, 131 41 Nacka"
100 procent Projekt Stockholm AB,556651-5408,,"Törestigen 8, 141 41 Huddinge"
Gustaf Elfström Design AB,559267-9889,,"Rindögatan 20, 115 36 Stockholm"
E.R Cap Invest AB,559514-8585,,"Strandgatan 2 b, 633 43 Eskilstuna"
By Mannerstråle AB,559390-0102,,"Kinnekullevägen 36 a, 167 43 Bromma"
Willoma Design AB,556697-5016,Telefon 0640-68 16 81,"Högen 1395, 835 41 Dvärsätt"
Kinnison Design AB,556702-7411,,"Högestorp Kastanjegården, 268 90 Svalöv"
"Malin Arkitektur & Projekt, MAP AB",556937-0496,,"Birger Jarlsgatan 117 Lgh 1502, 113 56 Stockholm"
JOM Fastigheter AB,559129-1579,,"Boltensternsvägen 32 a, 236 38 Höllviken"
Emma H Arkitektur AB,559386-3318,,"Dingelvik Seland 2, 666 95 Dals Långed"
Big Blue Dot AB,559335-3401,,"Jakob Ulvssons Väg 13, 176 76 Järfälla"
DAKS AB,556558-5097,,Stockholm
deconcept AB,559488-1244,,"Övre Åkargatan 35, 802 53 Gävle"
Kreativ Kilde AB,559163-5239,,"Börjesonsvägen 46, 168 50 Bromma"
Sparkitecture AB,559431-5623,,"Hökvägen 32, 141 72 Segeltorp"
JH CreaTive AB,559230-1682,,"Herrgårdsvägen 9, 641 92 Katrineholm"
ZIN Arkitektur AB,559041-1301,,"Färnebogatan 45, 123 42 Farsta"
Fotograf Adam Helbaoui AB,556996-9362,,"Herrängsvägen 30, 125 54 Älvsjö"
M.E Realty AB,559227-4046,,"Råbygatan 3, 223 61 Lund"
Logs Adrift AB,559301-7469,,"Hornsbruksgatan 19 a, 117 34 Stockholm"
wiklundwiklund AB,559339-0940,,"Mosebacke Torg 16, 116 20 Stockholm"
Hermelin och Palmstierna Arkitekter AB,556843-5399,,"De Geersgatan 12, 115 29 Stockholm"
Articon AB,556859-7297,,"Armfeltsgatan 7 Lgh 1402, 115 34 Stockholm"
MCI BYGG & DESIGN AB,559413-7522,,"Ekebyvägen 259, 186 34 Vallentuna"
Julia Hertzman form och process AB,559421-1251,,"Varvsgatan 19, 117 29 Stockholm"
A - Design Arkitektkontor AB,556597-3285,,"Fritidsvägen 10, 236 36 Höllviken"
Hemtrend Frida Sandberg AB,556706-8613,,"Gamlestadsvägen 2-4, 415 02 Göteborg"
Utopi AB,556915-0997,,"Wallingatan 26 b, 111 24 Stockholm"
Helen Sturesson AB,556941-5531,,"Kärleksgatan 5 b Lgh 1401, 211 45 Malmö"
Cecilia Rune Ahnve AB,559039-2030,,"Beckombergavägen 92, 168 54 Bromma"
Create a living i Norrland AB,559104-4259,,"Smultronvägen 33, 904 35 Umeå"
Teutsch Landskapsarkitekter AB,556605-2444,Telefon 035-21 18 01,"Iglasjövägen 1, 305 72 Steninge"
Ida Husdesign AB,559305-4488,,"Norra Fiskaregatan 4, 441 50 Alingsås"
Inuti Design AB,559291-3593,,"Kocksgatan 20, 116 24 Stockholm"
Fanny Horgby AB,559524-2933,,"Greta Garbos Väg 11, 169 40 Solna"
Perfect Inredning Carina Turpini AB,556639-5264,Telefon 070-441 24 40,"Pelargatan 16, 121 45 Johanneshov"
SIROOM AB,556743-3817,,"Ladviksvägen 3, 152 95 Södertälje"
Samuelsson Vilkensen AB,559199-1889,,"Näsby 45, 155 93 Nykvarn"
Marie Robertsson AB,559356-4775,,"Sabelgränden 20, 226 48 Lund"
Werner Home Interior AB,556973-1242,,"Sågstuvägen 2 a Lgh 1603, 141 49 Huddinge"
Kulling Consultant AB,559382-1035,,"Wallingatan 34, 111 24 Stockholm"
danni&danny AB,559451-5297,,"Anna Whitlocks Gata 13, 113 66 Stockholm"
Nordfeldt Design AB,559124-8082,,"Grävlingsvägen 43, 167 56 Bromma"
Noi Studios AB,559130-9504,,"Gullregnsvägen 42, 263 76 Nyhamnsläge"
NHA Design Studio AB,559239-1667,,"Osbergsgatan 11, 426 77 Västra Frölunda"
Kristian & Sofia Consulting AB,559278-1297,,"Stenåldersgatan 18, 442 54 Ytterby"
SP Landskapsarkitektbyrå AB,556666-3596,,"Hagendalsvägen 28, 692 30 Kumla"
Jonas Wallinder Möbelformgivning & Arkitektur AB,556860-1917,,"Kaserngatan 26, 575 35 Eksjö"
Orhan Consulting AB,559295-3672,,"Klippgatan 12 a, 171 47 Solna"
Måns Elander Arkitektur AB,559443-7468,,"Narvavägen 14, 115 22 Stockholm"
Navier Decor AB,559042-9477,,"Sibo Allé 18, 823 91 Kilafors"
Ivica Prgomet AB,559465-9483,,"Atlasgatan 2 b, 113 20 Stockholm"
Peter Andersson Studio AB,559412-5501,,"Verkstadsgatan 1, 117 36 Stockholm"
Agilkon AB,556940-5409,,"Rönnöfors 411 b, 835 98 Offerdal"
PAL Arkitektur & Konstruktion AB,559036-3247,,"Ösögatan 53, 257 33 Rydebäck"
Invexa AB,559258-6001,,"Scheelevägen 17 Ideon Science Park, 223 63 Lund"
RN Mäklarbyrå AB,559242-8618,,"Lobeliavägen 3, 138 39 Älta"
Guldyetin AB,559140-9015,,"Edsviksvägen 125, 182 35 Danderyd"
Ann Stenmark AB,559225-5334,,"John Halls Väg 3, 431 36 Mölndal"
Lerch Arkitektur AB,559375-7288,,"Tyska Bottens Väg 63, 168 41 Bromma"
Arklas Arkitekter och Konsulter AB,556860-1560,,"Skiftesvägen 6, 218 74 Tygelsjö"
Lovén Arkitektur AB,559364-0252,,"Södertorg 12 a, 621 57 Visby"
JAWA AB,556844-9226,,"Lyngåsvägen 15, 432 99 Skällinge"
Urbansdotter Studio AB,556764-5774,,"Skaraborgsgatan 6 a, 118 46 Stockholm"
Foore Nord AB,559156-4553,,"Brånvägen 35, 903 46 Umeå"
SANS AB,559249-9510,,"Kronan h 3 h, 974 42 Luleå"
Balksten Byggnadsvård AB,559164-6749,,"Färgarevägen 13, 455 33 Munkedal"
Studio A.P AB,559399-6191,,"Blockhusvägen 47, 187 46 Täby"
Johanna Kanerud Arkitektur AB,559533-0118,,"Tjädervägen 9, 181 56 Lidingö"
JMatsdotter AB,559358-9939,,"Finborgsvägen 55 Bv, 135 68 Tyresö"
ML Project Management AB,559401-1925,,"Fjällbrudens Väg 9, 132 45 Saltsjö-Boo"
Rydén Arkitektstudio AB,559444-5024,,"Varpvägen 3, 757 57 Uppsala"
Ett vackert kök i Bromma AB,556632-6442,Telefon 08-564 352 90,"Järnvägsgatan 32 Bv, 131 54 Nacka"
Sahlén Arkitektur AB,556814-0718,,"Bollmorabacken 19 Lgh 1205, 135 38 Tyresö"
studio sueca holding AB,559079-8038,,"Hyltebjärsvägen 115, 233 92 Svedala"
Adam Palmér Arkitektur AB,559145-4227,,"Ibsengatan 84, 168 47 Bromma"
Edberg Arkitektkontor AB,556097-7307,,"Banérgatan 45, 115 22 Stockholm"
Arkoform i Falköping Aktiebolag,556226-8473,Telefon 0515-805 80,"Bangatan 6, 521 43 Falköping"
Holding Everything AB,556509-2490,Telefon 070-317 78 09,"Redaregatan 48, 252 36 Helsingborg"
Ludvigsdal AB,559330-0865,,"Stora Västergatan 11, 271 35 Ystad"
ooak architects AB,556946-6013,,"Döbelnsgatan 79 Bv, 113 52 Stockholm"
xrum AB,559072-4984,,"Stefan Löfvings Väg 6, 239 31 Skanör"
Emterling Arkitektur & Design AB,556816-8552,,"Hillervägen 18, 452 97 Strömstad"
dos mil AB,556826-2215,,"Lilla Kyrkogatan 9, 824 42 Hudiksvall"
Lilldal 2:10 Design AB,559029-9375,,"Drottninggatan 90 b 2tr, 111 36 Stockholm"
Eric Jongård Arkitektur AB,559275-6042,,"Michael Löfmans Gata 9 a, 254 38 Helsingborg"
Ad Stina AB,559192-2637,,"Hamngatan 22, 385 40 Bergkvara"
Smallpigart AB,556836-2569,,"Parkslingan 29 a, 178 51 Ekerö"
Malin.I.Sköld AB,559141-4221,,"Storgatan 12 Lgh 1102, 647 30 Mariefred"
Elin Skogkvist AB,559297-4488,,"Erstagatan 20, 116 36 Stockholm"
Faidon Design AB,556922-5146,Telefon 031-743 75 00,Göteborg
Alenhag Design AB,559086-1612,,"Utbildningsgatan 5, 431 40 Mölndal"
Indikavi AB,559257-0898,,"Moragatan 9, 792 30 Mora"
Norenberg Arkitekt NCore AB,556544-9815,,"Banérgatan 83, 115 53 Stockholm"
Caroline Olsson Arkitektur AB,556851-0464,,"Lindvallsplan 6, 117 36 Stockholm"
Scott Rasmusson Building AB,556900-4202,Telefon 073-244 09 87,"Dalagatan 43, 113 23 Stockholm"
Noème AB,559388-5956,,"Valåsgatan 2, 412 74 Göteborg"
PAKO Bygg & Arkitekter AB,559073-3837,,"Bygatan 30, 282 75 Hästveda"
A Melin Consulting AB,559318-0622,,"Hällvägen 11, 824 65 Näsviken"
"People, Spaces & Places AB",559406-5806,,"Planteringsvägen 162, 252 32 Helsingborg"
Studio From Lazar AB,556846-1551,Telefon 08-420 683 19,"Laxvägen 58, 181 30 Lidingö"
PSWAB Aktiebolag,556950-1967,,"Eskadervägen 4, 302 72 Halmstad"
&thebrain AB,559170-7236,,"Kyrkvägen 3, 133 34 Saltsjöbaden"
Karin Rosenberg AB,556906-3349,,"Stövargatan 39 Lgh 1201, 124 61 Bandhagen"
BusyWoman AB,559116-4438,,"Frekevägen 16, 182 65 Djursholm"
Peter Sahlin AB,556529-3445,Telefon 08-702 06 30,"Sandhamnsgatan 75 a, 115 28 Stockholm"
Sevenpines AB,556940-6829,,"Grevgatan 5, 114 53 Stockholm"
Anna Webjörn Arkitektur AB,559032-1989,,"Västerlånggatan 57, 111 29 Stockholm"
Healthy Business Consulting Stockholm AB,559077-3148,,"Jakob Westinsgatan 1 a, 112 20 Stockholm"
Anna Gladh Design AB,559202-4482,,"Nåberga 101, 731 97 Köping"
S Kellari AB,559287-6139,,"Odonkärrsvägen 17, 635 09 Eskilstuna"
Signo Måleri Bygg & Design AB,559490-6405,,"Enbärsgränd 13, 743 64 Björklinge"
Måndagz Morning Design AB,559506-4030,,"Erstagatan 20, 116 36 Stockholm"
Mocca design AB,559349-9154,,"Grevhusgatan 5, 531 31 Lidköping"
AK Egge AB,559486-6419,,"Snorpvägen 4 c, 153 95 Järna"
HLMT EXPERIENCE DESIGN AB,559140-9643,,"Jakobsdalsvägen 15 b, 126 53 Hägersten"
Enebergs konsult AB,559365-7595,,"Käppslängaregatan 51, 463 30 Lilla Edet"
AEO AB,556794-2817,,"Lesikavägen 51, 427 40 Billdal"
O arkitekter AB,559241-1614,,"Fyrvaktarkroken 52, 121 32 Enskededalen"
Ra Arkitektur AB,559399-9153,,"Stora Gungans Väg 13, 122 31 Enskede"
Mannheimer Arkitektkontor AB,556706-0461,Telefon 070-546 02 33,"Karl Xii Gatan 8 a, 222 19 Lund"
Martin Sandin Produktion AB,556878-3830,,"Östgötagatan 36, 116 25 Stockholm"
Plan Design International AB,559484-4663,,"Trollhättevägen 10 Lgh 1404 Von Oldenskiöld, 442 49 Kungälv"
Martina Sandin AB,556932-6951,,"Häradsgränd 3, 183 39 Täby"
MOMA Arkitektkontor AB,556945-7426,,"Pettersbergsvägen 43 b, 129 40 Hägersten"
Renderful AB,559078-0416,,"Lugntorpsvägen 17, 129 43 Hägersten"
Lindroos Arkitektur AB,559095-3625,,"Barlows Väg 22, 134 40 Gustavsberg"
Landskapsfabriken AB,559186-7014,,"Gladsax Bygata 13, 272 94 Simrishamn"
Marko Koistinen Arkitekter AB,559301-8269,,"Torsvikssvängen 11, 181 34 Lidingö"
Annica Clarmell Stylist AB,559350-6529,,"Båtsman Lustigs Gata 62, 422 57 Hisings Backa"
BASTUDIO AB,559293-9564,,"Erik Dahlbergsgatan 13, 211 48 Malmö"
Aron F Arkitekt AB,559333-8345,,"Katarina Bangata 43, 116 39 Stockholm"
Bross Design AB,556938-0214,,"Björke Björkbacken 1, 619 95 Västerljung"
Jaja House AB,559106-6997,Telefon 070-675 42 12,"Bernstorps Gård Falsterbovägen 297-28, 235 91 Vellinge"
Citibuzz AB,559242-6398,,"Södra Kungsvägen 153, 181 61 Lidingö"
Projektkoordinatorerna Göteborg AB,559247-5619,,"Staregatan 6, 426 69 Västra Frölunda"
Bare arkitekt & hus AB,559449-4980,,"Mo 235, 837 94 Järpen"
Inred med Wärme AB,556422-4656,Telefon 076-833 43 14,"Storgatan 25 b, 331 37 Värnamo"
wefurn AB,556988-1203,,"Fritzbergsvägen 93, 186 51 Vallentuna"
Norman Konsult i Uppsala AB,559259-4120,,"Melongatan 4 a, 754 49 Uppsala"
Maggie Soltani AB,559467-5927,,"Växelbruksvägen 54, 137 39 Västerhaninge"
AS-Plan AB,556720-8417,,"Humlebacksvägen 48, 791 44 Falun"
Björn Lundquist Arkitektur AB,559134-9773,,"Pinjestigen 3, 141 41 Huddinge"
Kökspennan i Göteborg AB,559533-5224,,"Ringvägen 48 Bv, 118 67 Stockholm"
PerAxelsson Montage AB,559229-8854,,"Kollerud 53, 685 93 Torsby"
Sätterman Essens Arkitektur AB,559379-2764,,"Brasegatan 23, 441 65 Alingsås"
Åke Axelsson Arkitektkontor Aktiebolag,556131-7511,Telefon 08-541 375 54,"Engarns Byväg 9, 185 51 Vaxholm"
Area Tech Västerås AB,556774-7463,,"Ekevägen 16, 723 41 Västerås"
Vistoc AB,556877-0985,,"Långåsliden 28, 412 70 Göteborg"
Ödmark Arkitektur AB,559409-0929,,"Spetsbergsgatan 6 b, 414 66 Göteborg"
DBW Studio Aktiebolag,556582-3043,Telefon 08-33 09 70,"Strandvägen 7 A3, 114 56 Stockholm"
Appelfeldts Måleri & Interiör AB,556798-2615,,"Holms Väg 26, 616 30 Åby"
Waerst in Skin AB,559405-7068,,"Slandrom 448, 832 93 Frösön"
Northern Interior Design AB,559304-3374,,"Vattentornsgatan 40, 424 37 Angered"
Anders Olsson Kök och Design AB,556835-6124,Telefon 0498-22 04 91,"Othemsvägen 3, 624 49 Slite"
Dreja & G Studio AB,559475-1504,,"Kungsgatan 7, 212 41 Malmö"
Nobella AB,559299-5913,,"Sturegatan 57 b, 791 62 Falun"
Langer Management AB,559279-6584,,"Gustavslundsvägen 149 t Lgh 1401, 167 51 Bromma"
Norel Studios AB,559508-8567,,"Hantverkargatan 7, 112 21 Stockholm"
Elisabeth Ancker EWA Inredningsarkitektur & Design AB,559351-3053,,"Solna Kyrkväg 11, 171 64 Solna"
Fladvad Samhällsprojekt AB,556746-7989,Telefon 08-545 556 41,"Solnavägen 4, 113 68 Stockholm"
Salcin Design AB,559436-0207,,"Fiskarholmsgränd 3, 127 41 Skärholmen"
Studio Aesthemates AB,559510-8407,,"Karlagatan 4, 416 61 Göteborg"
Bon Consulting AB,556809-5524,Telefon 08-410 344 35,"Grankällsvägen 23, 170 61 Solna"
LINNEA DICKSON TRÄDGÅRD AB,559442-7618,,"Ljungarum 1177, 282 73 Sösdala"
Jesper Nyborg Design AB,559226-2751,,"Skolgränd 1 Lgh 1101, 118 24 Stockholm"
Von Snoilsky AB,559502-7235,,"Prästgårdsgatan 5, 412 71 Göteborg"
Raym AB,559022-2377,,"Långgatan 35, 745 30 Enköping"
Trinity Showroom Sverige AB,559477-6790,,"Frostgatan 228, 254 75 Ödåkra"
Rosu Fastighets AB,559326-0689,,"Sturegatan 27, 172 31 Sundbyberg"
Malin Muhr AB,559454-5021,,"Nybrogatan 46, 114 40 Stockholm"
DE Projektledning & Butiksplanering AB,556627-1507,Telefon 08-38 61 86,"Fysikvägen 27, 176 65 Järfälla"
Karins Trädgård AB,559038-5851,,"Skjutbanevägen 45, 191 44 Sollentuna"
Aktiebolaget Carl-Magnus and friends,556649-5064,Telefon 031-40 97 55,"Sveagatan 23 b, 413 14 Göteborg"
NNH Design AB,556770-4324,,"Skridskovägen 2, 151 59 Södertälje"
Marcus Abrahamsson Arkitektur AB,559122-0404,,"Fyrisgränd 3, 128 44 Bagarmossen"
Linda Camara AB,559491-7659,,"Wahlbomsvägen 57, 392 57 Kalmar"
Insolvius AB,556921-9578,,"Trumslagargatan 4, 125 34 Älvsjö"
Anna Z Consulting AB,559345-2831,,"Belevägen 8, 182 64 Djursholm"
SM Design i Sävedalen AB,556896-7664,,"Tunvägen 16, 433 64 Sävedalen"
Laflamme Arkitekter AB,559124-7399,,"Kryddgränd 4 Lgh 1008, 123 58 Farsta"
T. BERGERBERGER AB,556862-6161,,"Flintbacken 24, 118 42 Stockholm"
Studio Plong AB,556867-4971,,"Mormorsmossevägen 2, 134 65 Ingarö"
BYGGFENOMEN Stockholm AB,556876-8872,,"Ranhammarsvägen 20, 168 67 Bromma"
Erika Martin arkitekter AB,559089-5966,,"Nybyvägen 74, 243 93 Höör"
Cappelen Creative AB,559210-3351,,"Örums Norregata 36, 271 76 Löderup"
Sofia Wirström EWA Inredningsarkitektur & Design AB,559346-7342,,"Skogvaktargatan 3, 115 42 Stockholm"
Studio Sahl AB,559498-2182,,"Muddervägen 8 b, 904 26 Umeå"
TAF AB,556904-8308,,"Havregatan 7, 118 59 Stockholm"
Plym Projekt AB,559025-2119,,"Rödhakevägen 6, 352 73 Växjö"
LWD projekt AB,559189-4612,,"Kapellgatan 27, 461 57 Trollhättan"
LJUNGBLOM Landskap & Mark AB,559207-8991,,"Länsmansgatan 6, 256 56 Helsingborg"
Vainikka Studio AB,559459-2072,,"Glasmästaregatan 14, 412 62 Göteborg"
Orkan landskap AB,559523-5093,,"Mjölnaregatan 1, 411 05 Göteborg"
Fifteen Eleven AB,559109-3488,,"Repslagargatan 11 2tr Lgh 1004, 118 46 Stockholm"
Más o menus AB,559352-5727,,"Skåre Tvärgränd 7, 231 93 Trelleborg"
Fastighetsliv AB,559424-0375,Telefon 070-233 21 96,"Bågevägen 81 c Lgh 1202, 856 52 Sundsvall"
Öresund Strategy & Design AB,556804-5032,,"Per Eskils Gata 2, 256 56 Helsingborg"
Studio Schang AB,556985-9613,,"Himmelstorpsvägen 61, 269 73 Förslöv"
Tillark AB,559121-1502,,"Skagersvägen 26, 120 38 Årsta"
Anna Starrén AB,559417-9771,,"Gryssnäs 2, 514 94 Sjötofta"
Nasiri Arkitektur AB,559475-0696,,"Sankt Göransgatan 146, 112 17 Stockholm"
Voie Architecture & Design Direction AB,559541-0894,,"Lindhultsgatan 5, 416 44 Göteborg"
Below Arkitektkontor Aktiebolag,556259-0322,Telefon 076-870 10 10,"Ljusslingan 1, 120 31 Stockholm"
Nord architecture & arts AB,559189-5015,,"Storgatan 29, 703 63 Örebro"
Formara AB,559532-7726,,"Ingemarsgatan 5, 113 54 Stockholm"
Studio m2 inredning AB,559480-2182,,"Åstorpsvägen 4, 144 62 Rönninge"
Vendredi AB,559383-0184,,"Östermalmsgatan 26 a, 114 26 Stockholm"
Eva Nyström Design AB,556629-4624,Telefon 046-30 46 16,"Helmfeltsgatan 3, 211 48 Malmö"
Tant Krull AB,556950-2346,,"Bondegatan 31, 116 33 Stockholm"
Grip Torarp AB,559441-9078,,"Bredgränd 4, 111 30 Stockholm"
Draken Holding AB,556692-5565,,"Skeppsbron 28, 111 30 Stockholm"
Living Inside Out AB,559266-9252,,"Skördegatan 13, 256 56 Helsingborg"
Jippie design & kommunikation AB,559401-1172,,"Sörgården Lanna, 541 93 Skövde"
Bräckt AB,559152-3716,,"Bondegatan 74, 116 33 Stockholm"
Anneli Samuelsson Arkitektkontor AB,556881-2027,,"Kom Snart Igen 7, 392 31 Kalmar"
Arkitektbyrå Lilla Sthlm AB,559171-3721,,"Drakenbergsgatan 8 Lgh 1305, 117 41 Stockholm"
Henning Arkitektur AB,559204-3029,,"Häverö Kyrkväg 74, 763 94 Hallstavik"
MATHÉ ARKITEKTER AB,559247-4638,,"Stortorget 3, 111 29 Stockholm"
IDWI STUDIO AB,559512-5013,,"Annerovägen 23, 513 50 Sparsör"
Lisa Stridfelt Inredning Aktiebolag,556591-7720,,"Styrmansgatan 9, 114 54 Stockholm"
Ahem Inredning & Arkitektur AB,556682-3521,,"Kaplanvägen 17, 194 43 Upplands Väsby"
Soder Design AB,556761-7104,Telefon 070-662 90 24,"Schultzvägen 28, 170 63 Solna"
Garden Harmony AB,559293-9044,,"Ekholmsstranden 10, 371 37 Karlskrona"
DESSDE AB,559143-4195,Telefon 073-320 07 47,"Karlskronaplan 3 Lgt 4, 214 36 Malmö"
Trimab AB,556894-9530,,"Timmermansvägen 20, 632 23 Eskilstuna"
A3 HUS AB,559198-0916,,"Jubileumsvägen 18, 573 43 Tranås"
Gerd Sellgren AB,556910-1917,,"Hanna Nilssons Väg 3, 176 68 Järfälla"
2Boman AB,559093-8253,,"Humlegränden 5, 261 39 Landskrona"
Tina Marin Designstudio AB,559300-6322,,"Gjörwellsgatan 45, 112 60 Stockholm"
Arkitekt Rolf Bergsten AB,556767-3164,,"Forellvägen 2, 832 53 Frösön"
Mamoko AB,559007-4000,,"Repslagaregatan 5 Lgh 1101, 211 21 Malmö"
Formwis AB,559039-7138,,"Eriksbergsgatan 12, 114 30 Stockholm"
Nordic Palm AB,559475-9945,,"Rosendalsvägen 84, 253 55 Mörarp"
NM Husarkitektur AB,559047-8441,,"Östra Sjöstigen 8, 725 91 Västerås"
House Factors - Bygg & Arkitekt AB,559204-3144,,"Fräsaregatan 13, 341 34 Ljungby"
Malmelid consulting AB,559447-1178,,"Värlingevägen 244-0, 231 94 Trelleborg"
Rstudio Retail Planning AB,559228-6800,,"Andra Långgatan 46, 413 18 Göteborg"
Blomsterboden i Österbybruk AB,559332-9096,,"Lövuddsvägen 12, 748 42 Örbyhus"
House of Bradford AB,559045-9102,,"Björkängsgatan 22, 504 57 Borås"
Rebeccas Hus och Hem AB,559481-0888,,"Westerbergs Gata 18 Lgh 1001, 302 26 Halmstad"
Bornholm&Bornholm AB,559229-3764,,"Jutevägen 4 a, 192 77 Sollentuna"
Fischerfive AB,556843-2776,,"Flat 242, 453 91 Lysekil"
Elin Kärrman AB,559198-9370,,"Grönegatan 24 Lgh 15 24-1202 Elin Kärrman, 222 24 Lund"
KARSPO AB,559250-2834,,"Sunnebovägen 9, 132 46 Saltsjö-Boo"
Visö Arkitektur AB,559335-0522,,"Blackensvägen 75, 125 32 Älvsjö"
JCVA AB,556923-8933,,"Råbackaslingan 1, 433 51 Öjersjö"
Gunnagården Förvaltning Aktiebolag,559144-5464,,"Vist 903, 523 37 Ulricehamn"
Arctic Studio Arkitektkontor AB,556764-5733,Telefon 073-654 73 44,"Rundradiogatan 55, 421 35 Västra Frölunda"
NMH Management AB,556773-6748,Telefon 08-660 62 00,"Banvägen 52, 175 67 Järfälla"
Arteno AB,559193-4087,,"Smedjevägen 35, 131 33 Nacka"
Magnus Wiström AB,556540-2897,Telefon 070-185 85 84,"Solviksvägen 33, 132 37 Saltsjö-Boo"
Sugar Bowl Totalentreprenad AB,559372-6051,,"c/o Bolagspartner avveckling, Box 1067, 221 04 Lund"
Byrå Edgren AB,559413-7837,,"Hängestensvägen 5, 421 67 Västra Frölunda"
Fastighetsbolaget Stenöre AB,556081-5143,,Limhamn
Highfield AB,559194-9598,,"Fregattgatan 13 b, 371 36 Karlskrona"
STIL Maria Nyblom AB,559294-5199,,"Lillbodavägen 30, 184 91 Åkersberga"
Wallenberg Fastighetsförmedling AB,556790-2654,Telefon 08-729 70 80,"Upplandsgatan 58, 113 28 Stockholm"
BOSTDESIGN AB,559225-9773,,"Styrfarten 5, 417 64 Göteborg"
Amunvi Concept AB,559374-2900,,"Terrängvägen 1, 181 29 Lidingö"
Linnea Märak Interiör AB,559245-5843,,"Sandsborgsvägen 16, 122 33 Enskede"
Tradition Arkitekter AB,559269-2106,,"Hagavägen 10 Lgh 1103, 169 69 Solna"
Seidie Känsäkangas AB,559458-0150,,"Ringvägen 47 b, 181 51 Lidingö"
Studio Axel Bjurström AB,556801-8260,Telefon 070-511 19 08,"Rorgängargatan 3 1201, 120 68 Stockholm"
Penna till Spik AB,556927-6560,,"Karsholmsgatan 6, 216 19 Malmö"
Isabell Steger Arkitektkontor AB,559234-2785,,"Trollvägen 13, 133 34 Saltsjöbaden"
ROOR arkitekter AB,556835-4251,Telefon 08-720 18 90,"Sedumbacken 12, 168 75 Bromma"
KARLA arkitekter AB,556982-8618,,"Hamngatan 21 b, 172 66 Sundbyberg"
Tinygold Productions AB,559240-3157,,"Karlavägen 20 b, 553 38 Jönköping"
KLARFORM AB,559457-8048,,"Margretedalsvägen 15 c, 646 34 Gnesta"
Stockholm Studio Kitchen AB,559426-5034,,"Wollmar Yxkullsgatan 50, 118 50 Stockholm"
OE visualisering AB,559145-9002,,"Hildebergsvägen 8, 117 62 Stockholm"
Ampoule AB,559379-7821,,"Athos Väg 22 b, 184 92 Åkersberga"
Nicholas Préaud AB,559424-3809,,"Maria Prästgårdsgata 67, 118 52 Stockholm"
Cahula AB,556950-8673,Telefon 073-312 45 01,"Cederflychtsvägen 21, 443 31 Lerum"
SULE/RAHM AB,559399-8577,,"Gräsandsgatan 15, 133 41 Saltsjöbaden"
etelle studio AB,559305-8893,,"Torsgatan 46, 113 62 Stockholm"
LINDKVIST CREATIONS AB,559108-7951,,"Egnahemsvägen 41, 141 38 Huddinge"
Susolution AB,559471-1979,,"Sörbytorp 1220, 288 90 Vinslöv"
Bengt Husritare Aktiebolag,556834-4336,,"Nedre Gatan 134, 261 61 Landskrona"
Yarm Consulting AB,559113-8879,,"Vikbyvägen 42, 181 43 Lidingö"
Vår AB,559379-1576,,"Helmfeltsgatan 8, 211 48 Malmö"
Perbrunos Retuscheri AB,559027-5219,,"Drejskivans Väg 1, 195 59 Märsta"
Sams Space AB,559425-3345,,"Torsgatan 37, 113 62 Stockholm"
c/o Öhrn AB,559058-1590,,"Kvarnvägen 14, 137 56 Tungelsta"
Sundh arkitektur AB,559414-3785,,"Trollhättegatan 16, 553 12 Jönköping"
Bornstein Arkitektur och Media AB,559282-1366,,"Stavstigen 9, 417 02 Göteborg"
Bidevind Studio AB,559094-6819,,"Grönlundsvägen 10, 746 93 Bålsta"
Ljusstudion Kent Hulusjö AB,559356-6523,,"Riddersbergs Säteri 4, 555 92 Jönköping"
Tengman Stadsutveckling AB,559446-0924,,"Hillarpsvägen 85, 269 91 Båstad"
HFK AB,559355-2176,,"Bjurholmsplan 27, 116 63 Stockholm"
Eltjänst A.H. Eriksson Aktiebolag,556119-0330,,"Högdalsvägen 2, 136 75 Vendelsö"
Building Pieces AB,556758-7414,,"Prylvägen 14, 126 38 Hägersten"
Malmo Allstars Consulting AB,559011-2263,,"Drottninggatan 15, 252 21 Helsingborg"
Johan Wegbrant Arkitektur AB,559294-5959,,"Teknologgatan 6, 411 32 Göteborg"
Hadestens Bilhandel AB,559019-6415,,"Nacka, 131 46 Nacka"
Jo.Pia Production AB,556520-5001,Telefon 040-12 14 18,"Stora Nygatan 42, 211 37 Malmö"
Folkstaden arkitekter AB,556900-2073,,"Allmänna Vägen 2 b, 414 60 Göteborg"
"The Heads, Henrik Architecture & Development Studio AB",556905-6756,,"Jakobsgatan 27 c, 111 52 Stockholm"
Rimfall AB,559292-1562,,"Hirdvägen 17, 168 53 Bromma"
Atmosfär by Attar AB,556889-9149,,"Hälsingegatan 13, 113 23 Stockholm"
Faxberg arkitektur AB,559495-7416,,"Skottårsgatan 16 Lgh 1402, 415 32 Göteborg"
Anders Hjelm Studio AB,559185-9623,,"Ivar Wikers Väg 6, 436 58 Hovås"
CAD LAB RESEARCH Aktiebolag,556086-4414,Telefon 0300-54 40 49,"Torpa Ryetvägen 46, 439 74 Fjärås"
Sätterlund foto&interiör AB,559347-8935,,"Djörmovägen 18, 785 61 Djurås"
Nivis Pluma AB,556983-3196,,"Stövarvägen 4, 141 38 Huddinge"
Noda Concepts AB,559140-5393,,"Gjutmästare Rosbergs Väg 8, 176 69 Järfälla"
Arkitekt Rasmus Waern AB,559338-5130,,"Daggstigen 3, 163 55 Spånga"
NOVEMBER DESIGN AB,559511-4231,,"Månvägen 21 a, 181 51 Lidingö"
Rms Hemdesign AB,556804-3144,Telefon 070-620 30 71,"Sjöhagsvägen 44, 664 95 Borgvik"
Atelier 01 arkitektur Aktiebolag,556306-1851,,"Östra Ryttmästaregatan 1, 217 52 Malmö"
H7 Arkitektur AB,559034-3751,,"Hermodvägen 7, 182 66 Djursholm"
Sunstory AB,559278-3756,,"Karl Gustavsgatan 17 b, 411 25 Göteborg"
Lars Ancker Arkitektkontor AB,559059-3975,,"Norrbackagatan 20, 113 41 Stockholm"
Oscar Södergren Design AB,559212-9505,,"Björnänge Ladan 707, 837 97 Åre"
STZ Home AB,559228-0712,,"Mellanhedsgatan 31, 217 73 Malmö"
Capelli Fiori AB,559466-3840,,"Örån 125, 836 92 Lit"
Carolin Svensson AB,559022-1536,,"Nytorgsgatan 23 b, 116 40 Stockholm"
forsberg arkitektur AB,559144-3790,,"Mellangatan 16, 621 57 Visby"
Erik Olofsson Design AB,559178-3260,,"Måbärsvägen 15, 904 34 Umeå"
Beskow Beskow Aktiebolag,559308-8627,,"Esplanaden 20, 265 34 Åstorp"
FW Projekt AB,559526-0059,,"Hornsbruksgatan 3 a, 117 34 Stockholm"
Ritkonstruktion i Göteborg Aktiebolag,556295-1516,,"Tråkärrsslättvägen 7, 427 50 Billdal"
Studio Eva Schildt AB,559064-3028,,"Runebergsgatan 6, 114 29 Stockholm"
CASPA Consulting AB,559258-0731,,"Stationsvägen 25, 837 52 Åre"
Levande Lejon Inredning Aktiebolag,556452-0905,Telefon 036-30 77 40,"Narvavägen 15, 554 48 Jönköping"
Studio Petter Bäcklund AB,559193-4913,,"Wollmar Yxkullsgatan 50, 118 50 Stockholm"
Pur Interiör & Koncept AB,559396-1633,,"Brukstorget 18, 432 40 Varberg"
Arkitektstudio Widjedal Racki AB,556656-6740,,"Artillerigatan 28, 114 51 Stockholm"
Lightstore Sweden AB,559002-4567,,"Olaigatan 47 Lgh 1102, 703 61 Örebro"
MOODUS AB,556723-7499,,"Nissastigen 8 Lgh 1101, 128 41 Bagarmossen"
Tilia Design AB,559327-8400,,"Tellusvägen 2, 135 47 Tyresö"
CM TJÄNSTER AB,559515-6430,,"Bolmörtsvägen 3, 352 51 Växjö"
An Amazing Interior in Stockholm AB,556751-6967,,"Karlavägen 22, 114 31 Stockholm"
Meri Kristen Aktiebolag,559359-6025,,"Gåshagaleden 91, 181 66 Lidingö"
Studio Skogsö AB,559437-0198,,"Gamla Skolvägen 34, 133 35 Saltsjöbaden"
H.K:s Ritkontor Aktiebolag,556120-9015,,"Åkerslundsgatan 12, 167 72 Bromma"
Casca Consulting AB,556993-7252,,"Sturegatan 54, 503 42 Borås"
Karin Rosander Konsult AB,559385-4572,,"Granskogsvägen 60, 165 75 Hässelby"
Byggstudio & Petter Odevall AB,556924-6050,,"Brännkyrkagatan 13 b, 118 20 Stockholm"
Gunilla Allard AB,556605-3434,Telefon 070-601 80 20,"Hästhagen 7, 147 92 Grödinge"
Anton Casper Eriksson Arkitektur AB,559355-6631,,"Pontonjärgatan 28, 112 37 Stockholm"
The Local Studio AB,559377-0299,,"Örehultsvägen 33, 517 33 Bollebygd"
Arkitektkontoret Frans Liliedahl AB,559400-7659,,"Rörläggarevägen 14, 227 30 Lund"
Ljungberg Manrell Arkitektur och Ljusdesign AB,559164-6723,,"Folkungagatan 103, 116 30 Stockholm"
VikArch AB,559500-9779,,"Boplatsvägen 15, 174 41 Sundbyberg"
Derk Ingenjörs- & Arkitektkontor AB,556359-8415,Telefon 08-601 98 11,"Brännäsvägen 21, 134 66 Ingarö"
Francos Corner AB,559037-1752,,"Götgatan 35 3tr, 116 21 Stockholm"
Lindqvist Interior & Design AB,559283-7834,,"Moa Martinsons Gata 2, 603 78 Norrköping"
Åsa Mårtensson AB,559395-8480,,"Kyrkberget 30, 783 92 Stora Skedvi"
Plato Ljusdesign AB,559208-9022,,"Södra Bulltoftavägen 54 b, 212 43 Malmö"
HUS 49 AB,556784-5630,,"Råda Portar 104, 435 32 Mölnlycke"
Jaki Consulting AB,559003-5530,,"Almvägen 7, 141 43 Huddinge"
Ottil AB,559153-0257,,"Blekingegatan 65 Lgh 1201, 116 62 Stockholm"
Camilla Kärnestedt AB,559266-7819,,"Lundsbergsvägen 43, 434 98 Kungsbacka"
Urban Art Studio AB,559512-2366,,"Hornsgatan 26 a, 832 42 Frösön"
Bjurman Dufils AB,559170-3144,,"Eddavägen 6, 181 61 Lidingö"
T-WINS Förvaltnings AB,556535-9550,Telefon 076-590 39 49,"Prästgårdsalle 44 d, 194 41 Upplands Väsby"
Kreativinspo i Skåne AB,559383-2669,,"Veberöd 383, 247 96 Veberöd"
Struktural Sverige AB,559471-6663,,"Grindtorpsvägen 35 2001, 183 49 Täby"
Niklas Mårtensson AB,559450-3723,,"Höglandstorget 5, 167 71 Bromma"
Animationsakademin Aktiebolag,556367-7862,,"Tjärhovsgatan 36, 116 21 Stockholm"
Crónan Gotz Consulting Aktiebolag,559227-5092,,"Björkgatan 20, 214 34 Malmö"
Bratt Lifestyle Architecture AB,556462-1752,Telefon 08-556 150 75,"Vikdalsvägen 50, 131 40 Nacka"
JE Husdesign AB,559276-0903,,"Altonavägen 11, 312 31 Laholm"
Cirkulera AB,559342-1364,,"Lindängsvägen 41 a, 523 48 Ulricehamn"
VincentVigren AB,559077-6968,,"Karlshamnsgatan 6, 214 35 Malmö"
M.T. Vision Aktiebolag,556636-6653,,"Hasselbergsvägen 29, 168 51 Bromma"
A Solo Design AB,559253-5719,,"Föreningsgatan 29, 254 38 Helsingborg"
Karin Axelsson Consulting AB,559253-5560,,"Stadsbudsgatan 11, 227 36 Lund"
annagalli AB,559402-5222,,"Fruktvägen 8, 131 33 Nacka"
Wijkmark Universal AB,559255-6079,,"Ekehjelmstorget 4, 118 54 Stockholm"
Daniel Björklund Studio AB,559438-6434,,"Fornuddsvägen 22 a, 135 52 Tyresö"
Räveld AB,559440-8857,,"Getinge 405, 247 97 Flyinge"
Carlson Ahnell AB,556548-3830,Telefon 040-30 59 77,"Kilian Zollsgatan 5 a, 217 56 Malmö"
L&D Consulting AB,559282-0210,,"Norensbergsgatan 54, 702 15 Örebro"
A.Ryk Arkitektkontor AB,559535-6089,,"Vattentornsvägen 11, 141 39 Huddinge"
Riteriet i Malmö AB,559177-4400,,"Hörlanders Väg 23, 212 36 Malmö"
MW Arkitektur Stockholm AB,559313-1153,,"Garvargatan 11, 112 21 Stockholm"
Rahms Consulting AB,559484-5959,,"Torsbygatan 13, 123 41 Farsta"
Mesial AB,556458-5767,Telefon 070-655 99 50,"Östra Idrottsallén 22, 903 42 Umeå"
Pixbo Kakel & Design AB,556939-2177,,"Sanatoriegatan 26 a, 416 53 Göteborg"
Wetech AB,559009-7183,,"Ringvägen 147, 116 65 Stockholm"
Orbacks Barn Aktiebolag,556590-9313,,"Ruddammsvägen 21, 114 21 Stockholm"
Myrsäter group Sweden AB,559324-9732,,"Trådgatan 1, 593 75 Gunnebo"
Studio Garanty AB,559022-4738,Telefon 076-854 63 52,"Erik Dahlbergsgatan 25 Lgh 1302, 115 32 Stockholm"
A-G konsult Sverige AB,559508-6959,,"Polhemsgatan 25, 112 30 Stockholm"
TT Inredningsarkitektur & Möbeldesign AB,559050-6035,,"Askrikevägen 32, 181 46 Lidingö"
SPECTUS Konsult AB,559328-5082,,"Faktorsvägen 7, 944 94 Jävrebyn"
LINNSK AB,559245-6148,,"Svangatan 17 a, 416 68 Göteborg"
CULTUM design AB,559397-3935,,"Flädie Kyrkväg 21, 237 91 Bjärred"
RIME Solutions AB,559464-7074,,"Lavalvägen 12, 131 41 Nacka"
Fresh Eyes Consulting AB,559518-8821,,"Östermalmsgatan 94, 114 59 Stockholm"
Intill Arkitektur AB,559415-1721,,"Kungsgatan 12, 652 24 Karlstad"
Ax Arkitekter AB,559141-6093,,"Björngårdsgatan 4 Bv, 118 52 Stockholm"
Wasted Years AB,556943-2742,,Stockholm
Pia Hellgren Consulting AB,559252-2501,,"Dalgårdsvägen 1, 121 33 Enskededalen"
Danai Lytra AB,559423-8783,,"Blekingegatan 27, 118 56 Stockholm"
Mosebacke Interiors AB,559348-6938,,"Kungstensgatan 31, 113 57 Stockholm"
WiLi AB,559342-3105,,"Aspåsvägen 71, 835 42 Krokom"
MAST AB,559070-8490,,Klippan
JB Arkitektur & Bygg AB,559412-4728,,"Funäsdalshöjden 6 b, 846 72 Funäsdalen"
Stockholm Stores AB,559062-8094,,"Valhallavägen 108, 114 41 Stockholm"
Mattias Karlsson arkitekter AB,559207-2200,,"Svenslyckegatan 19, 416 56 Göteborg"
arkitektstudio haga AB,559210-5265,,"Södra Tjärngatan 3, 852 33 Sundsvall"
L.A Corporate Solutions AB,559455-4049,,"Lagnöbacken 10, 134 32 Gustavsberg"
Skiers Konsult AB,556264-4590,Telefon 0280-320 22,"Örnstigen 12, 780 91 Sälen"
Kangärde Design AB,559102-7882,,"Jägarstigen 40, 181 46 Lidingö"
ett koncept strandvägen AB,559111-7725,,"Brahegatan 58 4tr, 114 37 Stockholm"
Leckström Design AB,559379-8027,,"Iländavik 20, 179 98 Färentuna"
Sofias Trädgårdsstudio AB,559427-7583,,"Trefasgatan 4, 721 30 Västerås"
Moxon House AB,556865-3868,Telefon 070-254 77 87,"Lobovägen 15 b, 269 35 Båstad"
Fredrik Paulsen AB,559337-2435,,"Grenljusbacken 26 Lgh 1704, 117 65 Stockholm"
Anders T Möller arkitekter AB,556980-3694,,"S:T Jörgens Plats 8 Lgh 1101, 252 20 Helsingborg"
Calixter AB,559160-9226,,"Neongatan 11, 431 53 Mölndal"
HelgessonGonzaga Arkitekter AB,556992-1975,,"Villagatan 11, 457 72 Grebbestad"
Lyckokatt AB,559362-1385,,"Gammelgårdsvägen 23, 112 64 Stockholm"
Wille Skoglunds Snickerier AB,559282-7793,,"Skönstaholmsvägen 53, 123 60 Farsta"
Ödbjörn Trading AB,556889-4470,,"Markvägen 20, 162 71 Vällingby"
Ulrika Karlgren AB,559291-1092,,"Pyrolavägen 41, 181 60 Lidingö"
Sekel interiör AB,559358-6455,,"Riddar Tures Väg 12, 433 31 Partille"
LENA GRAN DESIGN AB,559437-8886,,"Älggatan 18 a 1202, 216 13 Limhamn"
STOCKHOLM KUL AKADEMI AB,556984-4987,,"Ronnebyvägen 16, 121 52 Johanneshov"
KvickRoosa AB,556985-7237,,"Källgatan 11 b, 722 11 Västerås"
Collective Sublime AB,559071-6840,,"Åsögatan 122, 116 24 Stockholm"
AMK Projektering AB,559256-0782,,"Åsgatan 15, 591 35 Motala"
Levute AB,559474-8252,,"M/S Nordstjärnans Väg 25, 294 94 Sölvesborg"
Gösta Kilgren Arkitektkontor Aktiebolag,556212-5756,Telefon 018-10 44 30,"Hjalmar Brantingsgatan 3 a, 753 27 Uppsala"
Browall Consulting AB,556880-4644,Telefon 08-755 25 83,"Källtorpsvägen 5, 183 71 Täby"
Avelsås Ull & Inredning AB,559405-2937,,"Nedre Avelsås 104, 523 99 Hökerum"
Hovås stil & städ AB,559490-5456,,"Norra Allégatan 8, 568 32 Skillingaryd"
Sandareds Arkitektkontor AB,556991-1000,,"Bryggaregatan 10 b, 503 38 Borås"
Form IQ AB,559458-6710,,"Kullbäckstorpsvägen 33 d, 435 42 Mölnlycke"
ES.Home AB,559209-1192,,"Exercisvägen 1 a, 451 34 Uddevalla"
Marin Properties Sthlm AB,559500-7724,,"Norrtullsgatan 31, 113 27 Stockholm"
Olivias spargris AB,559429-3515,,"Schlytersvägen 34, 126 50 Hägersten"
Hvass Studio AB,559458-5241,,"Fjällbo Park 1, 415 74 Göteborg"
Villa Sjöstrand AB,556675-1714,,"Orrgränd 1, 132 35 Saltsjö-Boo"
Executive Management Consulting Stockholm EMC AB,556833-2174,,"Grevgatan 22, 114 53 Stockholm"
Sophia Tillman AB,559369-4374,,"Kyrkogårdsvägen 43, 121 33 Enskededalen"
Nadab Aktiebolag,556242-9919,,"Vall Kulstäde 521, 621 93 Visby"
AHA - Agneta Hahne Arkitekter AB,556585-6696,Telefon 040-611 25 30,"Västergatan 18 b, 211 21 Malmö"
L CadProjekt architecture-engineering AB,559042-6945,,"Lobovägen 13 a, 269 35 Båstad"
Susanne Lilja Art & Design AB,559069-6752,,"Lekullevägen 6 a, 436 45 Askim"
Style OH Inredning AB,559268-4087,,"Gräsdalsgatan 10, 653 36 Karlstad"
Igelbacken Interiör AB,559306-7936,,"Igelbacken 51, 170 62 Solna"
Linneas Allmännytta AB,559356-2969,,"Svartbäcksgatan 96 b, 753 35 Uppsala"
Anders Wilhelmson Arkitektkontor Aktiebolag,556334-7300,,"Ranhammarsvägen 20 c 1tr, 168 67 Bromma"
Prinby AB,556815-2366,,"Fågelvägen 24, 195 33 Märsta"
Bergtagen Antik & Design AB,556870-4828,,"Magasinsgatan 2, 733 30 Sala"
Valeriemaklerie AB,559517-2924,,"Brännkyrkagatan 92, 117 26 Stockholm"
North Studio AB,559310-4366,,"Borgstigen 1, 832 51 Frösön"
Gröna Gatan Design & Trädgård i Halland AB,559507-8386,,"Greppered 205, 311 65 Vessigebro"
STYLE BY CHIROWSKI AB,559520-3737,,"Villebrådsgatan 52, 741 45 Knivsta"
Anki Gneib Design AB,556714-4984,,"Chapmansgatan 4 Lgh 1004, 112 36 Stockholm"
Offscreen AB,559131-3092,,"Åsögatan 158, 116 32 Stockholm"
NAVJORD Arkitektur AB,559316-3131,,"Karl Johansgatan 29, 414 49 Göteborg"
Kils Byggelement Aktiebolag,556107-2769,Telefon 054-54 43 00,"Tolita Karlslund 1, 665 92 Kil"
SVENNINGSSONS EL AB,556787-7658,,"Wennerbergsgatan 6 b, 112 58 Stockholm"
TOREKULL Interior Architecture and Design & Partners AB,559395-2723,,"Stora Gråmunkegränd 5, 111 27 Stockholm"
IBD Design AB,559400-5026,,"Johannesberg 7, 178 91 Munsö"
Fastighetsdialog AB,556849-3836,,"Hornsgatan 15, 118 46 Stockholm"
MERA styling & inredning Anna Söderberg AB,559405-9353,,"Tallspinnarvägen 16, 125 57 Älvsjö"
Ahstic AB,559075-9295,,"Fabrikörvägen 4 d, 131 52 Nacka Strand"
Cedhag Villaritning AB,559211-8136,,"Riddersberg Sekebo 5, 561 61 Tenhult"
Hanna Lindblom AB,559347-5188,,"Nibbla Gård 3, 178 53 Ekerö"
Axelsson Development AB,559289-7739,,"Dalgatan 7 b, 852 33 Sundsvall"
Lomar Arkitekter Aktiebolag,556524-4836,Telefon 08-441 76 97,"Fleminggatan 49, 112 32 Stockholm"
SS HomeEvent AB,559284-1315,,"Ångaren Indias Gata 4, 417 61 Göteborg"
Moa Rundlöf AB,559350-3849,,"Växelmyntsgatan 23 b, 414 85 Göteborg"
Flaskeberget Fastighet AB,559005-9126,,"Verkstadsgatan 4, 447 37 Vårgårda"
coloredhome AB,559108-5518,,"Folkungagatan 10 a, 753 36 Uppsala"
Bruno Designstudio AB,559331-3090,,"Grindstugegatan 3, 654 65 Karlstad"
Duo Studio AB,556706-3903,,"Kyrkstigen 6, 574 41 Vetlanda"
ArkiStudio AB,559431-0764,,"Rinna Söderväg 31, 517 33 Bollebygd"
Vitruvius Byggprojekt i Varberg AB,559517-4664,,"Hästhagavägen 10, 432 52 Varberg"
Villa Arkitektur i Sölvesborg Aktiebolag,556497-6891,Telefon 0456-131 90,"Floravägen 35, 294 34 Sölvesborg"
Moa Lundholm AB,559355-3018,,"Kungsgatan 36 h, 713 31 Nora"
FLWRS AB,559375-3527,,"Tollareslingan 3, 132 49 Saltsjö-Boo"
Hellqvist Studio AB,559415-7405,,"Kocktorpsvägen 56 a, 132 43 Saltsjö-Boo"
LinHem AB,559472-4030,,"S:T Larsgatan 23, 582 24 Linköping"
Studio NAB AB,559497-1748,,"Österviksvägen 14, 139 71 Stavsnäs"
Studio 451 AB,559500-8342,,"Rådmansgatan 16, 114 25 Stockholm"
Makemy AB,556695-1108,,"Duvvägen 3, 352 73 Växjö"
Like Studio AB,559141-5277,,"Gärdesta 3 Norra Flygeln, 611 99 Tystberga"
Pål Tyllström Arkitektkontor AB,559248-0692,,"Holländargatan 26 b, 113 59 Stockholm"
Melin Fastighet AB,559063-8325,,"Hästeviksgången 14 a, 426 71 Västra Frölunda"
Nisch Arkitekter AB,559499-6356,,"S:T Olofsgatan 60 a, 753 30 Uppsala"
COMOYOKO AB,559349-1763,,"Kometvägen 9, 183 33 Täby"
Aktiebolaget Lars Harrysson Arkitekt- och Ingenjörsuppdrag,556382-8960,Telefon 0430-103 60,"Smedjegatan 6, 312 30 Laholm"
Details & Design 85 AB,559319-8202,,"Nynäsvägen 316, 122 34 Enskede"
KAN Arkitektur och Projektledning AB,559518-6791,,"Björnstigen 15, 165 71 Hässelby"
Mats Jakobsson Management AB,556833-4444,,"Jaktplansgatan 18, 723 48 Västerås"
Lyrace AB,556837-7948,Telefon 08-559 110 05,"Berghällsvägen 2 a, 746 92 Bålsta"
NOPE STOCKHOLM AB,559056-9504,,"Stråkvägen 41, 187 34 Täby"
Elina Åhlén Design Studio AB,559384-4029,,"Svedjegatan 8, 504 45 Borås"
C&T Näslund Arkitekt & Bygg Aktiebolag,559146-0448,,"Varpevägen 41, 430 85 Brännö"
Orthén Konsult AB,556866-9740,,"Slitvägen 23, 132 44 Saltsjö-Boo"
Studio Hamlin Rolandsson AB,559228-0035,,"Mälarvägen 15, 645 61 Stallarholmen"
Asperum AB,556520-8005,,"Sturegatan 18, 702 14 Örebro"
ADCL AB,559265-7190,,"Ringvägen 56 a, 133 35 Saltsjöbaden"
Kolbe Arkitektur AB,559438-1864,,"Tjärhovsgatan 44, 116 28 Stockholm"
Designers Öland AB,556757-7324,,"Vickleby Bygata 14, 386 93 Färjestaden"
Ellsinger Arkitektur AB,556766-2712,,"Försvarsgatan 6 a, 426 76 Västra Frölunda"
Aktiebolaget Wilter,556960-6006,,"Blomstervägen 13, 429 35 Kullavik"
Lial Property AB,559189-4034,,"Caritasgatan 17, 216 18 Limhamn"
Diana Health Care AB,559015-3341,,"Bäckahästens Väg 57, 446 34 Älvängen"
JK Design & Produktion AB,559408-8444,,"Skeppar Sjöströms Väg 10, 139 34 Värmdö"
Arcari Studio AB,559478-6971,,"Warfvinges Väg 7 Lgh 1602, 112 18 Stockholm"
Robert Öhman Aktiebolag,556063-0955,,"Sibblevägen 54, 147 92 Grödinge"
Lius Vision AB,559284-6512,,"Stavsborgsvägen 7, 179 97 Färentuna"
Anna von Schewen Design och Arkitektur AB,559513-4825,,"Kristinavägen 50, 131 50 Saltsjö-Duvnäs"
Frank Deco AB,559231-3026,,"Storgatan 14, 647 30 Mariefred"
TRELM Invest AB,559415-7363,,"Sandgatan 35, 974 37 Luleå"
Studio Feuerrot 3000 AB,556790-3512,,"Klippgatan 14 i 2tr, 116 35 Stockholm"
Jones Lease Management AB,559050-0657,,"Troxhammar Byväg 42, 179 75 Skå"
Studio-D3D AB,559020-0563,,"Hornvägen 6, 961 47 Boden"
Elfsson da Costa AB,559290-2117,,"Scheelegatan 4, 112 23 Stockholm"
NEW HOME STYLE STHLM AB,556977-3251,,"Klubbvägen 3 Lgh 1901, 182 57 Danderyd"
Paisley Home AB,559131-4090,,"Skolgatan 4, 891 63 Örnsköldsvik"
Vegesack Arkitekter Aktiebolag,556592-8230,Telefon 08-664 15 45,"Strindbergsgatan 35, 115 31 Stockholm"
Furubo Creative AB,559396-9339,,"Ölvingstorp 703, 388 92 Ljungbyholm"
Stina Malm Arkitektur AB,559456-1887,,"Skepparevägen 14, 432 75 Träslövsläge"
Tvärsnitt Studios AB,559254-1246,,"Sparbanksvägen 72, 129 30 Hägersten"
Repaint Home Skåne AB,559292-1422,,"Kumminvägen 13, 281 34 Hässleholm"
CONTRANS Aktiebolag,556446-8543,,"Tallboängen 65, 436 44 Askim"
Atelje 2b AB,559214-1732,,"Själbodgatan 2 b, 211 35 Malmö"
Eskilsdotter Landskap AB,559229-2592,,"Tornvägen 18, 741 42 Knivsta"
K Worldwide Production AB,556897-4330,Telefon 070-895 66 46,"Tuvebäcksvägen 116, 271 75 Glemmingebro"
WIN arkitekter AB,559355-8520,,"Lidängsgatan 31, 252 71 Råå"
MMT Design AB,559303-7095,,"Femtorpsvägen 12, 212 36 Malmö"
Bitterna Trädvård AB,559313-2169,Telefon 070-888 03 23,"Bitterna Skattegården 6, 534 61 Vedum"
Lantliv i Österjörn AB,556998-5319,,"Österjörn 13, 936 94 Jörn"
K Apleryd form AB,559478-3143,,"Hemvägen 17, 544 31 Hjo"
Walther Arkitekter AB,556583-8694,,"Södra Kungsvägen 65, 181 32 Lidingö"
Charlotte Miöen Fastighetsförmedling AB,559389-9031,,"Torsvikssvängen 9, 181 34 Lidingö"
Arkitekt Albert AB,556152-9750,Telefon 073-429 77 71,"Jydeklovan 5, 430 85 Brännö"
J Pérez AB,559368-2817,,"Kapellgatan 20, 302 34 Halmstad"
Kenceo AB,556536-3529,Telefon 018-60 02 55,"Törnlundsgatan 17, 753 24 Uppsala"
Olé Production & Design AB,556850-8278,,"Valsbergs Gränd 5, 126 35 Hägersten"
Johan Höper Arkitektur AB,556901-6933,Telefon 070-588 80 36,"Falkvägen 1 a, 432 43 Varberg"
JLN arkitektur AB,559349-6051,,"Spisen 107, 934 32 Kåge"
L. Antonisen AB,559331-5996,,"Pipersgatan 31, 112 28 Stockholm"
Format Beläggningar AB,559485-9430,,"Bäckvägen 107, 703 84 Örebro"
Another Room AB,559343-3856,,"Segerstorpsvägen 16, 504 97 Bredared"
Nitas Arkitektur AB,559390-9780,,"Sigtunavägen 48, 646 30 Gnesta"
AICE Interiör AB,559450-7864,,"Heimdals Väg 2, 312 73 Skummeslövsstrand"
ACA projekt AB,559106-5338,,"Mamsellvägen 2, 574 39 Vetlanda"
by marina AB,559228-9044,,"Bodvägen 15, 853 57 Sundsvall"
Westin Arkitektur AB,559426-2536,,"Kyrkogatan 4, 411 15 Göteborg"
Plené Group AB,559485-5081,,"Temperavägen 13 b, 141 31 Huddinge"
Senn Arkitekter AB,556556-4068,Telefon 070-988 66 52,"Gislöv 2012, 272 92 Simrishamn"
Jonas Fahlbeck Arkitektkontor AB,556564-1528,,"Tistelvägen 26, 121 34 Enskededalen"
Studio Nanna Lagerman AB,556573-0925,Telefon 08-660 41 28,"Wittstocksgatan 7 1 Tr, 115 24 Stockholm"
POPULÄR DESIGN Stockholm Aktiebolag,556420-4203,Telefon 08-660 51 90,"Krukmakargatan 42, 117 26 Stockholm"
Studio Abirascid Hemlin AB,559127-9962,,"Åsögatan 135, 116 24 Stockholm"
ASEF AB,556998-9543,,"Margretelundsvägen 20, 167 41 Bromma"
Make&TM Scandinavia AB,559111-2890,,"Vallgatan 3, 411 16 Göteborg"
Polteg Arkitektur AB,559382-2132,,"Garvaregatan 4, 216 19 Malmö"
Landskaps- & Markkonsult Kenth Henriksson Aktiebolag,556215-9318,,"Rosenbergsgatan 6, 554 51 Jönköping"
AKTIEBOLAGET TUSSILAGO ARKITEKTER,556969-8607,Telefon 079-335 03 74,"Nitvägen 10, 126 38 Hägersten"
Rushton Arkitektur AB,559254-0875,,"Badbergsvägen 11, 184 60 Åkersberga"
Emma Larsèn fastighet AB,559367-4111,,"Liden 8, 269 31 Båstad"
Holmqvist Arkitektur & Snickeri AB,559252-0877,,"Sturegatan 87, 791 60 Falun"
Camilla Engberg EWA Inredningsarkitektur & Design AB,559347-0254,,"Löjtnantsgatan 14, 115 50 Stockholm"
Hagmark Arkitektur AB,559410-7004,,"Hagmarksvägen 19, 184 44 Åkersberga"
Tordhyvel AB,559425-9698,,"Flogstavägen 5 e Lgh 1204, 752 73 Uppsala"
Urform AB,559498-8320,,"Aspgatan 6 b, 214 48 Malmö"
Max Lindgren Arkitektkontor AB,559501-9257,,"Stenbrottsgatan 5, 172 77 Sundbyberg"
Malins Måleri Örebro AB,559517-6909,,"Kyrkvärdsvägen 8, 702 84 Örebro"
Eiderbrant Real Estate AB,556912-6682,,"Sköldungavägen 29, 131 46 Nacka"
Ström Arkitektur AB,556519-9808,Telefon 070-225 40 96,"Stockholmsvägen 59 Lgh 1104, 122 62 Enskede"
Arkitekt Hansson AB,556807-8546,Telefon 073-334 36 26,"Såggatan 3, 283 41 Osby"
Fransroy AB,556831-8421,,"Sankt Eriksgatan 106, 113 31 Stockholm"
J.Israelson / NorraGotland AB,559053-1892,,"Jungfrugatan 10 4 Tr, 114 44 Stockholm"
Camilla Hammarlind AB,559238-6667,,"Nyckelpigsvägen 37, 125 57 Älvsjö"
Nils Freckeus Arkitektur AB,559317-6059,,"Strandvägen 7 a, 114 56 Stockholm"
Inside by B&B Interior Sweden AB,559425-6447,,"Åkerigatan 2, 447 37 Vårgårda"
Therese Inredning & Textil AB,559466-3113,,"Domkraftsvägen 1, 197 40 Bro"
Hunter Arkitektur AB,559499-0094,,"Östra Spöland 54, 911 92 Vännäs"
Elaize Style AB,556880-4958,,"Mossby 86, 274 53 Skivarp"
Roomofrida AB,559295-1072,,"Tegelgatan 6, 703 41 Örebro"
Jonathan Berglund AB,559317-1589,,"Essingeringen 80 Lgh 1001, 112 64 Stockholm"
Deconom AB,559299-3215,,"Ugglevägen 1, 191 50 Sollentuna"
SpacePace AB,559486-8985,,"Ranagårdsvägen 24 Lgh 1001, 302 76 Halmstad"
Kvadraten Arkitekter Aktiebolag,556407-2907,Telefon 031-40 37 00,"Odinslundsgatan 11, 412 66 Göteborg"
SLP Dalarna Sweden AB,559147-6386,,"Brogatan 19 a Lgh 1001, 784 62 Borlänge"
Bellander Arkitektur AB,559081-6160,,"Strindbergsgatan 35, 115 31 Stockholm"
Nejdens trädgårdsmästare AB,559512-9791,,"Lillåvägen 61 Bv, 128 45 Bagarmossen"
Keivandarian Fastigheter AB,559057-9297,,"Västmannagatan 80 Lgh 1103, 113 26 Stockholm"
Ida Ståhl AB,559091-2894,,"Storgatan 37, 523 30 Ulricehamn"
m&m trädgårdsdesign & inredning AB,559118-2943,,Umeå
Ineke Arkitektur & Design AB,559211-7039,,"Knapegården 180, 442 95 Hålta"
Falckarna AB,559274-4022,,"Palmbladsvägen 2, 112 58 Stockholm"
Hedenblads Trädgård & Design AB,559297-0767,,"Dramsvik 677, 459 94 Ljungskile"
BOOM! AB,559380-6721,,"Ängelholmsvägen 263, 269 42 Båstad"
Arkitektur Loci AB,559458-4913,,"Rättar Vigs Väg 127, 162 72 Vällingby"
Arkitekttriangeln AB,556664-8803,,"Idvägen 7, 468 34 Vargön"
Jim Farenius AB,556813-9769,,"Månsabovägen 16, 568 31 Skillingaryd"
Linn Malmén AB,556898-8694,,"Ulvsby-Åstorp 324, 655 93 Karlstad"
MIngels DECOR & INTERIOR AB,559118-3610,,"Serenadvägen 20, 131 40 Nacka"
Novara Studio AB,559445-4471,,"c/o 2Grow, Huskvaranvägen 40, 554 54 Jönköping"
R&H Nilsson Arkitektbyrå AB,556589-7914,Telefon 08-727 95 00,"Långskeppsgatan 71, 168 53 Bromma"
themod AB,556957-7231,,"Utkiksvägen 10, 784 37 Borlänge"
Jiseborn Design AB,559394-6899,,"Pontus Wiknersgatan 7, 412 57 Göteborg"
Bornhager Arkitekt AB,559079-6339,,"Västergatan 18 b, 211 21 Malmö"
good garden design Scandinavia AB,556880-6649,,"Näsby Allé 53, 183 55 Täby"
Webline Teknik & Design AB,556383-2285,Telefon 0532-185 20,"Kungsgatan 16, 662 31 Åmål"
Architectura Verum AB,556920-0362,Telefon 070-482 52 59,"c/o DAOUD, Karlslundsgatan 6 8tr, 151 35 Södertälje"
Marie Oscarsson Inredningsarkitekt AB,559118-7843,,"Plogfåran 5, 148 40 Segersäng"
Invanity AB,556824-3603,Telefon 070-885 70 71,Stockholm
Malin Landqvist AB,556919-3245,,"Aroseniusvägen 9, 168 50 Bromma"
KOM IN KOM UT AB,559285-4904,,"Östergatan 3 a, 231 44 Trelleborg"
Keinander Consulting AB,559056-7425,,"Åsa Strandväg 16, 439 53 Åsa"
Byggstruktur Väst AB,559390-1373,,"Skolvägen 4, 457 60 Hällevadsholm"
Sonnsjö Arkitektkontor AB,556724-6383,Telefon 031-13 32 90,"Föreningsgatan 2, 411 27 Göteborg"
POLLUX PRALIN AB,556759-6738,,"Rörstrandsgatan 6, 113 40 Stockholm"
Fredlund konsult AB,559087-3922,,"Armfeltsgatan 18, 115 34 Stockholm"
Darking AB,559249-8264,,"Trädgårdsgatan 23, 553 16 Jönköping"
Glad Stad AB,559053-5869,,Stockholm
Studio Homebound Lidköping AB,559416-6836,,"Sockerbruksgatan 3 d, 531 40 Lidköping"
Andreas Nylén Fastigheter AB,559511-6665,,"Främlingsvägen 34, 126 48 Hägersten"
Mianni Interiör AB,559385-2964,,"Korsnäsvägen 122, 791 43 Falun"
AELTON AB,559373-4220,,"Sporrgränd 8 a, 129 42 Hägersten"
Studio M2L AB,559204-0074,,"Lötgatan 3 c, 603 37 Norrköping"
Studio Blå Irene Granlund In- och utredningar AB,556873-4551,,"Rosgatan 46 i, 931 49 Skellefteå"
Ease Interiör AB,559391-9185,,"Vanadisgatan 10, 426 76 Västra Frölunda"
Studio Salmonsson AB,556666-9379,,"Brogatan 5, 903 25 Umeå"
Wide & Co Mäklare i Väst AB,556798-3530,Telefon 070-390 54 44,"Makrillvägen 36, 432 74 Träslövsläge"
Hult Konsult AB,559104-9308,,"Ringblommegatan 32, 426 68 Västra Frölunda"
Northern Growth Facilities Group AB,559196-0306,,"Storgatan 23 a, 114 55 Stockholm"
by Holm AB,559409-8245,,"Stensborgsvägen 13, 155 34 Nykvarn"
Bagh arkitektur AB,559044-1191,,"Tjärhovsgatan 44, 116 28 Stockholm"
Lisa Milberg AB,559184-0342,,"Bjurholmsgatan 14, 116 38 Stockholm"
Mikael Borgström Arkitektur i Ingelstad AB,556747-4423,,"Ådalsvägen 8, 355 71 Ingelstad"
Min Frisör Cilla AB,556911-2732,Telefon 070-611 50 11,"Midgårdsvägen 11, 136 38 Handen"
Boval AB,556928-0000,,"Bangårdsvägen 7, 235 43 Vellinge"
bb arkitekter AB,559008-2524,,"Strandpromenaden 57, 131 50 Saltsjö-Duvnäs"
Natalie Arnlund AB,559501-3763,,"Källgatan 4, 645 31 Strängnäs"
Bahri arkitekter AB,556630-7947,Telefon 08-640 90 52,"Östgötagatan 25, 116 25 Stockholm"
It's just me! Aktiebolag,559176-6588,,"Björkhult 46, 543 95 Fagersanna"
Millhalls Arkitekt Studio AB,559204-0686,,Linköping
AKTIEBOLAGET GUNNAR ARKITEKTER,559473-5549,,"Landalabergen 25, 411 29 Göteborg"
HP Inredning & Design Aktiebolag,556377-9791,Telefon 070-315 90 22,"Överrodden 2, 197 92 Bro"
Brotherjohn Retaildesign AB,556978-3839,,"Stockebäck 2 Thomas Kihlberg, 533 92 Lundsbrunn"
Lindblad Arkitektur AB,559208-1953,,"Östra Storgatan 41, 553 21 Jönköping"
Chunky Studio AB,559342-3592,,"Rallarrosvägen 6 d, 806 47 Gävle"
Studio Wall AB,559490-0390,,"Snickerigatan 10, 126 26 Hägersten"
David Fahlén Inredning AB,559136-2420,,"Vägnön 171, 871 95 Älandsbro"
Benovi design AB,559310-2451,,"Rävo 133, 442 95 Hålta"
Emma Dixon Design Studio AB,559525-1835,,"Heliosgatan 16 b, 120 78 Stockholm"
Jessica Lundberg AB,559507-8444,,"Nilstorpsvägen 47, 181 47 Lidingö"
Sandra Edgren AB,559368-3690,,"Skintabyvägen 26 a, 305 60 Harplinge"
Formgivit Stockholm AB,559457-6356,,"Lindalsvägen 4, 163 46 Spånga"
JW Fix It AB,559080-6856,,"Södra Drottninggatan 28, 451 40 Uddevalla"
Sofia Thelfer AB,559201-0820,,"Bägersta Byväg 35, 122 37 Enskede"
Austere AB,559063-3367,,"Lillängsgatan 13, 168 58 Bromma"
Arkitektkontoret i Jonstorp Aktiebolag,556396-8782,,"Klarbärsvägen 8, 263 71 Jonstorp"
Homestyle Design & Inredning Store i Stockholm AB,556923-8586,Telefon 073-393 35 50,"Snickarvägen 13, 132 38 Saltsjö-Boo"
Dremo Design AB,556961-0099,,"Näktergalsvägen 51, 247 36 Södra Sandby"
Studio Ålund AB,559201-0549,,"Nikolaigatan 3 U3, 214 21 Malmö"
Slow Living home AB,559314-6433,,"Västra Värlingevägen 139-9, 231 69 Skegrie"
Willehader Projekt AB,559269-4128,,"Kostergränd 4 a, 211 75 Malmö"
Plan och arkitektur i Malmö Aktiebolag,556405-7916,,"Barometergatan 30, 211 17 Malmö"
Scapeous arkitekter AB,559247-2798,,"Tideliusgatan 71 1302, 118 69 Stockholm"
Ateljé Kamara AB,559429-0487,,"Mellanbergsvägen 15, 126 42 Hägersten"
ASK Interiör AB,559471-6622,,"Träslövsvägen 171 t, 432 37 Varberg"
L&A Madsen AB,559219-9581,,"Ålstensgatan 78, 167 65 Bromma"
Stylist Inredare Jessica Magnusson AB,559336-3533,,"Mannerfelts Väg 7, 504 31 Borås"
PG Qvarnström Arkitekter AB,556762-7541,,"Kävlingevägen, 222 40 Lund"
Maja Berg AB,559476-7641,,"Björngårdsgatan 17, 118 52 Stockholm"
Emma Norström Frisör AB,559275-3759,,"Ragnaröksgatan 44, 723 55 Västerås"
Attikan AB,559396-3142,,"Ledingevägen 58, 741 44 Knivsta"
Helena Hornwall AB,559117-0351,,"Skolvägen 52, 433 61 Sävedalen"
Sara Farell AB,559262-5379,,"Ballonggatan 8, 169 71 Solna"
You Västervik AB,559476-8888,,"Brunnsgatan 3, 593 30 Västervik"
Stilbyrån AB,559286-0901,,"Skälsbo 3, 461 91 Trollhättan"
Boolio AB,559393-2956,,"Södra Åsvägen 41, 184 52 Österskär"
Team Andres Barria AB,556836-7600,Telefon 08-779 43 13,"Pålsundsgatan 5, 117 31 Stockholm"
Brechensbauer Design Group AB,556408-9570,Telefon 070-563 69 00,"Terminalgatan 20 2tr, 235 39 Vellinge"
allark AB,559144-3071,Telefon 073-382 00 50,"Sandbergsvägen 4 a 1tr, 441 39 Alingsås"
BONI DESIGN AB,559296-9132,,"Hästhagsvägen 22, 182 39 Danderyd"
Esters Astrar AB,559030-3516,,"Nälstavägen 17, 163 54 Spånga"
Bazala Orto&design AB,559131-4421,,"Myntavägen 12, 237 37 Bjärred"
Funky Vibes AB,559377-3350,,"Strandängen 5, 429 42 Särö"
DesignByHenri AB,559363-8397,,"c/o Henri Granroth, Tinderedsvägen 28, 594 75 Edsbruk"
CJL Group Consulting AB,559473-3791,,"Hjälmarsvägen 41, 120 53 Årsta"
Selins Alltjänst AB,556914-2127,,"Slädgatan 5 b, 931 62 Skellefteå"
VS Stil AB,559337-3615,,"Hålldammsvägen 4, 155 94 Nykvarn"
Bratt & Co AB,559351-4184,,"Sveagatan 15, 413 14 Göteborg"
Boqvist Musik AB,556926-0804,,"Bockegårdsvägen 4, 433 32 Partille"
RM Ingenjörsbyrå AB,559395-6435,,"Regementsgatan 8, 211 42 Malmö"
Alexia Samia Studio AB,559394-8929,,"Engelbrektsgatan 14, 114 32 Stockholm"
Näslunds Kök & Interiör AB,559457-3783,,"Gottne 413, 895 95 Mellansel"
Tillväxtbyrån AB,559301-6206,,"c/o Appeal Advokatbyrå AB, Boulevarden 46, 183 74 Täby"
Hooflake AB,556887-5149,,"Bergmansvägen 19, 845 97 Klövsjö"
Booztad AB,559266-2760,,"Kyrkogårdsgatan 3, 504 30 Borås"
SAK Aktiebolag,559302-5520,,"c/o Veronica Eklind, Stagneliusgatan 27, 392 54 Kalmar"
GUDJON Landscaping AB,559401-3186,,"Ångfärjekajen 22 Lgh 1203, 211 19 Malmö"
Grymt Mycket Verkstad AB,556871-8596,,"Kronobergsgatan 28, 112 33 Stockholm"
FRNA AB,559450-6452,,"Maria Prästgårdsgata 14, 118 52 Stockholm"
Kreasign AB,559297-6251,,"Terrassvägen 7, 167 52 Bromma"
Roy Arkitektur AB,559372-9493,,"Norra Grängesbergsgatan 4 b, 214 44 Malmö"
Modellverkstaden Stockholm AB,556979-3457,,"Berga 4, 179 75 Skå"
Marcus Andersson Strategisk rådgivning AB,559501-5610,,"Kaggeholmsvägen 45, 122 60 Enskede"
K.STYLE AB,559056-5528,,"Postgången 30 Lgh 1405, 171 45 Solna"
David Flodén Arkitektur AB,559135-6950,,"Kristinehovsgatan 23, 117 29 Stockholm"
Suite Arkitekter International AB,556265-0340,Telefon 08-10 95 85,"Skeppargatan 22, 114 52 Stockholm"
Honey Design Stockholm AB,556871-5246,,"Brötvägen 16, 167 66 Bromma"
Johansson arkitekter AB,556997-6581,,"Infanterigatan 20 a, 831 32 Östersund"
Grönsmart Trädgårdsmästare AB,559285-9796,,"Långmyran 515, 755 78 Vänge"
Qreate by Maliin Stoor AB,556830-8331,,"Borganäsvägen 44, 784 33 Borlänge"
Eurenius Arkitektbyrå AB,559066-3562,,"Sandflygsgatan 14, 263 39 Höganäs"
Q.E.D Arkitektur AB,559115-8364,,"Stigbergsliden 5, 414 63 Göteborg"
Space Ninja AB,559470-2390,Telefon 070-630 29 35,"Kobbehallsvägen 12, 436 40 Askim"
FAT AB,559076-0467,,"Romstads Parkgata 4 b, 653 42 Karlstad"
Hans Lindholm Arkitektkontor Aktiebolag,556334-8704,Telefon 08-662 00 20,"Banérgatan 48, 115 26 Stockholm"
Olausson Group AB,556791-9377,Telefon 070-275 89 65,"Verkstadsgatan 5, 521 41 Falköping"
Siri Netzell Gärde AB,559048-7483,,"Swedenborgsgatan 41, 118 27 Stockholm"
Therese Winberg AB,559471-2183,,"Brännkyrkagatan 91, 118 23 Stockholm"
AegirDev AB,559505-3546,,"Kungsgatan 28, 211 49 Malmö"
Mihel Architects AB,559518-4747,,"Tegelgårdsgatan 7 b, 211 33 Malmö"
Lönnlövet Blommor & Inredning AB,556724-4438,,"c/o Svenska Standardbolag AB, Box 292, 791 27 Falun"
Carina Küller Design AB,559252-7153,,"Sandelsgatan 42 Lght 1103, 115 33 Stockholm"
PIKTÖR AKTIEBOLAG,559284-8468,,"Dalfors Göringsvägen 9, 795 97 Furudal"
HELD Arkitekt & Projekt AB,559393-1818,,"Herrgårdsvägen 17, 182 39 Danderyd"
MM studio Aktiebolag,559139-2633,,"Kommendörsgatan 9 b, 211 50 Malmö"
Chamga AB,559185-0739,,"Aklejavägen 3 b, 192 54 Sollentuna"
Lukadel Trading Sverige AB,559116-8983,,"Vällsjövägen 25, 435 43 Pixbo"
Lars Nilsson Arkitektkontor AB,559188-6196,,"Storgatan 42, 302 43 Halmstad"
A-one arkitekt design AB,559272-9874,,"Lagvägen 12, 442 50 Ytterby"
Egan Hinks Creative AB,559528-4331,,"Ekhov Lillinge 1, 646 50 Björnlunda"
Gustaf Westman AB,559290-2307,,"Kristinehovsgatan 5 b, 117 29 Stockholm"
Annickation AB,559440-8535,,"Plåtslagarevägen 5 b, 236 31 Höllviken"
LD Interiör AB,556826-5408,,"Vegagatan 24, 172 34 Sundbyberg"
Lycklig arkitektur Stockholm AB,556861-7137,,"Drakenbergsgatan 61 Lgh 1302, 117 41 Stockholm"
ELLaborate AB,559470-8801,,"Hasselbergsvägen 10, 168 51 Bromma"
Fotograf Patrik Jakobsson AB,559140-2895,,"Isjaktsgränd 37, 129 45 Hägersten"
Ateljé K AB,559341-9855,,"Brännkyrkagatan 13 b, 118 20 Stockholm"
SCD Konsult AB,559414-7075,,"Västerbyvägen 2, 617 92 Norsholm"
kantikant AB,559202-7238,,"Östhammarsgatan 6, 252 51 Helsingborg"
Kungsbacka Trädgårdsdesign AB,556938-0396,Telefon 0340-65 85 10,"Södra Kullevägen 3, 439 53 Åsa"
Lovisa Sandberg AB,559334-5381,,"Nordgårdsgatan 10, 412 85 Göteborg"
Bygg Anders Service AB,556607-2913,,"Woodlands Country Club 39, 286 91 Örkelljunga"
Wendt Sweden AB,556768-7487,,"Batterivägen 3 u, 432 32 Varberg"
Espirito AB,556786-0720,,"Tampvägen 2, 139 55 Värmdö"
Karlenstål Inredning & Design AB,559379-9520,,"Emmy Rappes Gata 3, 113 68 Stockholm"
Wikström Reklam & Produktion AB,556503-8758,Telefon 033-28 55 75,"Viggbyholmsvägen 81, 183 77 Täby"
T.E Levande Hem AB,559028-7057,,Lund
Rad o Rand AB,556486-6209,Telefon 08-15 20 99,"Krukmakargatan 46, 117 26 Stockholm"
StellaSofia AB,556905-8026,,"Lillsjönäsvägen 52, 167 32 Bromma"
L. Holmer AB,559347-4389,,"Gustavslundsvägen 169, 167 51 Bromma"
S. Sandner Arkitektkontor AB,556703-5117,,"Sköldmyrvägen 14, 722 31 Västerås"
Märit Jonsson Design AB,556872-6904,,"Nedre Andalsvägen 33, 831 92 Östersund"
Lars Olson Arkitektkontor AB,556205-8486,Telefon 08-39 30 27,"Krokviksvägen 15, 763 71 Herräng"
Bygg & Portservice Sverige AB,559251-7063,,"Ankargränd 3, 903 34 Umeå"
KFE Arkitektur AB,559498-8452,,"Birkagatan 24 c, 416 56 Göteborg"
Fogelberg Arkitekter AB,556568-5715,Telefon 0457-266 44,"Fridhemsvägen 8, 372 38 Ronneby"
JASA Consult AB,556885-0902,,"Folkungagatan 84 Lgh 1304, 116 22 Stockholm"
y cambio/e AB,559244-1009,,"Erik Dahlbergsgatan 13 a, 211 48 Malmö"
House By Stark AB,559093-9574,,"Väderstad Krongård 1, 596 95 Väderstad"
Bror Grön AB,559240-7141,,"Björsäter Tredingen 3, 542 95 Mariestad"
CK-HR consulting AB,559170-8457,,"Fjällvägen 3, 133 33 Saltsjöbaden"
Birch Island AB,559362-3522,,"Skepparkroken 4, 181 66 Lidingö"
Linnéa Baars Landskap & Design AB,559427-9753,,"Långseleringen 7, 162 53 Vällingby"
Studio grön arkitekter AB,556502-5268,Telefon 031-12 13 71,"Kvarngärdesgatan 3 c, 412 73 Göteborg"
Eero Koivisto Design AB,556799-6284,,"Atlasgatan 5 e, 113 20 Stockholm"
Leif Åhman Event AB,556872-3539,Telefon 076-555 85 85,"Katrinelundsvägen 2 c, 722 19 Västerås"
Birdtwig Group AB,559151-7312,,"Delägargatan 6, 120 47 Enskede Gård"
Karamell arkitektur AB,559320-0529,,"Lästmakaregatan 19, 415 71 Göteborg"
Trädgårdslivet med Malou Augustin AB,559393-1446,,"Mörnekullavägen 7, 429 41 Särö"
Ida Karlsén AB,559547-5913,,"Pärlröksgången 84, 135 33 Tyresö"
nike arkitektur AB,556673-5949,,"Smörblommevägen 2, 247 56 Dalby"
Made organisation AB,559338-7862,,"Högsätravägen 15, 181 58 Lidingö"
Bach Arkitekter AB,556631-1568,Telefon 070-343 56 34,"Rosendalsvägen 5, 115 21 Stockholm"
4 arkitektur & form AB,556899-4205,Telefon 021-13 17 16,"Skyttegatan 6, 733 34 Sala"
AW Studio AB,559013-8318,,"Målvägen 3, 178 36 Ekerö"
TT Design & Trädgård AB,559295-1304,,"Blåhakestigen 4, 311 96 Heberg"
BY CHARLOTTE ASPLUND Aktiebolag,559262-9389,,"Frodevägen 6, 182 55 Djursholm"
Bengt Månsson AB,556473-7160,Telefon 042-19 96 00,"Kvarnholmsgatan 4, 254 42 Helsingborg"
Mickelsson Design AB,556835-1091,,"Falkvägen 19, 183 50 Täby"
MFLA SWEDEN AB,559196-5180,,"Gösta Claus Väg 75-14, 271 77 Löderup"
Lars Hallgren Arkitektkontor Aktiebolag,556267-9166,Telefon 018-10 09 15,"Kungsgatan 47 a, 753 21 Uppsala"
Pickelner Productions AB,559135-6448,,"Ekshäradsgatan 158, 123 46 Farsta"
Bladform trädgård och landskap AB,559290-9294,,"Olserödsvägen 94, 297 95 Degeberga"
Scandinavian Rooms AB,559366-6588,,"Södra Gulsparvsgatan 26 a, 215 61 Malmö"
Bellamou AB,556871-7192,Telefon 070-465 44 61,"Norgegatan 4, 723 50 Västerås"
by Agus AB,556926-7429,,"Södra Förstadsgatan 62, 211 43 Malmö"
En droppe i havet AB,556961-9645,,"Solursgränd 3, 162 65 Vällingby"
Ritark Byggnadsprojektering i Sverige AB,559366-5952,,"Sankt Knut Väg 19, 211 57 Malmö"
Kågerman Arkitektur AB,559021-0117,,"Vanadisplan 8, 113 31 Stockholm"
Marie Caroline Nordén AB,559332-0178,,"Solvägen 22, 872 33 Kramfors"
Daily Practice AB,559352-5669,,"Årstavägen 65, 120 54 Årsta"
Fotograf Anna Hult AB,556719-9855,Telefon 031-711 77 00,"Götabergsgatan 2, 411 34 Göteborg"
Jordalster AB,559505-7778,,"Buxbomsvägen 5, 138 39 Älta"
Marianne Eriksson Inredning och Design AB,556877-5794,,"Trymvägen 1, 182 68 Djursholm"
RGH Bygg &städ AB,559390-4476,,"Maria Prästgårdsgata 31, 118 52 Stockholm"
Eden landskap AB,559439-5815,,"Skogsborgsvägen 80, 291 92 Kristianstad"
Felí Atelier AB,559508-1802,,"Skolgatan 14, 541 41 Skövde"
Stefan Bäcklund AB,556997-4685,Telefon 070-812 61 65,"Slipmästaregatan 1 d, 702 86 Örebro"
CN Interiör & Styling AB,559360-4662,,"Fölungegränd 18, 566 36 Habo"
TÉTO Aktiebolag,556695-4292,Telefon 08-452 04 33,"Sveavägen 34, 111 34 Stockholm"
Studio S AB,559021-8599,,"Annerovägen 16, 192 75 Sollentuna"
ZEROFIVESEVENTEEN AB,559153-1792,,"Nybrogatan 38, 114 40 Stockholm"
3D Visuals i Västerås AB,559347-6608,,"Lindskärsvägen 9, 725 90 Västerås"
af Wetterstedt Group AB,556824-3165,,"Folkungagatan 81 Lgh 1201, 116 22 Stockholm"
Två Hus AB,559276-3048,,"Timotejstigen 6, 611 63 Nyköping"
JWE Earnout AB,559482-0424,,"Gundersbergsvägen 20, 132 48 Saltsjö-Boo"
NEGNOGI AB,559532-7189,,"Trohetsgränd 1, 192 75 Sollentuna"
Dynesius Design AB,556949-3736,,"Vasavägen 23 c, 181 42 Lidingö"
Holy Cap AB,556909-1282,Telefon 070-814 45 66,"Södra Kustvägen 25 c, 254 81 Helsingborg"
Kajsa Carlström AB,559083-4395,,"Östra Långgatan 16 b Lgh 1202, 434 41 Kungsbacka"
Nathanson Design AB,559191-5607,,"Skeppargatan 29, 114 52 Stockholm"
Lipinski Arkitekter AB,559321-3274,,"Strandgatan 12 a, 216 12 Limhamn"
Stadskonst i Kalmar AB,559427-2352,,"Muraregatan 19, 392 36 Kalmar"
Skarendahl Development AB,556218-9216,Telefon 073-400 04 44,"Rindavägen 6, 182 54 Djursholm"
Collin Design AB,556994-4381,,"Tomtebogatan 48, 113 38 Stockholm"
2 HILD AB,559091-7562,,"Amerikagatan 1 a, 414 63 Göteborg"
Zest Form Aktiebolag,556517-0809,Telefon 070-878 71 72,"Flaxenviks Bryggväg 16, 184 63 Åkersberga"
LZN Arkitektur & Design AB,556747-8333,Telefon 070-894 95 99,"Triangelvägen 27 b, 135 54 Tyresö"
Peder Lamm Kulturproduktion AB,556966-8386,,"Österlenvägen 403, 271 75 Glemmingebro"
Jonas Kullgren Aktiebolag,556317-0538,Telefon 054-87 46 00,"Löveds Herrgård, 667 30 Forshaga"
Sandvikens Arkitektkontor Aktiebolag,556388-6489,,"Olsbovägen 22, 811 94 Sandviken"
BJM Productions AB,556712-8128,,"Kvarnvägen 7, 132 42 Saltsjö-Boo"
Unestablished AB,556824-0609,,"Sibyllegatan 24, 114 42 Stockholm"
Fägersten Studios AB,559425-0416,,"Gamla Lundavägen 567, 271 91 Ystad"
Aktiebolaget Svensk Bygglovservice,559436-5735,,"Boråsvägen 6, 514 44 Länghem"
Bespoke Moments AB,559482-1851,,"Tattbyvägen 9, 133 34 Saltsjöbaden"
REARTEX AB,556990-2199,,"Linnégatan 76, 115 23 Stockholm"
DJ Norra Mellby Design AB,559110-7544,,"Regementsgatan 33 c, 217 53 Malmö"
Stockholm Deco Design AB,559298-8181,,"c/o Jeanette Silwén, Bergshamra Allé 35, 170 77 Solna"
Oui Design AB,559383-3758,,"Näverlavsvägen 29, 152 52 Södertälje"
Vika arkitekter AB,559461-1500,,"Doktor Forselius Gata 28 l 1802, 413 26 Göteborg"
WERKS SWEDEN AB,559500-4440,,"Segevångsgatan 17 b, 212 27 Malmö"
Fotograf Christina Uhlin AB,559429-9272,,"Hallandsgatan 15, 252 52 Helsingborg"
Norell / Rodhe Arkitektur AB,556897-5782,,"Svartensgatan 12 c, 116 20 Stockholm"
Norrortspsykologen AB,556965-6142,,"Rosendalsslingan 2, 186 33 Vallentuna"
Bold projektpartner AB,559203-3889,,"Bangatan 2, 691 31 Karlskoga"
JTC Fastighetsutveckling AB,559101-7834,,"Ringvägen 7, 133 35 Saltsjöbaden"
Bremer Homestyling AB,559353-2640,,"Brunnstavägen 7, 746 92 Bålsta"
Jennie Bramer Studio AB,556760-6776,Telefon 076-778 00 88,"Dalheimersgatan 2 b, 413 20 Göteborg"
Gustav Hultman AB,556852-5389,,"Näckrosvägen 31, 132 37 Saltsjö-Boo"
Kristina Lissheim AB,559135-5127,,"Svalnäs Allé 19, 182 63 Djursholm"
Marika Arkitekt AB,559292-1638,,"Gröndalsvägen 11, 117 66 Stockholm"
Design Fusion AB,559407-4212,,"c/o Nick Pendari, Korsvägen 4, 183 38 Täby"
Lo Arkitektur & Projektledning AB,559525-0399,,"Långnäsvägen 35, 946 91 Roknäs"
Ulrik Blomquist Arkitektkontor AB,556856-4735,,"Skeppsbron 44, 112 25 Stockholm"
Malcus arkitektur AB,559398-5335,,"Mariagatan 21 c, 414 72 Göteborg"
JC Konsult i Vaggeryd AB,559487-4561,,"Hjortsjövägen 54, 567 32 Vaggeryd"
Project WHY AB,556996-7937,,"Carlsrovägen 7 a Lgh 1202, 541 52 Skövde"
Danlang AB,559492-5454,,Stockholm
MyExpo By Helene AB,559348-1038,,"Klövergränd 16, 187 69 Täby"
Form of Fable AB,559082-0964,,"Råkritegatan 13, 212 36 Malmö"
Marshe AB,559077-6851,,"Gunviken 3, 436 58 Hovås"
Amanda Hörlin AB,559097-6493,,"Drottningholmsvägen 9, 112 42 Stockholm"
Mimark AB,556886-0117,,"Tidafors 353, 655 98 Molkom"
Josefin Rodriguez Inredning AB,559353-7243,,"Kvarngränd 10, 131 31 Nacka"
Elfsala Lodge AB,556040-8691,Telefon 08-650 05 10,"Norr Mälarstrand 66, 112 35 Stockholm"
x2 Design AB,556844-4318,,"Sjödalsvägen 42, 141 46 Huddinge"
Andersson & Stare Arkitekter AB,559220-8671,,"Britta Lenas Gata 35, 434 42 Kungsbacka"
GRÖN FORM Arkitektur & Miljö AB,556744-4111,Telefon 0647-139 52,"Kurortsvägen 20, 837 51 Åre"
Drakenmark arkitekter AB,559220-0926,,"Pokalvägen 6, 117 40 Stockholm"
INOMND AB,559237-5827,,"Frida Nilssons Väg 26, 266 55 Vejbystrand"
Pålsson Arkitekter AB,556667-6853,,"Västergatan 26, 239 30 Skanör"
Fortimane AB,559365-6464,,"Aprilvägen 52, 177 61 Järfälla"
Alta Architecture Aktiebolag,559422-1888,,"Krångedevägen 5, 115 43 Stockholm"
Little Cute Mokkasin AB,556785-2941,Telefon 0150-531 00,"Kungsgatan 26, 641 36 Katrineholm"
BPI Arkitekter AB,556919-7014,Telefon 070-590 05 19,"Ållerviken 127, 862 96 Njurunda"
Atelier Paul Vaugoyeau AB,559164-4736,,"Tegelbruksvägen 1, 126 32 Hägersten"
Storgatan Projekt AB,556805-4158,Telefon 08-658 14 00,"Storgatan 60, 115 23 Stockholm"
2BICO Arkitekt & Konsult AB,559373-4238,,"Föreningsgatan 31, 372 36 Ronneby"
Frugal arkitektur AB,559441-4624,,"Folke Bernadottes Gata 2, 411 28 Göteborg"
SC Dröm Design i Växjö AB,556573-8621,Telefon 0480-173 59,"Flasebrovägen 9, 385 98 Bergkvara"
Olismo AB,556887-5941,,"Bomgatan 7, 412 64 Göteborg"
LeKri Management AB,556830-0973,,"Flyingevägen 5, 247 34 Södra Sandby"
Zon Arkitektur AB,559125-3678,,"Svinningevägen 14 b, 184 44 Åkersberga"
By Brinell AB,559248-0346,,"Södra Långgatan 31 Lgh 1104, 169 59 Solna"
Mijo Arkitektur AB,559286-2337,,"Lotterivägen 3, 129 32 Hägersten"
Viklund Eckerdal Arkitekter AB,559505-0575,,"Föreningsgatan 2, 411 27 Göteborg"
Två ++ AB,556747-5966,Telefon 070-854 06 16,"Delsjövägen 15, 412 66 Göteborg"
RAJIONE AB,556971-9007,,"Södra Lindvägen 6, 504 93 Borås"
Caroline Interiors AB,559160-4896,,"Stenbrovägen 52, 253 68 Helsingborg"
Blick Arkitektur AB,559131-4165,,"Hans Michelsensgatan 6 a, 211 20 Malmö"
Pedersen Invest AB,556761-6692,,"Trappvägen 4, 182 74 Stocksund"
Byggkonsulten lilla a AB,559046-8822,Telefon 073-372 98 06,"Bjurbäck Munkebo 3, 565 92 Mullsjö"
DENSTEDT DESIGN AB,559458-4228,,"Staregatan 2 b, 426 69 Västra Frölunda"
HE Byggkonsult AB,559367-6090,,"Moa Martinsons Gata 3, 632 28 Eskilstuna"
Strand Agency AB,559487-5618,,"Båthusvägen 9, 439 52 Åsa"
Kotinus AB,556652-9490,Telefon 070-832 94 31,"Fornfyndsvägen 14 a, 433 41 Partille"
Imanna arkitekter AB,556762-7301,,"Jungfrugatan 64, 115 31 Stockholm"
Svensta Gård Aktiebolag,556352-0278,,"Svensta Gård 146, 837 94 Järpen"
Livscentrum Håkan Mattsson AB,556820-5636,,"Kungsholmsgatan 10 1tr, 112 27 Stockholm"
Studio Gullesjö AB,559396-3795,,"Beckastigen 12, 892 40 Domsjö"
Kapitän Designstudio AB,556676-5490,Telefon 019-12 57 80,"Näbbtorgsgatan 2 1tr, 702 23 Örebro"
Geijer Arkitektur & Design AB,556914-5096,,"Laxavägen 1, 305 71 Haverdal"
Joanna Fingal AB,559114-2947,,"Bonstorpsvägen 13, 702 37 Örebro"
Leo Forssell AB,559184-4732,,"Hornsgatan 83, 117 26 Stockholm"
Evolve Byggkonsult AB,559246-1346,,"Långängen 7, 417 23 Göteborg"
ASKmee AB,559374-6315,,"Botåsen 522, 845 73 Oviken"
Malin Sveder AB,559512-7100,,"Stallberga 6 d, 423 56 Torslanda"
Bjursta Arkitektbyrå AB,559162-1171,,"Bjursta 303, 881 93 Sollefteå"
Rooms by Folium AB,559429-8274,,"Skärmarövägen 41, 139 54 Värmdö"
Louice Eliasson AB,559542-8367,,"Stora Varvsgatan 17 b, 211 75 Malmö"
M. Fischer Konsult Aktiebolag,556240-7428,Telefon 070-685 73 17,"Sundsmaravägen 10, 184 70 Åkersberga"
Mannebratt & Waldenström Interior AB,556507-1247,,"Hildedalsgatan 104, 417 05 Göteborg"
FORMAT i Göteborg/Kode AB,556521-8335,Telefon 070-788 01 48,"Åseby Österväg 22, 442 98 Kode"
Otto Vilhelmsson AB,559032-2326,,"Alfhemsgatan 1 b, 413 10 Göteborg"
Hall Lundqvist AB,559206-8315,,"Skälläckerödsvägen 10, 459 32 Ljungskile"
ML. Arkitekt & Bygg AB,559328-1529,,"Folke Bernadottes Gata 2, 411 28 Göteborg"
APAL Studio AB,556965-5532,,"Giffelvägen 8, 128 69 Sköndal"
Ashape Studio AB,559171-4349,,"Fältvägen 14, 135 53 Tyresö"
Rumsligt AB,559438-7747,,"Greve Jakobs Väg 9 a, 432 44 Varberg"
Enegård Arkitektur AB,556843-1877,,"Vattenledningsvägen 59, 126 34 Hägersten"
Pilungs Trädgård AB,556992-3898,,"Mästerby Pilungs 125, 622 32 Gotlands Tofta"
Bird Advisors AB,559016-2136,,"Norr Mälarstrand 30, 112 20 Stockholm"
MAKE SPACE Produktion AB,559065-3167,,"Rörstrandsgatan 38 Lgh 1002, 113 40 Stockholm"
David Alton arkitektkontor AB,559084-8163,,"Stora Nygatan 5, 111 27 Stockholm"
Ligo Lab AB,559439-3166,,"Stora Ornäs 40, 784 78 Borlänge"
Jolina Ånstrand AB,559509-7824,,"Bjärstad Nedergård 1, 585 93 Linköping"
Engvall Öhrman Arkitekter Aktiebolag,556303-8594,Telefon 042-21 10 18,"Matthias Gülichs Gata 10, 254 33 Helsingborg"
Cullborg Stockholm AB,556905-7457,,"Strandvägen 33, 114 56 Stockholm"
Simply true! AB,556956-7042,,"Starbyvägen 206, 262 95 Ängelholm"
WKND Rent AB,559085-2629,Telefon 031-50 51 90,"Tolleredhöjden 11, 448 50 Tollered"
Team Alvenius AB,559443-2378,,"Brötavägen 33, 147 91 Grödinge"
Nordstrand ID.A aktiebolag,556882-2083,,"Tolleröd 290, 442 96 Kode"
Brukeriet Gunnargård AB,559390-9905,,"Spinnmästarevägen 2 Våning 2, 437 34 Lindome"
Agneta Ljungberg Arkitekter AB,556450-9585,,"Merkuriusgatan 5, 224 57 Lund"
Carlark AB,559172-8893,,"Kvarnholmsvägen 77, 131 31 Nacka"
Franzén foto & interiör AB,559196-3011,,"Törnskogsvägen 41 b, 192 48 Sollentuna"
Ahrbom Arkitektkontor Aktiebolag,556327-8281,Telefon 08-20 35 50,"Skeppsbron 44, 111 30 Stockholm"
Tombach Consulting AB,556302-5765,,"Östhammarsgatan 77, 115 60 Stockholm"
B&K Skaate AB,556892-6538,,"Tallängsgatan 17, 598 39 Vimmerby"
Joakim Nyström AB,559171-6187,,"Svartågatan 47, 128 45 Bagarmossen"
Loveflow AB,559111-8988,,"Norra Gränsgatan 13 a, 827 31 Ljusdal"
Stenart Design i Sverige AB,559317-0292,,"Morgonvägen 2, 448 33 Floda"
Rabotat AB,559412-3704,,"Yngve Östbergs Väg 21, 272 34 Simrishamn"
Unsold Form AB,559528-8670,,"Skridskovägen 9 c, 129 49 Hägersten"
AB Helastaden,556926-9151,Telefon 070-934 22 98,"Helmfeltsgatan 3, 211 48 Malmö"
Oak Dynamics AB,559322-8660,Telefon 073-743 22 39,"Toivovägen 18, 134 32 Gustavsberg"
Josefine's Hem AB,559353-1352,,"Brunsbo Vallbogärdet 1, 532 94 Skara"
Nina Fransson AB,556995-8720,,"Nybohovsbacken 75 Lgh 1402, 117 64 Stockholm"
Breabäck Trädgård & Design AB,559110-2008,,"Breabäck 102, 273 57 Brösarp"
Wald Interior Architecture AB,559347-1500,,"Sankt Göransgatan 82 1202/24, 112 38 Stockholm"
Martine Colliander AB,556358-7608,Telefon 08-663 93 60,"Kammakargatan 42 1tr, 111 60 Stockholm"
Måns Malmborg Arkitektur & Bygg AB,556729-0092,Telefon 08-668 81 50,"Backebogatan 16, 129 40 Hägersten"
Baumer och partner AB,559096-4556,,"Augustendalsvägen 7, 619 91 Trosa"
Studio with Sweden AB,556966-3916,Telefon 070-328 23 92,"Östra Strandgatan 26 b 2tr, 903 33 Umeå"
Albert Orrling Architecture AB,559267-0862,,"Östra Stallmästaregatan 3 a, 217 49 Malmö"
Thunström arkitektur AB,559371-8520,,"Sannahedsvägen 3, 824 93 Hudiksvall"
PalleBengtsson Arkitektur och Medicin AB,556662-2378,,"Dalby Hammarskog, 755 91 Uppsala"
Lars Rosander AB,556884-8930,,"Stig Lindbergs Gata 8, 134 53 Gustavsberg"
ORdesign AB,559073-6558,,"Kramsta Smedsvägen 3, 827 52 Järvsö"
J. Sternegård Butiksutveckling AB,556647-6171,Telefon 070-201 85 44,"Gunnerud London 201, 655 92 Karlstad"
Zetterman Garden Design AB,556814-7259,,"Pilgatan 21 5tr, 112 23 Stockholm"
Erik Hidemark AB,559391-7502,,"Lilla Sällskapets Väg 30, 127 61 Skärholmen"
Fjällträdgårdens Design AB,559522-5557,,"Skräddarvägen 4, 837 41 Mörsil"
Hanna Klang AB,559330-0584,,"Mårtensgatan 17, 332 38 Gislaved"
Blockark AB,559219-4483,,"Tjärhovsgatan 44, 116 28 Stockholm"
MVES AB,556889-3720,Telefon 073-032 82 66,"Norrgårdsvägen 21, 602 10 Norrköping"
Förvaltnings AB Guldregnsbacken,556942-9854,,"Guldregnsbacken 5, 125 55 Älvsjö"
Kyrkviks Alltjänst AB,559439-5724,,"Packhusgatan 27 b, 451 42 Uddevalla"
Hedvig Billengren Lindenbaum AB,559346-2533,,"Gotlandsgatan 71 a, 116 38 Stockholm"
Jebe Konsult AB,559460-4513,,"Sandhamnsgatan 57, 115 28 Stockholm"
Zelmerlöw Consulting AB,559259-9384,,"Gårdsallén 9, 245 62 Hjärup"
Majja Sköld AB,559284-7296,,"Källbogatan 65, 941 36 Piteå"
Erodarc AB,559306-5302,,"Storgatan 64, 171 52 Solna"
All Good Agency AB,556854-6369,,"Södermalmstorg 6, 118 20 Stockholm"
Qvistfilm AB,556272-9318,Telefon 073-521 00 50,"Fågelsångsvägen 13, 237 34 Bjärred"
IBIO AB,556934-8013,,"Meijerfeldts Väg 84, 183 56 Täby"
Marek Consulting AB,556416-1940,,"Reimersholmsgatan 47 Lgh 1402, 117 40 Stockholm"
House Of Goods AB,559066-6367,,"Dammvägen 4, 141 44 Huddinge"
Rosén Interior AB,556562-6610,Telefon 08-662 71 32,"Strandvägen 59, 115 23 Stockholm"
Butik Annelie i Sundsvall AB,556710-3659,Telefon 070-205 88 75,"Baldersvägen 50 Lgh 1602, 856 40 Sundsvall"
Bimma AB,559471-5814,,"Skönviksvägen 297 Lgh 1101, 122 66 Enskede"
Ramverkstaden Online Sweden AB,559159-3230,,"Askims Industriväg 1 a, 436 34 Askim"
Vendcon AB,559279-1619,,"Nordmossavägen 65, 432 95 Varberg"
Calisto design AB,559302-5009,,"Apelvägen 109, 703 58 Örebro"
Kaptensbostaden AB,559381-5649,,"Böttestad Norrgård, 595 97 Mantorp"
STUDIO KLINGA AB,559478-5288,,"Kyndelsmässogränd 16, 126 37 Hägersten"
Björk & Nordling Arkitektkontor Aktiebolag,556285-1153,Telefon 0150-66 93 22,"Gimmersta Fiskartorp, 643 96 Julita"
add: Design Stenberg AB,559000-1599,,"Kornvägen 6, 546 95 Karlsborg"
design by Brauner AB,559093-8477,,"Sankt Göransgatan 156 Lgh 1702, 112 17 Stockholm"
SANDRAS HEM I GRUMS AB,559136-3568,,"Gamla Vägen 8, 664 32 Grums"
Flora landskap LS AB,556739-3169,,"Norra Catalinagränd, 183 68 Täby"
Sjödin Arkitektur AB,556836-8889,,"Falkvägen 59, 183 50 Täby"
Baffi International AB,559314-2655,,"Ruddammsvägen 35 b, 114 21 Stockholm"
I.C Fastighetsförmedling AB,559380-4445,,"Kallforsvägen 11, 124 32 Bandhagen"
mem arkitekter AB,556739-9380,Telefon 070-740 36 96,"Nils Forsbergsgatan 5 4tr Lgh 1301, 217 54 Malmö"
Minna Design AB,556909-4146,,"Västergatan 4 b, 411 23 Göteborg"
Mouriz AB,559472-8502,,"Diamantvägen 17 i, 265 75 Hyllinge"
2T Inredning & Design AB,559093-3809,,"Floragatan 43, 941 51 Piteå"
Spångberg Management AB,559389-1590,,"Höglandsvägen 29, 183 57 Täby"
Fyra Dimensioner Arkitektkontor AB,556920-4026,,"Storkyrkobrinken 3, 111 28 Stockholm"
Östgöta trädgårdsdesign AB,559363-4479,,"Babordsvägen 25, 603 75 Norrköping"
Formge Inredningar PGM AB,556649-0198,Telefon 036-14 37 36,"Norra Parkgatan 61, 561 34 Huskvarna"
PROJ ARK AB,556777-8138,,"Reginsvägen 8, 167 73 Bromma"
JdW Green AB,559388-7689,,"Ärtriksvägen 7, 881 33 Sollefteå"
Länsmansgården Design AB,556979-9389,Telefon 070-961 16 97,"Länsmansvägen 1, 247 50 Dalby"
Studio Humanitas Aktiebolag,559039-9449,,"Höjdhagsvägen 21, 134 31 Gustavsberg"
Marinentreprenader Berg & Hav AB,559151-9078,,"Grev Magnigatan 9 a Lgh 1001, 114 55 Stockholm"
Form G.E. AB,559338-2855,,"Kaggeholmsvägen 58, 178 54 Ekerö"
AUR Arkitekter AB,556736-4848,Telefon 070-696 96 05,"Norra Vallgatan 20 Plan 4, 211 25 Malmö"
Arton A Consulting AB,559236-1363,,"Emmy Rappes Gata 2, 113 68 Stockholm"
Halle Creative AB,559429-0826,,"Fasanvägen 5, 131 42 Nacka"
Dreamhouse Värmdö AB,559002-9376,,"Farsta Slottsväg 7, 134 40 Gustavsberg"
Gahm Interior AB,559198-2649,,"Artillerigatan 70 b, 115 30 Stockholm"
Suneson tecknade bilder AB,559280-1392,,"Peterson-Bergers Väg 4, 832 96 Frösön"
ByggKonsulterna i Småland AB,556719-3072,Telefon 0499-107 00,"Torp 305, 383 91 Mönsterås"
Västra Fastigheter Kungälv AB,559103-7980,,"Västra Gatan 12 a, 442 31 Kungälv"
Mimwell AB,559467-3989,,"Norra Sjöbogatan 21, 506 42 Borås"
Vectrum AB,556877-6800,,"Sippedalsvägen 8, 433 31 Partille"
Naturvillan International AB,559084-0426,,"Trädgårdsgatan 23, 553 16 Jönköping"
Namato Consulting AB,556506-6064,Telefon 070-834 45 59,"Sippedalsvägen 8, 433 31 Partille"
Max Holst Arkitektkontor AB,559273-7513,,"Nysätravägen 34, 131 33 Nacka"
Moh-Maya AB,559451-1346,,"Nordhemsgatan 10, 413 29 Göteborg"
Trädgårdsform Susann Andersson AB,559191-1705,,"Gustav Trolles Väg 11, 176 76 Järfälla"
Studio Wilund AB,559502-4349,,"Storgatan 22, 114 55 Stockholm"
Högbackaholding i Orsa AB,556896-8720,,"Kråkbodarna 21 a, 793 92 Leksand"
Bono Concepts AB,559064-9678,,"Engelbrektsgatan 9, 114 32 Stockholm"
Studio Stockholm Holding AB,559082-7704,Telefon 08-501 266 10,"Repslagargatan 17 b, 118 46 Stockholm"
SAN Design AB,559262-4851,,"Nyängsvägen 27, 167 54 Bromma"
DORS Arkitekter AB,559508-4525,,"Sofiagatan 48 a, 416 72 Göteborg"
Leckström & Co Fastighetskonsult AB,556830-2557,Telefon 070-779 53 00,"Berguddsvägen 1, 133 33 Saltsjöbaden"
Fredrik Gamrell AB,559004-2908,,"Björkallén 47, 142 66 Trångsund"
Linnea Holmqvist 22 AB,559239-1733,,"Skolmästarvägen 4, 812 90 Storvik"
C-O Dreams AB,559419-7278,,"Furusunds Strandväg 6, 760 19 Furusund"
Stjälk Interiör AB,559465-9640,,"Regelvägen 11, 892 41 Domsjö"
Public Studio Stockholm AB,559206-4231,Telefon 070-798 30 80,"Lissma Sjöväg 11, 141 91 Huddinge"
y cambio / a AB,559241-1788,,"Kungsgatan 12, 211 49 Malmö"
OLA OHLIN ARKITEKTUR AB,559291-3254,,"Paradisvägen 13, 837 72 Duved"
Pigment Productions AB,556997-2093,,"Folkskolegatan 5, 117 35 Stockholm"
PA United AB,559293-5232,,"Varvsvägen 11, 135 62 Tyresö"
Stilrummet Inredning Stockholm AB,559332-3784,,"Sankt Eriksgatan 9 Lgh 1103, 112 39 Stockholm"
KLEINE DESIGN AB,559477-2377,,"Kalle Smes Väg 16-7, 263 76 Nyhamnsläge"
AL Scherer AB,559300-7890,,"Furusundsgatan 10 Lgh 1502, 115 37 Stockholm"
KaMa Media & Design AB,559353-5783,,"Skönstaholmsvägen 75, 123 60 Farsta"
Johanna Dehlin Landskap AB,559486-9157,,"Fredriksonsvägen 9, 129 38 Hägersten"
Småstaden Synergi AB,556727-7016,Telefon 070-652 07 00,"Elfviksvägen 11 a, 181 46 Lidingö"
Raffolt Inredning & InVent AB,559277-0977,,"Gesundaplan 50, 167 43 Bromma"
BARK Arkitektur & Trädvård AB,559348-9726,,"Ottsjövägen 25, 120 58 Årsta"
Studio A AB,559028-1530,,"Regementsgatan 19, 217 53 Malmö"
Cazeadvisor AB,559308-7322,,"Enbacken 42, 147 33 Tumba"
LUVARO AB,559490-2388,,Falun
KMJ Cad Assistance AB,556515-8614,,"Slipvägen 7 3.Tr, 181 66 Lidingö"
Pang Arkitekter AB,556683-1383,,"Birger Jarlsgatan 127, 113 56 Stockholm"
Moonbeam Equestrian AB,559023-5502,,"Ålberga Gård 1 a, 611 90 Ålberga"
Edis A&D AB,559135-6356,,"Pirkgatan 14, 152 59 Södertälje"
Interior Atelier Sweden AB,559237-8029,,"Syrenvägen 10, 182 38 Danderyd"
AMARKA AB,559124-7779,,"Magistratsvägen 49 d, 226 43 Lund"
Urban Calculator AB,559367-7171,Telefon 072-353 47 78,"Opalgatan 87, 421 62 Västra Frölunda"
Moli Interiörarkitektur & Form AB,559452-8852,,"Smedjegatan 40, 553 20 Jönköping"
Fotografi & Arkitektur i Lund AB,559454-6979,,"Danska Vägen 76, 226 39 Lund"
ML Fastighet Invest AB,559392-5679,,"Kanslivägen 29, 146 37 Tullinge"
Arkitektkontor Arén & Yde AB,559485-4704,,"Prästavägen 12 Råbylunds Gård, 224 80 Lund"
ArkiTIL AB,559520-3315,,"Stumpen 13, 271 91 Ystad"
Into the Green AB,559077-9384,,"Jaktstigen 23, 181 46 Lidingö"
Nilsson Landscape AB,559267-9178,,"Dressinvägen 6, 245 63 Hjärup"
Livia Care AB,556736-4780,Telefon 073-350 88 90,"Jollevägen 2, 139 55 Värmdö"
BimHouse AB,559045-3030,,"Årevägen 55 4tr, 837 52 Åre"
Ordningskonsulten Sverige AB,559288-7565,,"Ljungvägen 22 b, 236 38 Höllviken"
Gisli Arkitektur Aktiebolag,556408-9653,Telefon 040-23 75 03,"Västra Kungsljuset 7, 231 75 Beddingestrand"
Banvägen Design AB,556961-0784,Telefon 070-657 56 46,"Banvägen 7, 131 41 Nacka"
JP Skrivarbyrå AB,559370-7416,,"Hantverksgatan 9, 302 42 Halmstad"
1:100 Interiör AB,556580-6881,,"Svinningeuddsvägen 68, 184 92 Åkersberga"
Palle Sjölander AB,556584-2696,,"Branta Vägen 22, 852 40 Sundsvall"
Petra Bindel AB,556845-5751,,"Jakob Nilsgatan 24 Lgh 1002, 211 21 Malmö"
ALTULI AB,556880-4321,,"Rektorsgatan 1 b, 247 62 Veberöd"
RYMD Arkitektur AB,556948-6763,,"Selmedalsvägen 70, 129 37 Hägersten"
Ehrlund & Co AB,559214-6459,,"Marsvägen 52, 177 61 Järfälla"
Engström Arkitektur AB,559472-2000,,"Svartemossevägen 15, 439 65 Stråvalla"
Malin Mattsson arkitekt AB,556876-1539,,"Bökebolsvägen 22, 263 77 Mölle"
AE Projects AB,559314-2010,,"Freyvägen 1 b, 133 38 Saltsjöbaden"
Stig Ahlström Arkitektkontor Aktiebolag,556301-4397,,"Kungsholmsgatan 12, 112 27 Stockholm"
Svenning Ritkontor AB,556585-4295,,"Haletorpsvägen 1, 422 41 Hisings Backa"
Cartling Consulting AB,556821-0362,Telefon 08-39 23 28,"Vansövägen 21, 125 40 Älvsjö"
Strombro Building Workshop AB,556921-3712,Telefon 08-778 38 00,"Rörstrandsgatan 35, 113 41 Stockholm"
Hässleberga Holding AB,559119-3445,,"Gråsparvsvägen 52, 227 31 Lund"
Lyst Concept Studio AB,559302-9142,,"Haga Kyrkogata 14 c, 411 23 Göteborg"
Beata Rakowska konsult AB,559035-0095,,"Skogshemsvägen 1, 181 90 Lidingö"
Arkitekt Peter Kinnmark Aktiebolag,559331-4809,,"Sandhamnsgatan 33, 115 60 Stockholm"
BTX Equipment AB,559148-6310,,"Lindövägen 17, 602 28 Norrköping"
INRA Ton och Form Aktiebolag,556660-9425,Telefon 070-839 91 27,"Myskje 632, 826 66 Marmaverken"
WIDAM Arkitektur & Konstruktion AB,559269-8830,,"Planavägen 20, 254 70 Kattarp"
StudioPerninger AB,559399-0574,,"Lärkvägen 15, 254 82 Helsingborg"
TH Norden AB,559473-5515,,"Tjurbacken 150, 444 94 Ucklum"
Emma T AB,559530-4832,,"Einar Hansens Esplanad 26 Vån 7, 211 77 Malmö"
Helitera AB,556542-7761,,"Skarpskyttevägen 12 d Lgh 1102, 226 42 Lund"
FS Haddad AB,559064-2913,Telefon 070-743 04 06,"Sandstigen 19 b, 151 55 Södertälje"
Astrid Öhman Arkitekt AB,559096-3004,,"Midsommarvägen 46 Lgh 1002, 126 35 Hägersten"
Lars B Hågbrandt AB,559128-5126,,"Måsvägen 16, 641 93 Katrineholm"
Zappy AB,559337-3219,,"Tulegatan 26, 113 53 Stockholm"
Susanne Wallgren AB,559030-2153,,"Frödings Väg 1 a, 763 71 Herräng"
Glaumann Landskap AB,559220-8432,,"Smedsgården 110, 865 91 Alnö"
Garden & Room Borås AB,559470-6490,,"Stormgatan 15 u, 504 64 Borås"
C.U.B. Idéutveckling Aktiebolag (CUBAB),556185-1998,Telefon 08-742 18 11,"Elfviksvägen 84, 181 90 Lidingö"
Stolen.nu klassiskt i nutid AB,556806-8943,,"Gripsholm Utsikten 1 b Lgh 1201, 647 31 Mariefred"
Marie Vikström design och landskap AB,559125-0047,,"Fågelbärsstigen 13, 184 91 Åkersberga"
N.B. arkitekt & koncept AB,559245-5280,,"Drabantvägen 41, 132 47 Saltsjö-Boo"
Leonard Qvarsebo AB,559174-8883,,"Garvargatan 3, 112 21 Stockholm"
Vallentuna Trädgårdsdesign AB,559369-4986,,"Fritzbergsvägen 150, 186 51 Vallentuna"
A Lindbergs Trädgårdsbyrå AB,559306-1616,,"Nötesjövägen 105-0, 233 91 Svedala"
Sjöbacken Trädgårdsdesign AB,559348-8991,,"Sjögrensgatan 11, 593 34 Västervik"
Jernbron Arkitektkontor Aktiebolag,556370-9699,,"Tensta 4, 743 93 Vattholma"
Ninetytwo AB,556899-6317,Telefon 070-770 13 70,"Råsundavägen 39 b, 169 67 Solna"
Inredningsarkitekt Ulrica Hansson AB,559293-3047,,"Ursviksvägen 1, 172 75 Sundbyberg"
Unique installation Sweden AB,559471-5384,,"Nybodagatan 7, 171 42 Solna"
Josefin Lindau AB,559509-0233,,"Borhult Storegården 1, 507 90 Brämhult"
AKöhler AB,559525-1306,,"Disavägen 5, 191 63 Sollentuna"
MTN.freshfoods AB,559197-6757,,"Vedettvägen 31, 183 50 Täby"
OJ Arkitekt AB,559329-6501,,"Paternostervägen 84, 121 49 Johanneshov"
Billie Group AB,559376-0852,,"Maria Prästgårdsgata 17, 118 52 Stockholm"
Natelje Inredning Design AB,556862-9421,Telefon 070-661 80 66,"Disponentgatan 1, 112 62 Stockholm"
Lund Form AB,556909-5291,Telefon 070-602 04 22,"Kråkrisvägen 3, 121 34 Enskededalen"
Björg Form & Arkitektur AB,556851-8574,,"J a Wettergrens Gata 4, 421 30 Västra Frölunda"
Homestyle Catarina Klampe AB,556863-4801,,"Ekenhovsvägen 8, 131 47 Nacka"
ENIORE AB,559106-8126,,"Sagavägen 5, 133 38 Saltsjöbaden"
Fredrik Thorsson Interiörer AB,559470-3760,,"Polhemsgatan 28, 112 30 Stockholm"
Studio Insight AB,559081-2292,,"Rödabergsgatan 12, 113 33 Stockholm"
Deearc AB,559057-7895,,"Stora Nygatan 19, 111 27 Stockholm"
Daar Design AB,559498-5789,,"Jungfrudansen 20, 171 56 Solna"
Martin Mirelius Arkitektkontor AB,556666-3075,,"Svärtgärdsvägen 9, 134 63 Ingarö"
formorum AB,559237-3335,,"Brinkens Väg 50, 439 53 Åsa"
ukli AB,559257-9147,,"Södra Klockspelsvägen 11 a, 217 74 Malmö"
Berglings Boutique Hotell AB,559358-4344,,"Maria Winkvists Väg 3, 761 65 Norrtälje"
Ritbyrån Åke Säll AB,559242-2454,,"Linas Gränd 8, 598 31 Vimmerby"
Milles arkitektur AB,559363-2838,,"Bellmansgatan 5, 118 20 Stockholm"
Äpplet Trädgård AB,559525-1074,,"Lyckedalsvägen 4, 185 91 Vaxholm"
Rostberg arkitektstudio AB,559253-6006,,"Astrakangatan 61, 165 52 Hässelby"
Studio AH Arkitektur & Kreativitet AB,559499-0524,,"Grustagsgatan 9, 352 41 Växjö"
Bluemarx AB,556231-3204,Telefon 08-10 59 80,Stockholm
Improflex Konsult AB,559228-5653,,"Bjursvägen 28 Lgh. 1001, 194 66 Upplands Väsby"
Carl Cyrén AB,559337-0942,,"Sverkersgatan 2, 126 55 Hägersten"
Franzform AB,556944-6882,,"Västra Ringvägen 21 a, 724 61 Västerås"
Tellavision AB,559275-3452,,"Textilvägen 10, 435 39 Mölnlycke"
Main Office Sweden AB,559022-6436,,"Tegnérsgatan 19 Våning 5, 412 52 Göteborg"
Barkitektur AB,559213-8571,,"Brännkyrkagatan 46, 118 20 Stockholm"
Coutureark Arkitektur & Real Estate AB,559323-2324,,"Margaretha Krooks Gata 6, 126 54 Hägersten"
Annerhall Fastigheter AB,559410-5503,,"Timmervägen 10, 546 94 Undenäs"
Still & Storm AB,559425-2644,,"Jupitervägen 10, 134 32 Gustavsberg"
MKO Design AB,556918-0895,,"Granitvägen 62 a, 183 63 Täby"
Mantorps Consulting AB,559183-8593,,"Kaprisgränd 4, 595 58 Mantorp"
Daun Project AB,556501-0948,Telefon 018-32 13 59,"Klippvägen 18, 756 52 Uppsala"
Margot Barolo AB,556755-7169,,"Bjurholmsgatan 11 a Nb, 116 38 Stockholm"
Skalviksbolaget AB,559299-0393,,"Sältetångsvägen 13, 429 35 Kullavik"
Studio61 Inredning och Styling AB,559361-9314,,"Högmoravägen 61, 141 36 Huddinge"
Front Arkitektur & Fastigheter AB,559267-7495,,"Högklint Fridtorpsvägen 10, 622 61 Visby"
Cassius Arkitektkontor AB,559330-8330,,"Helsingborgsgatan 3 Lgh 1202, 211 54 Malmö"
Arhus Aktiebolag,556468-9627,Telefon 08-36 93 72,"Sankt Hollingers Väg 3, 163 51 Spånga"
Hässlid form AB,556954-3084,,"Ringvägen 11 c, 118 23 Stockholm"
Johanna Larsson Interiör AB,559276-0002,,"Mäster Palmsgatan 2 d, 211 58 Malmö"
Forsman Art Production AB,559325-9509,,"Nytorgsgatan 15, 116 22 Stockholm"
KBDM Green Consulting AB,559211-3814,,"Per Lindeströms Väg 114, 121 46 Johanneshov"
ibencon AB,556771-1378,Telefon 031-99 48 84,"Ålegårdsgatan 428, 431 50 Mölndal"
Hem by ANNLO AB,559322-9544,,"Salagatan 41 b, 753 26 Uppsala"
AO Garden Design AB,556980-9196,,"Norinsgatan 7, 504 57 Borås"
Marketplace Design Scandinavia AB,559296-3309,,"Vesslevägen 19, 167 66 Bromma"
Bon designstudio AB,559329-2476,,"Lilla Bommen 1, 411 04 Göteborg"
Kastrup Sjunnesson Aktiebolag,556295-5798,Telefon 08-21 93 00,"De Geersgatan 16, 115 29 Stockholm"
Tribeca Gruppen Invest Aktiebolag,556420-8451,,"Kommendörsgatan 25, 114 48 Stockholm"
Designkontoret Edlund & Lehtonen Aktiebolag,556439-4343,Telefon 08-642 66 53,"Mosebacke Torg 4, 116 46 Stockholm"
Synk Arkitektur AB,556837-1297,Telefon 08-689 80 60,"Flaggan 1064, 116 74 Stockholm"
Jarand Nå Arkitektur AB,559468-6338,,"Iliongränden 232, 224 71 Lund"
Amatina Consulting AB,559190-0229,,"Lövudden 11, 806 26 Gävle"
Dalanova Aktiebolag,556545-3882,,"Matrisvägen 14, 791 44 Falun"
Hans Dahlgren Arkitektkontor AB,556554-8236,Telefon 08-611 80 80,"Svartmangatan 9, 111 29 Stockholm"
Studio Architect & Interior AB,556941-1399,,"Marbäcksvägen 4, 246 32 Löddeköpinge"
RAZ Light AB,559450-8458,,"Stjärnsundsgatan 29, 124 72 Bandhagen"
Arkitektrådet - Ark Peo Oskarsson Aktiebolag,556363-3196,Telefon 031-80 29 00,"Vasagatan 46, 411 37 Göteborg"
Storvreta Fastigheter AB,556965-5433,Telefon 073-655 03 53,"Malörtsvägen 4, 743 40 Storvreta"
R Design AB,559242-9889,,"Herrebrogatan 102, 603 80 Norrköping"
Harmoni Barn AB,556558-0403,Telefon 040-12 98 23,"Osby Strandvägen 120, 242 93 Hörby"
Annica Sveholm AB,556772-5204,Telefon 070-219 07 42,"Däldvägen 14, 181 62 Lidingö"
Moorph AB,556881-8362,,"Markvardsgatan 4, 113 53 Stockholm"
UM Smart Design AB,559283-2702,,"Törnrosgatan 10, 256 61 Helsingborg"
KWARK AB,556859-1100,,"Hagagatan 9, 289 33 Knislinge"
Swedish Beauty Factory AB,559237-8953,,"Kullsvedsvägen 38 b, 139 32 Värmdö"
gul sten studio AB,559365-8262,,"Lasarettsgatan 7 b, 411 19 Göteborg"
Jeanette Karsten ARKDEKO AB,556983-1968,Telefon 073-980 79 21,"Norrbackagatan 9, 113 34 Stockholm"
Great Shift AB,559345-3284,,"Edinsvägen 2, 131 45 Nacka"
Super Deluxe Junk AB,559406-9014,,"Björkstigen 12, 667 30 Forshaga"
Alexandra Löfgren AB,559422-3710,,"Ringduvegatan 8, 431 63 Mölndal"
seark AB,556830-4793,Telefon 08-545 915 61,"Djupdalsvägen 111, 167 72 Bromma"
Åsa Ohlsson Design & Arkitektur AB,559457-9145,,"Nygatan 40 c, 903 30 Umeå"
Baum Arkitektur AB,559464-3602,,"Kålgården 2, 414 76 Göteborg"
L.R Innovation Consulting AB,559545-6509,,"Rådmansgatan 72, 113 60 Stockholm"
Falk Arkitekter Aktiebolag,556761-6072,,"Västantorpsvägen 5, 597 31 Åtvidaberg"
Kagg Design AB,559290-9047,,"Oscarsvägen 3, 702 14 Örebro"
Elect Aktiebolag,556509-3514,,"Vollmervägen 12, 187 36 Täby"
Garden by Raud AB,556925-6281,,"Lännavägen 161, 141 91 Huddinge"
Snäll arkitekter AB,559418-2544,,"Erik Dahlbergsgatan 27 Bv, 115 32 Stockholm"
Hartzell Design AB,559526-1438,,"Östra Långgatan 79 k, 619 30 Trosa"
West arkitektur teknik AB,559353-6930,,"Stenhuggaregatan 16, 412 59 Göteborg"
Stitch N Stones AB,559018-6937,,"Stationsvägen 22, 837 52 Åre"
Genark AB,559097-5446,,"Näktergalsvägen 1, 633 69 Skogstorp"
DF INVEST & DESIGN AB,556841-9211,Telefon 070-979 10 11,"Karlsruhevägen 6 c, 134 32 Gustavsberg"
KHR Styling AB,559495-7630,,"Vallavägen 141 Lgh 1101, 136 41 Handen"
HomeDecor Sverige AB,559009-2564,,"Rositas Gata 15, 417 67 Göteborg"
Ordningskreatören Göteborg AB,559387-9710,,"Lindholmsallén 55, 417 53 Göteborg"
henore AB,559135-0268,,"Täckinge Alelund 202, 305 77 Getinge"
SilentConsult AB,559428-0496,,"Engelbrektsgatan 25, 231 53 Trelleborg"
Heyman produktion AB,559107-9321,,"Snäckvägen 23, 414 75 Göteborg"
Fem21 AB,559264-6102,,"Trastvägen 21, 141 72 Segeltorp"
No Ordinary Design Studio AB,559315-0708,,"Blommensbergsvägen 198, 126 52 Hägersten"
Oska Studio AB,559470-9163,,"Eskelhem Sigvards 650, 622 70 Gotlands Tofta"
Siöland & Partners AB,559533-3799,,"Högalidsgatan 48 b, 117 30 Stockholm"
bockasten arkitektur AB,556292-4240,Telefon 0431-725 01,"Nordströms Sträde 3, 269 33 Båstad"
Familjen G Hultgrens Inredningar Aktiebolag,556523-1536,Telefon 08-34 24 11,"Cedergrensvägen 36, 126 36 Hägersten"
The Difference Engine AB,556804-1122,,"Isbergavägen 5, 125 55 Älvsjö"
annamakingspace AB,559308-8569,,"Drottninggatan 158, 254 33 Helsingborg"
Ateljé Wahlström Walter AB,559341-8923,,"Lothargatan 20, 621 58 Visby"
Fröknarna Fix AB,559470-2481,,"Balltorp 218, 463 96 Nygård"
Frêne sales & consulting AB,559484-7377,,"Sandviksvägen 11, 618 34 Kolmården"
Marx Arkitektur AB,556882-6894,Telefon 073-977 49 55,"Halmstadsvägen 41, 121 53 Johanneshov"
Linnéaholms Trädgård & Design AB,559369-5736,,"Prästgårdsvägen 10, 341 76 Ryssby"
Studio Belin AB,559504-8496,,"Utbergsvägen 16, 415 72 Göteborg"
Super Light AB,559045-6884,,"Ljustergränd 1, 116 68 Stockholm"
Decorelle inredning och homestyling AB,559059-8289,,"Stenbrovägen 7, 194 54 Upplands Väsby"
Jerneken AB,559341-3197,,"Kullavägen 94, 254 51 Helsingborg"
ZODIAK Arkitekter AB,556536-8080,,"Rotnäsvägen 94, 141 42 Huddinge"
Talavid Arkitektkontor AB,556600-0153,Telefon 070-445 36 27,"Viktor Rydbergsgatan 36 1tr Lgh 1001, 554 48 Jönköping"
Jonas Kjellander Arkitektkontor AB,559233-2687,,"Järntorgsgatan 7, 703 39 Örebro"
Jim Wetterling AB,556980-4759,,"Samuel Bagges Väg 9, 443 32 Lerum"
Callermo Arkitektur AB,559219-9326,,"Dramsvik 386, 459 94 Ljungskile"
Studio Cilla AB,559154-2880,,"Enbärsvägen 9, 181 64 Lidingö"
Vikarbyn fastigheter AB,559210-9762,,"Reykjaviksgatan 126, 752 63 Uppsala"
ATELIE AB,559514-0236,,"Ringvägen 11, 185 34 Vaxholm"
Hair i Tyresö AB,559002-8444,,"Sandvägen 15, 135 50 Tyresö"
Märkel Arkitekt AB,559448-0021,,"Hagryd Dalavägen 33, 429 34 Kullavik"
Bygdén och Nyström Arkitekturateljé AB,559502-0396,,"Erik Dahlbergsgatan 38, 115 32 Stockholm"
Cirkey Holding AB,559493-3201,,"Kommendörsvägen 14, 184 92 Åkersberga"
Wifinpoof Vintage & Design AB,559426-0662,,"Nya Skeppsbrogatan 7, 371 14 Karlskrona"
Wettern Arkitektur AB,559532-9854,,"Kämpevägen 25, 553 02 Jönköping"
Ruud Ekstrand Design Aktiebolag,556325-5677,Telefon 070-557 88 21,"Revingegatan 4 d, 223 57 Lund"
Green Clean Interiör i Göteborg AB,556848-1104,,"Hullgatan 4 a Lgh 1102, 418 77 Göteborg"
Levenstams Modellbyggeri AB,559138-2030,,"Radarvägen 7, 183 61 Täby"
IDEA Husdesign AB,559393-9183,,"Torsås Söderlyckan 1, 355 98 Ingelstad"
Arkitekturnejden AB,559382-7370,,"Västmannagatan 77, 113 26 Stockholm"
Freemover Sweden AB,556882-7371,,"Haraldsborgsvägen 4 d, 193 34 Sigtuna"
Formidabla projekt Malmö AB,559425-1935,,"Marieholmsvägen 2 b, 217 63 Malmö"
AB Salt Arkitektur,556859-5911,Telefon 070-958 30 28,"Klittervägen 23, 262 68 Ängelholm"
Älv Sjö Dal Arkitektkontor AB,559335-1975,,"Lanforsvägen 39, 115 43 Stockholm"
Ekotekten AB,559458-8021,,"Russinvägen 3, 123 59 Farsta"
Milmar Service AB,559122-5239,,"Byåkersvägen 14, 855 99 Liden"
Digital Network International AB,559201-2263,,"Strandvägen 7 a 7tr, 114 56 Stockholm"
Matilda Appelberg Design AB,559208-8594,,"Rydbergsvägen 29, 531 97 Lidköping"
Torn Ark AB,556703-4359,,"Rudbecksgatan 9, 722 16 Västerås"
Ljuslandskap Sverige AB,556838-5040,Telefon 08-444 45 56,"Hågavägen 188 1tr, 752 63 Uppsala"
Home by Jb AB,556962-4348,,"Kuskstigen 6, 144 52 Rönninge"
STUDIO L O W A AB,559499-1274,,"Gävsjövägen 7, 186 52 Vallentuna"
Hjortbris AB,559430-3991,,"Odenvägen 5, 703 65 Örebro"
Danielle Kebbon Interior Architecture AB,559450-5645,,"Vinodlargatan 11, 117 58 Stockholm"
Isanova Holding AB,556841-9658,Telefon 070-473 60 07,Norrköping
Ekenhill Arkitekter AB,559358-6679,,"Billesholmsgatan 7, 252 76 Helsingborg"
DUBOIS ORVELIUS ARKITEKTUR AB,559324-2315,,"Dalstigen 37, 185 95 Vaxholm"
Jan Lennart Larsson 59 AB,559354-6640,,"Billdals Rönnväg 11, 427 38 Billdal"
Boombaam AB,559431-0814,,"Västertorpsvägen 138, 129 44 Hägersten"
Lemos Design AB,559456-1770,,"Rödingvägen 3, 983 34 Malmberget"
Skapar Blomsterkraft i säsong AB,559293-6768,,"Mossavägen 22, 247 32 Södra Sandby"
UDP Arkitekter AB,559412-2110,,"Vanneberga 3606, 288 34 Vinslöv"
Kjerstin Smeds Design Aktiebolag,556513-5810,Telefon 08-761 39 64,"Renstigen 7, 163 54 Spånga"
sense produktion AB,556577-7686,Telefon 0647-262 60,"Lillkyrka Hässlinge 1, 745 97 Enköping"
ARCONTE AB,556914-2085,,"Åkerbyvägen 98 Lgh. 2201, 183 35 Täby"
Erik Ahnborg Arkitektkontor Aktiebolag,556367-5635,Telefon 08-766 06 55,"Rörgatan 58, 852 40 Sundsvall"
MOVE Möbler & Bohag Aktiebolag,556318-7227,Telefon 040-30 10 15,"Liljegatan 13, 343 34 Älmhult"
Görel Johansson AB,556835-4533,,"Framnäsbacken 6 2tr, 171 66 Solna"
MAKA ARKITEKTUR AB,556857-3611,,"Fågelfängaregatan 34, 414 75 Göteborg"
Myhome interior group in Stockholm AB,559024-3050,,"Handelsvägen 7, 182 56 Danderyd"
Östergården Interiör & Studio AB,559308-8007,,"Stenhedsvägen 30, 272 96 Gärsnäs"
Boredning AB,559379-0842,,"Stenmarksvägen 6, 903 45 Umeå"
ÜSA Consulting AB,556905-9412,,Stockholm
Joar Arkitektbyrå AB,556939-4702,Telefon 070-948 11 31,"Vidargatan 4, 113 27 Stockholm"
Torpängens trädgårdsmästeri AB,559477-7038,,"Latorp 806 Torpängen, 719 94 Vintrosa"
Perlmans Fabriks AB,556076-5900,Telefon 070-617 56 93,"Vändvägen 6 m, 192 48 Sollentuna"
Lena Isaksson Arkitektur och Design AB,556523-0835,Telefon 070-514 88 13,"Stampgatan 8, 411 03 Göteborg"
Pim AB,559121-4027,,"Jordgubbsvägen 6, 331 42 Värnamo"
Mayken Design AB,559511-2011,,"Vävaregatan 10, 261 37 Landskrona"
Lina Isaksson Interior Design AB,559515-4716,,"Stationsliden 3, 561 62 Tenhult"
Kåberg Hus och Hem AB,559019-5656,,"Rosenholmsvägen 19, 571 78 Forserum"
Lagerquist & Olsson AB,559150-0631,,"Tomtebogatan 5 Bv, 113 39 Stockholm"
IbiDa Consulting AB,559349-8990,,"Hasseluddsvägen 9, 186 53 Vallentuna"
Karin Isacsson Plan och Inredning Aktiebolag,556470-5431,Telefon 0303-24 30 54,"Ängsgatan 25, 442 33 Kungälv"
LOUIS Stockholm AB,559093-2652,,"Vegagatan 11 Lgh 1301, 113 29 Stockholm"
MATIN GROUP AB,559420-6038,,"Idtjärnsgatan 17, 424 50 Angered"
Peter Hallén Aktiebolag,556484-7597,,"c/o Svenska Standardbolag AB, Box 292, 791 27 Falun"
Theres Wandell Interior & Projects AB,559288-6864,,"Hököpingevägen 389-4, 235 94 Vellinge"
DA Interior & Design AB,559319-2908,,"Sjölunda 830, 472 93 Svanesund"
What decorates my day AB,559229-3707,,"Långsjövägen 110, 125 51 Älvsjö"
Looft Arkitektkontor AB,559116-6193,,"Idunavägen 6, 181 61 Lidingö"
Solvik Bygg AB,556552-9608,Telefon 072-030 44 61,Stockholm
All Matters AB,559216-2076,,"Södermannagatan 23, 116 40 Stockholm"
Tulipura AB,559314-7514,,"Bladvägen 5, 182 56 Danderyd"
Atelier ILKE AB,559346-9678,,"Dymlingsgränd 8 Lgh 1102, 129 30 Hägersten"
SveaBygglov AB,559384-8251,,"Sallerupsvägen 26 a, 212 18 Malmö"
Andrén Production & Consulting AB,556910-0364,,"Östermalmsgatan 101 Lgh 1202, 114 59 Stockholm"
Berg I Sverige Invest AB,559058-3687,,"Solbacksvägen 6, 217 63 Malmö"
Hem Atelier Styrmans AB,559512-6144,,"Grev Turegatan 52 b, 114 38 Stockholm"
Urban Pihl Arkitektkontor AB,556296-3487,Telefon 08-641 71 03,"Övägen 31, 761 93 Norrtälje"
BlackCliff Invest AB,559129-8608,,Falun
Nordbo Interiör AB,559386-7103,,"Lanna Björklunda, 719 93 Vintrosa"
Holmfred & Holmfred AB,559458-6124,,"Örnholmsbrinken 132, 127 42 Skärholmen"
EXARK ARKITEKTER AB,556916-0079,Telefon 070-635 13 11,"Terrassgatan 5, 411 33 Göteborg"
Emilson Arkitektur AB,559090-4891,,"Steningevägen 3, 120 39 Årsta"
Stockholms Scen- & Byggnadskonst AB,559496-3653,,"Bollstavägen 8, 122 41 Enskede"
ERANVICH AB,556877-4714,,"Lundavägen 27, 175 64 Järfälla"
GM-PLANERING AB,559376-7105,,"Enebacksgatan 24, 462 41 Vänersborg"
DETAB Arkitekter Aktiebolag,556118-9241,,"Trombvägen 7, 176 67 Järfälla"
Cyber and Space AB,559098-4232,,"Atlasvägen 39, 131 34 Nacka"
Marenvägen AB,559154-7889,,"Brahegatan 10, 114 37 Stockholm"
BHRK Bygg & Entreprenadskonsult AB,559316-4857,,"Nybodagatan 14, 171 42 Solna"
HOMEFACTORY AB,559374-3106,,"Tockenvägen 49-5, 294 94 Sölvesborg"
4CJ Aktiebolag,559451-6154,,"Uddhagsvägen 15, 185 39 Vaxholm"
Högström Sivengård AB,559316-4550,,"Åkannavägen 6, 435 40 Mölnlycke"
Dialand AB,559331-9865,,"Bara Kyrkoväg 260-3, 233 63 Bara"
Swea Craft Värmdö AB,559372-5178,,"Gyllenvägen 3, 134 39 Gustavsberg"
Jacob Henell Arkitektur AB,559531-1118,,"Hägerstensvägen 158, 126 53 Hägersten"
Min Ekonom i Stockholm AB,556903-0686,,"Labradorgatan 4, 115 48 Stockholm"
Mette Nissen AB,556626-6671,Telefon 070-878 62 30,"Stenbocksgatan 2, 211 50 Malmö"
Fjällrum AB,556804-0785,Telefon 070-695 30 32,"Mullfjällsgatan 3 b, 837 71 Duved"
Elegance Design i Jönköping AB,559046-1298,,"Bäckalyckevägen 20, 553 13 Jönköping"
ENGANS Konsult och Service AB,559051-2603,,"Taxgatan 2 Lgh1503, 115 45 Stockholm"
Mediaduck AB,556763-8647,Telefon 076-323 31 32,"Breared Kannesten 650, 313 97 Simlångsdalen"
Patrik Lidholm Consulting AB,559303-2781,,"Astronomivägen 79, 175 66 Järfälla"
Gabriella Interiors AB,559047-6221,,"Skepparegatan 11, 263 61 Viken"
Karlqvist Konsult & design AB,559094-2156,,"Rönnvägen 1 b, 181 46 Lidingö"
CitySync Solutions AB,559457-1969,,"Pärongatan 4, 417 28 Göteborg"
Society of Cia Carlsson AB,559457-9756,,"Strömgatan 3, 941 31 Piteå"
KCN Investment AB,556960-9422,,Falun
Susanne Arnfridsson AB,556844-4003,Telefon 070-299 59 18,"Nebulosavägen 12, 863 33 Sundsbruk"
Jenny Bronäs Arkitektur AB,559151-8120,,"Högsätesvägen 5, 122 44 Enskede"
YouArk AB,559209-6472,,"Hornsgatan 114, 117 26 Stockholm"
Arkitektverkstan i Hudiksvall Aktiebolag,556226-4811,,"Djupegatan 4, 824 50 Hudiksvall"
Fotograf Erland Andersson Aktiebolag,556442-6376,,"Falsterbovägen 273-23, 235 91 Vellinge"
Blå Fastighet & Design AB,556874-4170,,"Safirgatan 17, 177 68 Järfälla"
Infini Design AB,559145-1660,,"Karlbergsvägen 51 Lgh 1302, 113 35 Stockholm"
Jenny Kristin AB,559415-5862,,"Munkebäcksgatan 34 b, 416 54 Göteborg"
Andrea Jean Hansson Arkitektur AB,559429-7599,,"Sareksvägen 13, 167 35 Bromma"
Jimmy Schönning AB,556652-0036,,"Rehnsgatan 5, 113 57 Stockholm"
Feel free by nature AB,559242-4690,,"Furubergsvägen 3, 429 41 Särö"
Lysvret Consulting AB,559435-1339,,"Mångatan 6, 511 57 Kinna"
Röing Arkitekter AB,556366-3938,Telefon 070-960 00 71,"R f Bergsgatan 71, 216 16 Limhamn"
L&L Blommor och Interiör AB,559044-2017,,"Sundsvägen 6, 892 32 Domsjö"
Alt Vision AB,559402-9265,,Järfälla
Diedrichs Design AB,559265-3579,,"Västergårds Vale 9, 421 67 Västra Frölunda"
ARK. 1 Arkitektkontor Aktiebolag,556480-7252,,"Skultunavägen 1, 722 17 Västerås"
Strukturera Mera AB,559370-8232,,"Krogtäppan 61, 137 68 Jordbro"
Möbelarkitekt Carl-F Andersson AB,559152-3872,,"Kullagatan 89, 263 39 Höganäs"
Story of Rooms AB,559510-9405,,"Skaraborgsvägen 25, 506 30 Borås"
Slutplattan HAMLO 127370 AB,559520-1038,,Göteborg
Mats Dahlgren Arkitektkontor AB,556834-2389,,"Hans Von Kantzows Väg 50, 734 40 Hallstahammar"
Glowy Group AB,559492-3012,,"Lyckostigen 11 a, 195 36 Märsta"
Sålanda Trädgård AB,559240-2381,,"Sålanda 188, 446 94 Skepplanda"
Studio interior Norrland AB,559403-6252,,"Veda 110, 862 95 Njurunda"
Fröken Broström AB,559293-0001,,"Generalsvägen 81 b, 184 51 Österskär"
Andreas Jonasson Arkitektkontor AB,556706-2558,,"Voxnegränd 10, 128 43 Bagarmossen"
Mikael Rydén Konsultfirma AB,556950-0340,,"Tolvmansvägen 3, 141 39 Huddinge"
AB Syvas,559106-9686,,"c/o Holmqvist & Partners Advokatbyrå AB, Box 5216, 102 45 Stockholm"
The Lo Life AB,559482-4228,,"Horla Byväg 4, 447 95 Vårgårda"
Home Display AB,559421-2374,,"Smedängsgatan 2, 302 39 Halmstad"
Boom la tête AB,559479-3092,,"Metargatan 9, 116 66 Stockholm"
Olofgörs & Partner AB,556561-0267,Telefon 08-20 01 58,"Spektens Gränd 1, 111 29 Stockholm"
"AB Confidence Exteriör, Art & Design",556612-7568,Telefon 070-182 15 01,"Gudmundbergsvägen 2, 772 40 Grängesberg"
Signori Studios AB,556179-6748,Telefon 073-826 78 50,"Rödabergsbrinken 4, 113 30 Stockholm"
Östrasalt AB,556807-5526,Telefon 08-542 424 05,"Banérgatan 4, 115 26 Stockholm"
Arkitektstudion Björn Sahlqvist Aktiebolag,556159-6072,Telefon 031-40 00 05,"Långåsliden 29, 412 70 Göteborg"
Västsvenska Stenfastigheter AB,559115-5840,,"Alfred Wigelius Väg 10, 412 49 Göteborg"
Styrstiftet AB,559411-3481,,"Åbogatan 12, 272 94 Simrishamn"
Maxwell Architects AB,559438-9230,,"Greve Dückers Väg 3 c, 241 37 Eslöv"
Karling & Hellsvik AB,556096-1970,Telefon 0510-914 10,"Blomberg Stenhagsvägen 1, 531 95 Källby"
Interiör O Design Halmstad AB,559218-6059,,"Rosengränd 6 a, 302 93 Halmstad"
Skandinavien Houses AB,559349-2506,,"Rävavägen 6, 239 41 Falsterbo"
Martin Smedsén Arkitektur & Fotografi AB,559443-5926,,"Södergatan 14 d, 241 30 Eslöv"
Mellanrum AB,556625-0147,Telefon 070-817 24 09,"Ådalsvägen 16, 277 36 Vitaby"
Andrea Leijon Studio AB,559056-6005,,"Gårdsvägen 16, 182 75 Stocksund"
Bygglovstorget AB,559311-5404,,"Sveddvägen 3 b, 756 52 Uppsala"
Ferizi Asset Management AB,559381-1069,,"Fredriksdalsgatan 24, 120 32 Stockholm"
Stelma AB,559381-5078,,"Fiskaruddsvägen 37, 144 62 Rönninge"
Madame Arkitektur & Kommunikation AB,559184-9392,,"Trollängsvägen 3, 436 42 Askim"
WULFF Projekt i Sverige AB,559226-2934,,"Ringen 31, 182 73 Stocksund"
Annblund AB,559243-9268,,"Ploggatan 7, 418 73 Göteborg"
Studio Havh AB,559448-2894,,"Alderholmsvägen 16, 932 35 Ursviken"
011STUDIO AB,559516-5092,,"Tibastvägen 14, 755 50 Uppsala"
Kiliset Mjölnaren AB,556311-7034,Telefon 0125-910 29,"Norrbo Herrgård, 605 96 Norrköping"
Home by Eva AB,559003-8518,,"Tallstigen 2, 234 34 Lomma"
KAROLINE MOLUND AB,556759-8759,,"Haga Kyrkogata 18 a, 411 23 Göteborg"
Rathsman arkitektkontor AB,556560-9285,Telefon 070-216 63 51,"Bergslagsgatan 14 b, 652 22 Karlstad"
Tina Hellberg AB,559068-6316,,"Malmgårdsvägen 14, 116 38 Stockholm"
Thimmig Consulting AB,559109-4619,,"Torstensonsvägen 13, 182 66 Djursholm"
AKIDE-LIGHT AB,559091-8933,,"Kvarnstensvägen 9, 433 70 Sävedalen"
Ayman Osman AB,559095-2783,,"Emågatan 3, 128 46 Bagarmossen"
Bartolomeus Design AB,559203-3525,,"Drottninghusgränd 7, 111 39 Stockholm"
Pernilla Annvik AB,559128-0119,,"Nedflo Sjölid 8, 438 98 Hindås"
For Elize AB,559436-4597,,"Skonarens Gränd 1, 211 13 Malmö"
Nylander Arkitektur AB,556409-0842,,"Blåsutgatan 3, 414 56 Göteborg"
Jensen & Michelsen AB,559106-8506,,"Lingonbacken 16, 125 52 Älvsjö"
Lotus Studio AB,559429-7326,,"Hornstulls Strand 1, 117 39 Stockholm"
Green Haven AB,559528-0396,,"Valdemarsrovägen 6, 212 23 Malmö"
FOM Byggservice AB,556657-5717,Telefon 070-551 12 15,"Rädisvägen 90, 165 73 Hässelby"
Aktiebolaget Humble Heist,556737-2841,,"A House Östermalmsgatan 26 a, 114 26 Stockholm"
AJN Konsult AB,556970-3472,,"c/o svenska Standardbolag AB, Box 292, 791 27 Falun"
ASKA architects AB,559261-5149,,"Sankt Göransgatan 67, 112 38 Stockholm"
Nordisk Arkitektur AB,559373-8221,,"Grubbensringen 15 Lgh 1401, 112 69 Stockholm"
Excellent Home - Service & Care i Västernorrland AB,559453-7127,,"Bergsgatan 15, 852 43 Sundsvall"
Crevisa Utvecklingspartner AB,556908-9690,,"Hospitalsgatan 14 4tr, 602 27 Norrköping"
F Rosenblatt Aktiebolag,556268-6856,,"Linnégatan 35 1 Tr, 114 41 Stockholm"
OPAC Sweden AB,559020-8699,,"Banérgatan 27 Bv Lgh 1002, 115 22 Stockholm"
TG Home AB,559097-2815,,"Rud Laxdalen 514, 663 92 Hammarö"
TANI FORM Aktiebolag,556284-7540,,"Ekbergs Väg 42, 266 98 Hjärnarp"
Agerskog ComIn AB,559448-4122,,"Strandkullen 38, 443 72 Gråbo"
ChrSod Aktiebolag,559082-6623,,"Hedemoravägen 27, 192 71 Sollentuna"
Blacke Arkitektur AB,559310-8904,,"Riddaregatan 14, 903 36 Umeå"
Studio WOM AB,559518-8631,,"Gustavsplatsen 1 m, 416 69 Göteborg"
Göteborgshus Urban Andersson Aktiebolag,556091-5505,,"Hängpilsgatan 6, 426 77 Västra Frölunda"
Bergstrand Fastigheter och Kulturvård AB,556794-2668,Telefon 076-050 50 94,"Skyttevägen 18 f, 133 36 Saltsjöbaden"
Rolf Marklund AB,556873-4742,,"Strandgatan 22 Bv, 931 31 Skellefteå"
Vegred Arkitektur och Byggnadsvård AB,559297-5923,,"Vegred Fredriksberg, 642 63 Mellösa"
Gyllene Inredning i Stockholm AB,559315-6796,,"Glidflyktsgatan 6, 128 33 Skarpnäck"
Style Design Nordic AB,559469-8630,,"Brunörtsvägen 6, 585 64 Linghem"
East landscape AB,559516-5134,,"Mjölnerbacken 76, 174 60 Sundbyberg"
W inredningskoncept AB,559344-5900,,"Ramslätt 1, 511 73 Fritsla"
Slutplattan HAPRA 127318 AB,559388-9164,,"Kungstorget 2, 411 17 Göteborg"
Wennark AB,556984-1496,,"Drottvägen 9 b, 182 64 Djursholm"
Defining Arts AB,559465-2603,,"Braun Johans Väg 3, 433 31 Partille"
Anders Andén Arkitektkontor AB,556606-8333,,"Perrongvägen 30, 462 61 Vänersborg"
Kärnkänsla AB,559075-4189,,"Mårtenstorget 10 a, 223 51 Lund"
Sahlin Inredningsarkitekter AB,559301-9978,Telefon 070-307 77 42,"c/o Bolagspartner avveckling, Box 1067, 221 04 Lund"
Day Living by kjaer AB,556823-5799,,"Pilgatan 2, 457 72 Grebbestad"
Mikark AB,559091-9618,,"Näreby Långedalen 328, 451 79 Grundsund"
Forslunds Arkitekter AB,559313-7135,,"Malmgårdsvägen 30 l, 116 38 Stockholm"
Mats Rådmark Arkitektur & Konst AB,559353-5122,,"Östra Arödsgatan 33, 422 41 Hisings Backa"
Merivind AB,556669-3080,Telefon 08-615 25 69,"Gröndalsgatan 37, 572 35 Oskarshamn"
MAIK AB,556970-9461,,"Kummingatan 20, 424 43 Angered"
Kikongo AB,559111-0159,,"Torstensonsgatan 52, 521 31 Falköping"
PTP Botanicals Holding AB,559162-4142,,"Kålabergavägen 207, 288 90 Vinslöv"
Vigrens Stockholm AB,559453-0254,,"Fleminggatan 107, 112 45 Stockholm"
Made By Guts AB,556861-9398,,"Stensjögatan 12, 431 66 Mölndal"
BIOTONOMY AB,559115-0569,,Stockholm
Clarbergs mäkleri AB,559315-9717,,"Österby 9, 179 95 Svartsjö"
Borgåsunds Allmänna Aktiebolag,559021-8730,,"Lilla Vägen 23, 734 94 Strömsholm"
Arkitektstudio Pär Sommarström AB,559044-5168,,"Cedergrensvägen 46, 126 36 Hägersten"
Neona AB,559250-3360,,"Drottninggatan 81 b, 111 60 Stockholm"
Wetterstad Service AB,559269-2460,,"Tegelbruksgatan 8 a, 554 50 Jönköping"
Grotte Invest AB,559560-0981,,"Midgårdsgatan 33 a, 216 19 Malmö"
Silke & Selenium AB,556551-1473,Telefon 08-644 55 54,"Blecktornsgränd 5, 117 41 Stockholm"
Broder K AB,556562-8814,,"Lillsundsvägen 9, 184 94 Åkersberga"
Holma arkitekt och konstruktion AB,559064-0198,,"Laxvägen 14, 983 34 Malmberget"
FLORENCE HERMANSSON LIGHT EXPERIENCE ART AB,559198-8422,,"Granitvägen 24, 752 43 Uppsala"
Lilje Sense AB,559363-9353,,"Solvägen 26, 891 42 Örnsköldsvik"
Markgren Arkitektur AB,556646-0027,,"Smedjegatan 5 c, 411 13 Göteborg"
Diaform AB,559314-0667,,"Östersundsgatan 7 Lgh2309, 162 74 Vällingby"
Holindstic AB,559315-3223,,"Skäddegatan 29, 426 58 Västra Frölunda"
Homely by emma therese AB,559384-6503,,"Östra Ansgarigatan 95 e, 216 13 Limhamn"
ASP Fastigheter AB,559474-9631,,"Långåsvägen 76, 437 93 Lindome"
Lummerlandet AB,559134-1952,,"Runmarö Kila 616, 130 38 Runmarö"
Baaz Inredning AB,559248-1237,,"Forshälla Sund 560, 451 90 Uddevalla"
SbC Studios AB,559512-3125,,"Lillsäter 1, 647 91 Mariefred"
VESPR AB,556992-8756,,"Vitkålsgatan 82, 754 49 Uppsala"
Littorinahavet konst och struktur AB,559398-3355,,"Vegagatan 9, 621 49 Visby"
Östanlid Konsult AB,559331-9782,,"Östanlid 3, 451 78 Fiskebäckskil"
Lete styling AB,559356-7539,,"Östra Sundskogsvägen 9, 451 90 Uddevalla"
Fehrnström arkitektur AB,559385-3103,,"Siene Skogsgläntan 4, 447 95 Vårgårda"
Julias Trädgård AB,559518-8995,,"Castorvägen 28, 175 68 Järfälla"
Caroline Rönnberg Design AB,559005-6288,,"Slottsvägen 5, 182 68 Djursholm"
Izikowitz Arkitektkontor AB,559346-6898,,"Husargatan 18 b, 411 22 Göteborg"
AVARK AB,559415-4642,,"c/o FARES YOUNES, Hålsjögatan 3 a Lgh 1304, 217 66 Malmö"
Just Mia! AB,556683-1003,,"Österlånggatan 12, 503 31 Borås"
Axell Creative AB,556832-5376,,"Hedinsgatan 9, 115 33 Stockholm"
Fagring & Norberg AB,556948-5609,Telefon 072-914 80 90,"Billingegatan 10, 426 71 Västra Frölunda"
Creative Unit Sweden AB,556998-1615,,"Niklas Gata 3, 421 66 Västra Frölunda"
designexpediten i närheten AB,559157-4883,,"Settungsvägen 50, 442 44 Kungälv"
Stil och Hem Interiör Helsingborg AB,559298-3166,,"Ymergatan 6, 432 31 Varberg"
TFG Inredning & Byggkonsult AB,559345-6170,,"Befälsgatan 6, 415 25 Göteborg"
Mediastorm Jönköping AB,556857-2712,,"Linnégatan 16, 554 54 Jönköping"
Lux et Ipsum AB,559076-9047,,"Maskrosstigen 24, 566 36 Habo"
Color By Katja Interiör AB,559526-8409,,"Kanndalen 8, 475 32 Öckerö"
Lindrum Consult AB,556509-4959,,"Törvedsvägen 4, 181 47 Lidingö"
PB Psykologtjänst AB,559405-2374,,"Författarvägen 26, 167 71 Bromma"
SherryGarsha AB,559387-9207,,"c/o ADVOKATFIRMAN FYLGIA KB, Box 55555, 102 04 Stockholm"
Qreativ AB,559451-1585,,"Ingestorp Hägnen 1, 514 52 Länghem"
TILit Arkitektur AB,559167-1085,,"Ågesta Broväg 46, 123 50 Farsta"
ReDo by Almström AB,559284-1950,,"Mellanvägen 3, 371 91 Karlskrona"
Familjen Grann Form AB,556908-3768,,"Parkettgatan 10 Lgh 1703, 553 29 Jönköping"
Naturnära Tjänster & Produkter i Sörmland AB,559448-1128,,"Södergatan 5, 643 31 Vingåker"
La Mia AB,559460-8886,,"Streteredsvägen 14 a, 428 33 Kållered"
Barkforsen AB,556771-8803,,"Fersens Väg 14 a, 211 42 Malmö"
Fleur & Kulör AB,559166-3819,,"Björnskogsvägen 50, 134 35 Gustavsberg"
POLL arkitektur AB,559189-6302,,"Rådavägen 5, 435 43 Pixbo"
Bycas AB,559396-2680,,"Ryttarevägen 7, 191 34 Sollentuna"
PL20 Design AB,556735-8964,,"Sopranvägen 18, 302 93 Halmstad"
Levande Arkitektur i Skåne AB,556850-1638,,"Mossavägen 10, 247 32 Södra Sandby"
ArcTec Bygg AB,556647-1404,,"Norra Allégatan 30, 722 19 Västerås"
Lividus Studios Aktiebolag,559475-2247,,"Höjdgatan 10 b, 431 36 Mölndal"
Tamm & Partners i Stockholm AB,556769-6165,,"Karl Gerhards Väg 15, 133 35 Saltsjöbaden"
Sennström Arkitekter AB,559087-8186,,"Bygglovsgränden 13, 226 47 Lund"
No.22 AB,559307-8842,,"Notariegatan 22, 216 11 Limhamn"
Markusdotter AB,559371-6177,,"Linnégatan 51, 114 58 Stockholm"
Sören Tengvall Bygg och Inredningar Aktiebolag,556352-6283,Telefon 08-99 68 78,"Bromsvägen 14 a, 125 57 Älvsjö"
MYRICADESIGN AB,556734-4428,Telefon 08-642 28 26,"Upplandsgatan 41 Lgh 1404, 113 28 Stockholm"
Björnfabriken AB,559153-3392,,"Storgatan 107 a, 931 35 Skellefteå"
SoulKey Talent & Search AB,559511-5105,,"Hotellvägen 2 c, 262 60 Ängelholm"
G:son Lindberg Aktiebolag,556953-8928,,"Bosshagsgatan 57, 554 46 Jönköping"
Wigartz Deco AB,559228-7329,,"Skolgatan 37, 413 02 Göteborg"
ME Hus1 AB,559288-5528,,"Oskarsgatan 2 a, 891 62 Örnsköldsvik"
Studio Lovisa Heinius AB,559485-7913,,"Ängslyckevägen 12, 135 52 Tyresö"
kungsbacka/hede måleri AB,556784-3445,,"Gällingevägen 399, 439 74 Fjärås"
Anna Wolters Arkitekt AB,556830-4801,,"Brantingsgatan 26, 115 35 Stockholm"
Prhuskonstruktioner AB,559415-9765,,"Baldersbrågatan 5, 671 52 Arvika"
LiBe Design AB,559523-2041,,"Kvarnfallsvägen 19, 585 97 Linköping"
Nabec AB,559210-4953,,"Styrbordsgatan 17, 723 59 Västerås"
Vattentornet Dunér Arkitektkontor Aktiebolag,556449-4069,Telefon 0381-146 80,"Gamla Vattentornet 1, 575 31 Eksjö"
FS Development AB,556564-3052,Telefon 046-811 04,"Kranvägen 11, 247 64 Veberöd"
Källesjö förvaltnings AB,556952-0991,,"Spiltgången 12 d, 271 37 Ystad"
Studio Eva Ericsson AB,559177-8625,,"Davidshallsgatan 12, 211 45 Malmö"
Alexa Konsult AB,559218-5465,,"Gröna Gatan 56, 553 36 Jönköping"
Homecoming AB,559384-8897,,"Boholmsvägen 34, 394 77 Kalmar"
Knochenhauer Arkitektur AB,559412-4603,,"Folkungagatan 71, 116 22 Stockholm"
Cajsa Lindberg AB,559513-0732,,"Sigurdsvägen 30, 167 73 Bromma"
Victorias interiör och arkitektur AB,559274-3388,,"Bua Bygata 1, 432 64 Bua"
Alisa Larsen AB,559408-4617,,"Spiggans Gata 4, 212 51 Malmö"
Hemtrender Jenny Martinsson AB,559187-5090,,"Gunnarstorp 14, 516 93 Rångedala"
Edificio Byggkontroll AB,559436-8572,,"Härbrevägen 31 Lgh 1102, 142 34 Skogås"
Coppar inredning och styling AB,559515-8410,,"Stjärngatan 44, 621 47 Visby"
Almqvist & Simonsson AB,556792-9392,,"Ringvägen 79, 118 61 Stockholm"
UCM Design AB,556809-2745,,"Djurgårdsvägen 29 c, 132 46 Saltsjö-Boo"
Joakim Hansén AB,559143-5747,,"Fjällgatan 16 b, 116 28 Stockholm"
Studio Jung AB,559301-8384,,"Carl Westmans Väg 8, 133 35 Saltsjöbaden"
Annika Gudmundsson Design Aktiebolag,556414-4631,Telefon 070-422 77 03,"Sköldgatan 12, 118 63 Stockholm"
Bodil Bergström AB,559179-1529,,"Krukmakargatan 38, 118 51 Stockholm"
Hue Studios AB,559319-6693,,"Splintvedsgatan 50, 431 51 Mölndal"
Myshult AB,559415-1507,,"Tolleredhöjden 11, 448 50 Tollered"
Zälters Bygg&Ritningar AB,556779-7062,Telefon 070-530 00 05,"Trålvägen 3, 475 45 Fotö"
Sandbergs Arkitektur AB,559452-8449,,"Atlasgatan 12, 113 20 Stockholm"
Pamela Hanné PhotoArtist AB,556246-0997,Telefon 08-754 62 50,"Blåklintsvägen 13 a, 305 71 Haverdal"
Persson Pilo arkitektur och trädgård AB,559285-5125,,"Vamlingbo Austre 946, 623 31 Burgsvik"
Skillinge Holding AB,559360-8432,,"Åkermansgatan 4 b, 568 30 Skillingaryd"
BOKA Inredning & Homestyling i Åhus AB,559370-0528,,"Mejramsgränd 17, 296 33 Åhus"
Aperire AB,559199-9874,,"Nickstabadsvägen 24, 149 43 Nynäshamn"
CONTOUR STUDIO AB,559243-5993,,"Färgkontoret Lövholmsgränd 12, 117 43 Stockholm"
W&W Konsult AB,559525-6073,,"Skir Ängsgården 1, 355 91 Växjö"
Millennium design AB,556248-4419,,"Hildestrandsvägen 24, 184 33 Åkersberga"
Annafortes AB,556962-7499,,"Dadelvägen 15, 184 52 Österskär"
Kalani Design AB,559203-2386,,"Meijerbergsgatan 2 a, 412 60 Göteborg"
JAM Teknik Design & Interiör AB,559514-5573,,"Slimminge 593, 274 92 Skurup"
KarinWM Konsult AB,559530-1572,,"Norrtullsgatan 3, 113 29 Stockholm"
Alléidé Konsult AB,556766-3025,Telefon 070-558 29 80,"Floravägen 4, 291 43 Kristianstad"
4th Ceremony AB,559293-6446,,"Övre Åsbogatan 49, 504 54 Borås"
Åre Arkitekt AB,556978-1460,,"Totthyllan 34, 837 51 Åre"
Alexanderssons Kontorsinredning Aktiebolag,556218-1742,Telefon 070-372 01 01,"Eskadervägen 36, 183 58 Täby"
Advantum Arkitekter AB,559043-4923,,"Seneby 24, 186 91 Vallentuna"
BergLin trädgård AB,559182-6846,,"Stadsvallsvägen 36, 139 51 Värmdö"
Kempe Lageryd Konsult AB,559359-4244,,"Furusundsgatan 13, 115 37 Stockholm"
Andersson Landskap AB,559377-1149,,"Börjesonsvägen 25, 168 50 Bromma"
Karin & Michael Andreasson AB,559053-9051,,"Kungshusby-Östersta 23, 745 99 Enköping"
MR Contemporary Design & Development AB,559291-3163,,"Nybrogatan 20, 114 39 Stockholm"
Hunting For Health AB,559009-3653,,"Knutby Kumla 214, 741 98 Knutby"
Residence Interior Sweden AB,559326-1869,,"Rönnebergsvägen 20, 268 34 Svalöv"
Annika Thelaus arkitektur & design AB,556911-8622,,"Domherrevägen 22, 192 55 Sollentuna"
Razak Bygg AB,559011-0804,,"c/o Singhateh Abdoulie, Storvretsvägen 25, 147 54 Tumba"
Content by E AB,559286-2840,,"Ekholmen 11, 335 96 Kulltorp"
STRÖÖ Arkitektbyrå AB,559373-6613,,"Repslagaregatan 17 b, 602 25 Norrköping"
Malin Viktoria Berggrensson AB,559480-1572,,"Marknadsvägen 11, 277 32 Kivik"
Izard Höyer Studio Design och PR AB,559501-4811,,"Storgatan 35, 411 38 Göteborg"
Jens Eriksén Consulting AB,556760-1678,,"c/o Bolagspartner avveckling, Box 1067, 221 04 Lund"
Sahlin & Partner AB,556861-5511,,"Styrbordsgatan 14, 120 65 Stockholm"
CederbergLiving AB,556458-7698,,"Grevgatan 6 a, 114 53 Stockholm"
HP&P Arkitektur o Design AB,556668-1937,Telefon 021-17 86 85,"Mistelgatan 16, 722 25 Västerås"
2GROUP ARKITEKTUR AB,556923-5111,,"Ekebyholmshöjden 17 b, 762 91 Rimbo"
HARRYAN ARKITEKTKONTOR AB,559112-2410,,"Storgatan 22, 114 55 Stockholm"
Nordic Space AB,559200-8642,Telefon 073-805 14 20,
Bromell Landskapsarkitekter AB,559319-9168,,"Ljunglyckevägen 25, 277 45 Sankt Olof"
Jon Carl Aktiebolag,559331-2472,,"Ramsåsa 2231, 273 97 Tomelilla"
Elena Gomez fastighetsmäkleri AB,559258-0871,,"Bengt Bagares Gränd 12, 128 66 Sköndal"
Central Fastighetsförmedling Sverige AB,559469-1684,,"Maskinkajen 13, 417 64 Göteborg"
HoBe Konsult AB,559488-1764,,"Ljungs Åker 271, 459 91 Ljungskile"
Fritzell & Verstraete AB,559168-8857,,"Blekingegatan 24, 118 56 Stockholm"
Räder Arkitektur AB,559503-9446,,"Nordtångsvägen 4, 423 63 Torslanda"
Glanzelius Garden AB,559236-8996,,"Storskogsvägen 17, 167 65 Bromma"
STAYARK AB,559362-9826,,"Rödbosundsvägen 19 a, 184 60 Åkersberga"
Ärleboet AB,559201-6926,,"Kjellmansgatan 28, 414 63 Göteborg"
Parti AB,559439-2317,,"Stöcke 410, 905 81 Umeå"
Strindberg Arkitekter Aktiebolag,556454-3519,,"Gustaf Vasagatan 28, 392 47 Kalmar"
Liljeland Landskap AB,559099-6731,,"Flädie Måns Ols Väg 5, 237 91 Bjärred"
Bo Peter Lindström AB,559324-6928,,"Mycklingsvägen 14 c Lgh 1003, 894 30 Själevad"
Ordningskonsult Karin Lind AB,559407-0517,,"Ölandsresan 33, 757 55 Uppsala"
Studio B. Bygg & Arkitektur AB,559507-4104,,"Bobvägen 6, 438 53 Hindås"
TILI Service AB,556902-8854,,"Storaskärsvägen 7, 263 58 Strandbaden"
Glänta AB,559063-5925,,"Båstadsvägen 5, 121 49 Johanneshov"
Historiska Möbler Sverige AB,559169-3543,,"Lagnösundsvägen 4, 134 32 Gustavsberg"
Johanna Rapp AB,559190-4478,,"Daltorpsvägen 11, 832 96 Frösön"
Carmen Izquierdo Arkitektkontor AB,556789-0305,,"Ragvaldsgatan 19 b, 118 46 Stockholm"
Fredrik von Schewen AB,559125-1615,,"Odengatan 24, 113 51 Stockholm"
Allt i Ordning Stockholm AB,559346-3762,,"Kristinelundsvägen 10, 171 50 Solna"
INAARK AB,559081-8216,,"Krukmakargatan 2, 118 51 Stockholm"
One of A Kind Collective AB,559474-8591,,"Kustvaktsgatan 3, 426 76 Västra Frölunda"
Bred byrå AB,559508-9730,,"Kristianstadsgatan 9 b Lgh 1201, 214 23 Malmö"
Theo Van Tango AB,556970-3803,,"Kyrkogårdsvägen 67, 121 33 Enskededalen"
Golden Guld Sverige AB,556972-5756,,"Södergatan 25, 252 19 Helsingborg"
Belart AB,559070-1347,,"Korsvägen 34, 131 42 Nacka"
Maple Hill Fastigheter AB,559130-2012,,Stockholm
Rekoark Susan Hende AB,559193-8955,,"Rutger Fuchsgatan 4 a, 116 67 Stockholm"
AB Marie Wärme,559287-4969,,"Krokvägen 100, 122 39 Enskede"
Argilo AB,559393-4234,,"Sara Lidmans Gata 6, 112 15 Stockholm"
Fagerström Örebro AB,559193-1661,,"Sandtorpsgatan 12, 703 48 Örebro"
Byggkonsult Peter Lothigius AB,559365-0459,,Stockholm
AKIN Studio AB,559406-1607,,"c/o Citadellet Likvidationer AB (15844), Strandgatan 7, 185 32 Vaxholm"
Residens Arkitektkontor AB,556692-0319,,"Oppvreta Gård 1, 725 92 Västerås"
L&J Invest AB,559268-9631,,"Brahegatan 40, 114 37 Stockholm"
Purepursuit Group AB,559418-3526,,167 44 Bromma
Capi Homes AB,559499-3387,,"Sturegatan 89 c, 791 60 Falun"
Jan Lundqvist Arkitekter Aktiebolag,556495-6430,Telefon 08-442 47 50,"Mäster Pers Gränd 6 Bv, 116 35 Stockholm"
Procustomer Sweden AB,556782-5640,,"Tallåsvägen 18, 811 74 Österfärnebo"
Solarus Renewables AB (publ).,559113-7913,,"Atterbomsvägen 30 Lgh 1201, 112 58 Stockholm"
MLA arkitekter aktiebolag,556966-3296,,"Odenvägen 32, 133 38 Saltsjöbaden"
Nordic Grey AB,559458-0697,,"Sippstigen 7, 152 54 Södertälje"
AES Fastighetsvärdering och Bygg AB,559279-5578,,"Svalörtsvägen 5, 387 70 Löttorp"
HOUSE by Kihlgren AB,559396-8612,,"Bergvägen 7, 932 33 Skelleftehamn"
Jennie Sofia AB,559530-6589,,Lund
Räntfors Arkitektur & Landskap Aktiebolag,556471-8780,Telefon 0302-712 07,"Tomtebergsvägen 8, 443 38 Lerum"
Thvaga AB,556934-8856,,"Stubbsand 454, 891 96 Arnäsvall"
Nordens Hem Interiör & Design AB,556949-1540,Telefon 076-834 96 41,"Åsängsvägen 17, 437 92 Lindome"
Jämtholken AB,556992-3138,,"Åvägen 2, 845 31 Svenstavik"
Stockholm Trädgårdsdesign AB,559521-1565,,"Rödhakevägen 12, 141 72 Segeltorp"
hofv2 metall AB,556874-7009,,"Husarvägen 6, 244 62 Furulund"
Arkitektbyrån Klas Åkerman AB,559118-4725,,"Valentin Sabbats Gata 5, 113 61 Stockholm"
Framtidskontoret Konsult AB,559508-1513,,"Kalvhagsvägen 1, 181 31 Lidingö"
Sparta Holding AB,556207-2875,,"Sveavägen 13, 111 57 Stockholm"
Olin One AB,556231-0820,Telefon 070-480 02 22,"Lokrume Tomase 610, 621 74 Visby"
Inredningsgruppen i Sundsvall Aktiebolag,556301-8562,Telefon 060-12 16 55,"Tunbyn 202, 853 58 Sundsvall"
Sture Eng Arkitektkontor Aktiebolag,556492-7258,,"Ulrikagatan 15, 115 23 Stockholm"
AB Gunnarsson Berg,559169-9490,,"Randersbo 20, 748 92 Österbybruk"
September Works AB,559250-0739,,"Furusundsgatan 11, 115 37 Stockholm"
Milsta Design AB,556844-5588,Telefon 070-714 52 53,"Stadsskogsgatan 12, 441 44 Alingsås"
Marin och Teknikservice Sverige AB,556930-2275,,"Klangvägen 44, 811 32 Sandviken"
KTTK Arkitektur & Bygg AB,559133-1235,,"Göingegatan 16, 283 35 Osby"
JAAA Arkitektur & Inredning AB,559513-8784,,"Södermannagatan 64 a, 116 65 Stockholm"
HomeForYou - Living i Göteborg AB,556782-6523,,"Redegatan 4, 426 77 Västra Frölunda"
PSK 68 Design & Arkitektur AB,559093-1233,,"Pontus Wiknersgatan 9, 412 57 Göteborg"
No Ordinary Design Consulting AB,559404-0973,,"Slottsgatan 4, 387 31 Borgholm"
PROTECTPLUS Aktiebolag,556469-8685,Telefon 021-13 06 50,"Rektorsgatan 13, 722 15 Västerås"
"The Golden Feather Event, Design & Management AB",556943-1553,,"Tullhusgatan 7 a, 652 10 Karlstad"
Thureborns Konsultbyrå AB,559170-5172,,"Skådemyntsgatan 2, 414 84 Göteborg"
FOM Capital AB,556716-3158,Telefon 070-844 30 65,"Styrmansgatan 1, 114 54 Stockholm"
Castle Architects International AB,559123-2128,,"Telegramvägen 20 a, 132 35 Saltsjö-Boo"
Vallonia AB,559211-4671,,"Terassvägen 30, 182 79 Stocksund"
Tove Tapetserare AB,559288-4703,,"Helgögatan 9, 802 55 Gävle"
R.E. Arkitektur AB,559291-9210,,"Norra Krokslättsgatan 12, 412 63 Göteborg"
Arkiteka AB,559450-5025,,"Gumshornsgatan 5, 114 60 Stockholm"
Semrén & Månsson International AB,556729-7196,,"Polhemsplatsen 5, 411 11 Göteborg"
LewisJonsson Arkitektkontor AB,556769-9128,,"Muraregatan 16, 371 38 Karlskrona"
Majabi AB,559116-8918,,"Nybodaringen 95, 117 62 Stockholm"
J. Joo Consulting AB,559122-7631,,"Parkslingan 33, 178 51 Ekerö"
A. P DESIGN STUDIO AB,559391-7718,,"Gälaredsgatan 11, 514 43 Länghem"
Westring Creative AB,559403-9686,,"Skaldevägen 93, 167 73 Bromma"
Emmy A Lawrence AB,559417-3972,,"Storgatan 12, 114 51 Stockholm"
Made Of Us Sweden AB,559448-5277,,"Sparbanksvägen 12 3tr, 129 32 Hägersten"
Gripsholmshus AB,556682-4297,Telefon 070-790 28 81,"Kullagatan 10 c, 263 38 Höganäs"
aagaard group Aktiebolag,556697-2013,Telefon 031-24 22 11,"Risabo Fällan, 571 94 Nässjö"
YSY Städ & Inredning AB,559224-6879,,"c/o Arsim Gasi, Solhemsbackarna 112, 163 56 Spånga"
Flow in life AB,559018-4312,,"Karl Gerhards Väg 21, 133 35 Saltsjöbaden"
Katinka Schartau arkitektkontor AB,559063-0397,,"Kalvshaga Nedre Lunden, 355 96 Kalvsvik"
Great Garden i Skaraborg AB,556567-6011,Telefon 0500-49 59 40,"Bäckadalsgatan 12, 543 32 Tibro"
By Ingeström AB,559132-2135,,"Banérgatan 10, 115 23 Stockholm"
Aduction AB,559334-2172,,"Hornssund 15, 725 92 Västerås"
Helena Köhl Home AB,559001-0269,,"Djäknebergsgatan 29, 724 61 Västerås"
Stylingbyrån i Lund AB,559251-4615,,"Clemenstorget 6, 222 21 Lund"
Arkory AB,559076-4766,,"Forsnäsetvägen 38, 827 94 Ljusdal"
Sinfin Gotland AB,559384-9325,,"Norra Slottsgränd 2, 621 57 Visby"
Nobi Shobi Production AB,559084-4246,,"Nybodaringen 45, 117 62 Stockholm"
Crstl Design AB,559307-7927,,"Fågelvägen 8, 432 35 Varberg"
VS Design AB,559500-4796,,"Villängsvägen 22, 573 61 Sommen"
Emil Lundh Arkitektur AB,559504-9528,,"Klareborgsgatan 1, 414 61 Göteborg"
H66 Labs AB,556682-6193,,"Söderströms Väg 4, 237 35 Bjärred"
Omreda AB,556879-9406,,"Banérgatan 59, 115 53 Stockholm"
WestCoast HYRD AB,556892-4079,,"Hultakullavägen 35, 437 91 Lindome"
Grey Day Studio AB,559136-2867,,"Regins Väg 12 a, 754 40 Uppsala"
Wood values AB,559235-9433,,"Västra Kasernvägen 4, 185 41 Vaxholm"
JG STUDIO AB,559288-5882,,"Gärdesgatan 22 a, 343 32 Älmhult"
Interior Sunshine AB,559294-7310,,"Wilhelm Boys Väg 10, 176 76 Järfälla"
Ucity AB,559396-1575,,"Högbergsgatan 49 b, 118 26 Stockholm"
Banchi Design AB,559526-8011,,"Tomtebogatan 8, 113 39 Stockholm"
Arkitektkontoret Holtenäs & Holtenäs AB,556699-6673,,"Holmgatan 2, 261 61 Landskrona"
Klok Arkitektur AB,556811-3012,,"Rösakullavägen 16, 429 35 Kullavik"
Terra Verde AB,559096-3582,,"S:T Olofsvägen 95, 277 36 Vitaby"
Nedfa Media AB,559239-9454,,"Hyggesvägen 4, 433 48 Partille"
Inredningsarkitekten Sverige AB,559404-5584,,"Bowatersvägen 7 a, 972 51 Luleå"
DM Bygg & Akitektur AB,559468-3897,,"Allévägen 65, 811 36 Sandviken"
Strands Arkitekter AB,556708-9569,Telefon 070-829 85 75,"Valarvägen 9, 623 35 Burgsvik"
Nadja Lindh Creative Consulting AB,559008-2508,,"Kittelgatan 3, 621 53 Visby"
Arkitekt Sverker Cajmatz AB,559404-0346,,"Granvägen 16, 852 41 Sundsvall"
Hökens Arkitektbyrå AB,559451-2682,,"Hökens Gata 5, 116 46 Stockholm"
Martin Karlsson AB,556965-2547,,"Vältuddsvägen 3, 133 37 Saltsjöbaden"
Enander Partners AB,559251-5661,,"Norevägen 54 b, 182 64 Djursholm"
La Rêve AB,559442-3583,,"Huså, 837 94 Järpen"
C&S SWEDEN DESIGN AB,559516-8948,,"Lupinvägen 23, 746 37 Bålsta"
Anneli Andersson Consulting AB,556916-3784,Telefon 031-81 25 53,"Norra Vägen 12, 523 61 Gällstad"
Lewan arkitektkontor AB,559220-3243,,"Liljeholmsvägen 8, 117 61 Stockholm"
Färggården AB,556641-9163,Telefon 08-630 03 21,"Furubacken 13, 185 39 Vaxholm"
Anna Sjöberg Design AB,559334-9177,,"Ugerupsgatan 1, 302 34 Halmstad"
Dana arkitektur AB,556601-0582,,"Folkungagatan 108, 116 30 Stockholm"
Mr Inspect AB,556883-4211,Telefon 076-297 74 26,"Ängslyckan 46, 749 44 Enköping"
Frida Nerdal Arkitektur & Design AB,559161-2139,,"Eklandagatan 8 Lgh 1405, 412 55 Göteborg"
B - Box Nord AB,559231-2358,,"Constantiavägen 5, 181 31 Lidingö"
Gunhamre design AB,559426-7840,,"Lexevägen 13, 806 27 Gävle"
Vrå och Flora AB,559512-8272,Telefon 076-043 77 51,"Sörängsvägen 20, 561 46 Huskvarna"
Kungsbacka Arkitektkontor Aktiebolag,556065-6653,,"Bergsgatan 3, 434 32 Kungsbacka"
Välkommen Hem grön form AB,556720-2915,Telefon 08-33 05 80,"Åloppevägen 43, 168 56 Bromma"
Blomljus Design AB,559002-8808,,"Egnared 206, 311 62 Ullared"
A. Schedin AB,559134-4220,,"Spinnmästarevägen 2 2tr, 437 34 Lindome"
loli Arkitekt AB,559313-9834,,"Hårdvallsgatan 14, 115 46 Stockholm"
Kajeberget AB,559364-3660,,"Gillingsmarken 4, 455 98 Dingle"
Raya Studio AB,559454-5831,,"Krutmeijersgatan 8 a, 217 41 Malmö"
"Arkitektor, Ulf Josephsson Aktiebolag",556268-7268,,"Västergatan 4, 296 31 Åhus"
Arkitektkontor a la Rydberg Aktiebolag,556336-0444,,"Skänningegatan 6, 592 32 Vadstena"
Uggelvik Kommunikation AB,559005-7492,,"Uggelviksgatan 13, 114 27 Stockholm"
Arkitektur och Scenografi Ella Eklund AB,559449-1184,,"Fredmansgatan 11, 118 47 Stockholm"
DFB1970 Services Aktiebolag,559457-5671,,"Dalarö Strandväg 27, 137 70 Dalarö"
SOMA Arkitektur AB,559535-2906,,"Arkitektvägen 33 Lgh 1102, 168 32 Bromma"
Agendamakers AB,559198-8604,,"Strömgårdsvägen 24, 186 94 Vallentuna"
Sarah Hallonkvist AB,559485-1866,,"Såggatan 21 c, 414 58 Göteborg"
Älvkusten Fastigheter AB,559373-5219,,"Gärdesgatan 53, 881 34 Sollefteå"
Möbeltapetseriet Malin Björkman AB,559393-8375,,"Gärdsvedsvägen 25, 770 13 Grangärde"
Åsa Flarup Källmark Arkitekt AB,559401-7765,,"Börjegatan 5 b, 753 13 Uppsala"
Hans Murman Arkitekter AB,556674-1335,,"Bastugatan 33, 118 25 Stockholm"
Omekso Consulting AB,556727-9178,,Danderyd
HUS & SVITER FASTIGHETSFÖRÄDLING Sverige AB,556754-1494,,"Viksundsvägen 37, 179 96 Svartsjö"
Andralandet AB,559453-8182,,"Bangårdsgatan 1, 621 45 Visby"
Bjoerling Stockholm AB,559513-2944,,"Storängsgatan 5, 115 44 Stockholm"
Marianne Dufva arkitektkontor Aktiebolag,556356-4102,Telefon 08-663 25 11,"Grev Turegatan 8 a Lgh 1104, 114 46 Stockholm"
Brrum arkitekter AB,559078-5571,,"Hornsgatan 82, 118 21 Stockholm"
Ennisance AB,559291-5838,,"Björksgatan 9, 632 21 Eskilstuna"
WyBe Design AB,559454-4651,,"Viagatan 3, 149 30 Nynäshamn"
Th. Sack Aktiebolag,556020-6129,,"Rosavägen 8, 181 31 Lidingö"
Multistyle konsult Sverige AB,559252-1461,,"Putsaregatan 4, 603 62 Norrköping"
ETDL AB,559514-7850,,"Linnégatan 6 1002, 582 25 Linköping"
Wiallo AB,556642-5384,Telefon 073-348 42 65,"Dalen 230, 442 73 Kärna"
Victornils AB,559069-9145,,"Risövägen 15, 791 53 Falun"
Petrea trädgård AB,559463-9477,,"c/o Bolagspartner avveckling, Box 1067, 221 04 Lund"
Qspace AB,556887-4233,Telefon 070-572 81 14,"Skjutbanevägen 1, 231 93 Trelleborg"
Lundborg Konsult och Fastigheter AB,559161-6569,,"Hägerstensvägen 109, 126 49 Hägersten"
Corla Creative AB,559478-4117,,"Heimdalsvägen 2 d, 141 39 Huddinge"
Dymling & Berndtsson AB,556887-6782,Telefon 070-823 25 50,"Brahegatan 54, 114 37 Stockholm"
MTI Produkter AB,556982-0128,,"Gravörgatan 24, 253 60 Ramlösa"
NiceCrib AB,559316-7314,,"Bandverksgatan 123, 724 79 Västerås"
Aktiebolaget Cim & Bim,556392-0486,,"Svaneskärsgatan 4, 456 43 Väjern"
Älvans Inredning AB,556790-4296,Telefon 076-816 38 21,"Backvägen 51, 985 93 Lannavaara"
Aktiebolaget gr8 punkt it,559238-3342,,"Storgatan 44 a, 541 51 Skövde"
Aktiebolag ETT arkitektkontor,556988-5089,,"Smedjegatan 21, 632 20 Eskilstuna"
grej-A AB,559435-2055,,"Rösaringvägen 15, 197 91 Bro"
Tomas Lauri Arkitektur AB,556862-1899,,"Amiralsgatan 36 Lgh 1201, 211 55 Malmö"
Tintin Blackwell AB,556776-4104,Telefon 070-921 68 98,"Köpenhamnsvägen 48 c, 217 71 Malmö"
ARTkitekt design AB,559205-6583,,"Älvdansvägen 11, 436 42 Askim"
Arnqvist & Sivenbring AB,556874-3495,,"Varvsgatan 41 Kontoret, 5 Tr G:A Hamn, 972 32 Luleå"
Team Snickar-Matti AB,559030-2351,,"Norra Sjöbogatan 50, 506 43 Borås"
Petrini Venture AB,559187-5355,,"Buskuddsvägen 17, 185 95 Vaxholm"
Arkitur Arkitektkontor Aktiebolag,556239-7108,Telefon 08-644 22 79,"Katarina Bangata 43, 116 39 Stockholm"
Nick Flygt AB,556854-5957,,"Bohusgatan 57, 116 67 Stockholm"
Blomgren Plankonsult AB,559308-9385,,Stockholm
Stilklart AB,559358-0201,Telefon 072-999 18 94,"Sjöstadskajen 1, 178 51 Ekerö"
B.H.S. Byggherresystem Aktiebolag,556151-4950,,"Högbergsgatan 27, 116 20 Stockholm"
Olli arkitektur AB,556804-1569,,"Årstavägen 65, 120 54 Årsta"
Gloriosa blomsterdesign AB,556940-2265,,"Tranum Brogården 2, 530 30 Tun"
CINARC AB,559001-9518,,"Kronofogdevägen 43, 163 51 Spånga"
ID Arkitektur AB,559095-7873,,"Rågången 197, 263 65 Viken"
Frö Arkitektur AB,559299-7265,,"Arbogagatan 10, 418 71 Göteborg"
IM Michel Aktiebolag,556320-0335,,"Bromstens Brink 12, 163 41 Spånga"
Wenker Form & Design AB,556981-9609,,"Lofsdalsvägen 37, 842 96 Lofsdalen"
Tjers AB,559048-6022,,"Grelsbyvägen 62, 956 31 Överkalix"
SNURR AB,559378-8671,,"Slättetorpet 92, 305 78 Kvibille"
ARK Rolf Löfström AB,556363-7908,Telefon 08-601 94 92,"Stig Lindbergs Gata 15, 134 52 Gustavsberg"
Fredrik Stjärne AB,556975-6272,,"Bondegatan 25 a, 116 33 Stockholm"
Lorenius Concept Studio AB,559431-1952,,"Oskarsvägen 44 b, 181 32 Lidingö"
ClarkWessel AB,556736-3485,Telefon 08-640 99 09,"Fredmansgatan 4 Lgh 1401, 118 47 Stockholm"
Milius AB,556941-8667,,"Storbergsvägen 31, 141 41 Huddinge"
Aktiebolag Martina Karlsson,559455-0450,,"Korsgatan 3 a, 903 36 Umeå"
Solhem Arkitekter AB,556691-2431,,"Hällebovägen 163, 261 91 Landskrona"
Big Bird Design AB,556845-1354,,"Kungsholmstorg 9, 112 21 Stockholm"
Of Public Interest (OPI) AB,559266-2869,,"Gröndalsvägen 1, 117 66 Stockholm"
My Nordic Room Sweden AB,559416-9483,,"Nordsjö 324, 897 92 Trehörningsjö"
Ateljé Lingmark AB,559504-4792,,"Upplandsgatan 77 a, 113 44 Stockholm"
Nyberg Consulting AB,556786-4904,,"Hälsingegatan 61, 113 66 Stockholm"
"Filter Studio, Marie Dreiman AB",559236-6545,,"Torphagsvägen 14, 114 18 Stockholm"
Aurea Pellis AB,559303-8192,,"Bjursätragatan 130, 124 64 Bandhagen"
KB & Verksamhet AB,559487-3159,,"c/o Wallin Advokatbyrå, Svartbäcksgatan 1 b, 753 20 Uppsala"
TERRASS CONCEPT STORE SWEDEN AB,556693-8105,,"Södra Kungsvägen 340, 181 66 Lidingö"
Blad i Norr AB,556928-1743,Telefon 070-326 32 06,"Segelvägen 10, 973 41 Luleå"
Wineblads medcare AB,559335-4441,,"Tångenvägen 59, 452 35 Strömstad"
STHLM Property Sales AB,559014-7855,,"Söraby Norrgård 1, 575 94 Eksjö"
Askai AB,559216-0294,,"Skräddarns Backe 29, 196 34 Kungsängen"
ArtRepublic Studios AB,559343-0761,,"Eskilstunavägen 5, 644 32 Torshälla"
Matt Nordic AB,559423-9476,,"Apgränd 3, 271 42 Ystad"
D Bergman AB,556803-3772,Telefon 08-39 52 39,"Ekebydalsvägen 57, 186 33 Vallentuna"
Camilla Spång AB,556808-2159,,"Gammelgårdsvägen 58, 112 64 Stockholm"
Building Connections Sthlm AB,559008-7291,,"Norrskogsvägen 11 b, 137 34 Västerhaninge"
Createnest konsult AB,559275-4419,,"Norra Karlsholmsgatan 13, 653 42 Karlstad"
LEMONKEY Aktiebolag,556589-1784,,"Sandhamnsgatan 81, 115 28 Stockholm"
Najs Art AB,556613-9456,Telefon 0418-152 42,"Svanegatan 10, 222 24 Lund"
IACx3 AB,559157-2598,,"Planavägen 20, 254 70 Kattarp"
Ljus De AB,559170-2427,,"Ålandsgatan 3, 411 32 Göteborg"
JARL Arkitektur & Teknik AB,559423-0988,,"Porfyrvägen 7, 167 41 Bromma"
EB Sverige AB,559441-3634,,"Blåbärsstigen 2, 792 52 Mora"
ARKMARIN AB,556390-9760,Telefon 08-607 44 40,"Frejgatan 21, 149 31 Nynäshamn"
Norderklint AB,556683-1391,Telefon 018-59 10 80,"Vibble Ågatan 1 a, 622 59 Visby"
Prefab Design System Stockholm AB,559124-5161,,"c/o Prefab Design System Stockholm AB, Östra Rönneholmsvägen 13, 211 47 Malmö"
PJ INTERIORS AB,559525-1280,,"Nybrogatan 36, 114 40 Stockholm"
Lilla Verkstan Erik Langert Aktiebolag,556316-7252,Telefon 031-82 71 00,"Konstepidemins Väg 6, 413 14 Göteborg"
jwol AB,559288-6690,,"Grev Turegatan 54 a, 114 38 Stockholm"
Inre hem Örebro AB,559341-0441,,"Åkergatan 8, 692 34 Kumla"
Aktiebolaget CARROS Grönska,559453-2607,,"Tornugglevägen 12, 756 53 Uppsala"
Byggkonsult i Osby Aktiebolag,556309-4092,,"Västra Järnvägsgatan 19, 283 31 Osby"
Zaifoz AB,556548-2196,Telefon 031-83 11 43,"Johannebergsgatan 28 Lgh 1301, 412 55 Göteborg"
Östensson Design Studio AB,559141-3082,,"Sandbackavägen 26 g, 903 46 Umeå"
Sneppefald AB,559142-7926,,"Gamla Särövägen 38, 436 42 Askim"
En bild AB,559418-4706,,"Frejs Väg 18 a, 754 40 Uppsala"
Fellowshop AB,556292-1329,Telefon 070-636 18 00,"Dalagatan 52-54, 113 24 Stockholm"
Arkitektstudion i Roslagen AB,559197-7417,,"Roslagsbrovägen 196, 761 75 Norrtälje"
VITRAM STUDIO AB,559222-3639,,"Hjällbogärdet 53, 424 34 Angered"
Styled by Amelie AB,559257-3660,,"Sjömansgatan 6, 302 90 Halmstad"
L.E.J.F AB,556804-3474,,"Norrtullsgatan 24, 113 45 Stockholm"
S.M.I.T.H.H (swedish management innovation thinkers home) AB,556882-0392,,"Artillerigatan 36, 114 45 Stockholm"
Johanna Lindgren Örn AB,556752-0761,Telefon 070-717 57 75,"Bergsundsgatan 2, 117 37 Stockholm"
ACN Arkitektkontor AB,556768-8972,Telefon 070-674 02 11,"Blekingegatan 26 b, 118 56 Stockholm"
Jilla AB,556939-4736,,"Bodilsgatan 6, 217 74 Malmö"
Studio Listen Louder AB,559266-1085,,"Selmedalsringen 15, 129 36 Hägersten"
milieux AB,559306-7423,,"Forellvägen 11, 705 10 Örebro"
Qvord AB,556631-0578,,Stockholm
BNC Brand n Concept Agency AB,556848-5691,,"Köpmansgatan 114, 269 36 Båstad"
Tängslinge Entreprenad och Maskin AB,556890-3990,,"Rademachergatan 17, 632 18 Eskilstuna"
Askimstädservice AB,559008-8547,,"Fjällgatan 4, 413 17 Göteborg"
FIRST HAMMER STUDIO AB,559057-2953,,"Byvägen 15, 438 36 Landvetter"
Helle G. Holding AB,559137-2619,,"Kärralundsgatan 10, 416 56 Göteborg"
Studio Hjelm AB,559208-0666,,"Erstagatan 22, 116 36 Stockholm"
TOMAISTYLE AB,559243-4723,,"Alströmergatan 51, 112 47 Stockholm"
Snickarn o Jag Nyköping AB,559373-3339,,"Runebergsgatan 7, 611 37 Nyköping"
Morrvikja Åre AB,559375-7239,,"Årevägen 118, 837 52 Åre"
Inredning & Design Lisa Palmér Aktiebolag,556258-4465,Telefon 08-640 58 65,"Malmgårdsvägen 55 g, 116 38 Stockholm"
TN art Kitchen Design AB,556986-7061,,"Arturs Väg 45, 444 60 Stora Höga"
Kyda AB,559228-2601,,"Mamregatan 17, 733 38 Sala"
CB Style AB,559314-6466,,"Verkstadsgatan 11, 263 39 Höganäs"
BuildBright AB,559480-2877,,"Näsuddsvägen 31, 792 33 Mora"
Ahde Design och Styling AB,556870-4885,,"Tillinge Hovdesta 8, 745 94 Enköping"
Agemo create & building group AB,559036-1373,,"Bromsta 113, 195 92 Märsta"
Amanda Öfverstedt AB,559414-2530,,"Travarevägen 12, 187 54 Täby"
Bergström Riesenfeld Arkitektkontor AB,556818-3874,,"Bastugatan 17, 118 25 Stockholm"
THP Kleaa Ventilation och Projektering AB,559169-7445,,"c/o Henrik Pedersen, Datavägen 5, 175 43 Järfälla"
Lisa Sander AB,559311-5339,,"Anna Sandströms Gata 8 Lgh 1303, 129 52 Hägersten"
Ceen Wahren PHOTOGRAPHER AB,556931-4049,,"Västerled 35, 167 55 Bromma"
Sarah Maslov AB,559179-8482,,"Sibyllegatan 17, 114 42 Stockholm"
Lånestera AB,559397-3695,,"c/o Kitambala Kimenga, Drottninggatan 54, 702 22 Örebro"
Byggnadskonst Västerbotten AB,559283-6463,,"Angårdsvägen 1 c, 903 62 Umeå"
PiBon AB,559033-8603,,"Fröjered Olofstorp 6, 522 94 Tidaholm"
Almawed Invest AB,559263-4199,,"Prästgårdsgatan 27, 431 44 Mölndal"
MEA Bygg AB,559333-7271,,"Myntstigen 11, 151 48 Södertälje"
Humphrey Studios Aktiebolag,559502-9173,,"Karsholmsgatan 3, 216 19 Malmö"
In&Ut Reda AB,559039-6981,,"Magnus Ladulåsgatan 53, 118 65 Stockholm"
Studio Wiggins AB,559508-2727,,"Lodgatan 3 b, 211 24 Malmö"
Hagald & Co AB,556905-7705,Telefon 070-844 45 92,"Skånegatan 67, 116 37 Stockholm"
Cartello AB,559024-3712,,Stockholm
Smuts Group AB,559088-6577,,"Övre Husargatan 11, 411 22 Göteborg"
studio re.al AB,559483-0068,,"Davidshallsgatan 11, 211 45 Malmö"
Anna Kajsa studio AB,559508-9789,,"Blacktjärnsgatan 5 b, 416 82 Göteborg"
J. Simmons Home AB,556865-6739,,"Vindkallsvägen 3 b, 182 61 Djursholm"
Therese Svensson Arkitektur AB,559220-5263,,"Granåsvägen 5, 449 36 Nödinge"
Mi arkitektur AB,559460-9199,,"Anna-Stavas Gata 27, 931 71 Skellefteå"
Stengård Arkitekter AB,559217-3164,,"Högklint Fridtorpsvägen 10, 622 61 Visby"
LX Works AB,556917-1316,,"Uppköparvägen 7, 120 44 Årsta"
FLORAKOMPANIET VISBY AB,559273-0203,,"Hästgatan 10, 621 57 Visby"
Simon Estié Arkitekter AB,559416-4468,,"Döbelnsgatan 16 b, 212 13 Malmö"
PS Furniture AB,559425-5969,,"Tulegatan 19, 113 53 Stockholm"
Recy interior AB,559490-3527,,"Dombäck 107, 896 91 Husum"
Kulla living AB,559029-7882,,"Kullagårdsvägen 23, 517 91 Bollebygd"
A Guide Line i Stockholm AB,559229-9506,,"Norr Mälarstrand 62 8 Tr, 112 35 Stockholm"
Blique inredning aktiebolag,559328-0661,,"Björlins Villaväg 34, 139 51 Värmdö"
Fraiwa Natur och Trädgård AB,559510-1220,,"Solrosvägen 15, 661 43 Säffle"
Westerlund Arkitektkontor Aktiebolag,556329-1482,,"Tullgatan 22, 387 34 Borgholm"
Nya Tellus Interiör Aktiebolag,556417-9819,,"Tellusgatan 13, 195 58 Märsta"
Walentin Interior AB,559342-8930,,"Sankt Eriksgatan 10, 112 39 Stockholm"
Pentadux Marknadsbyrå AB,556505-5547,Telefon 0152-435 42,"Bergsgatan 57, 112 31 Stockholm"
Living Room i Uddevalla AB,556587-6538,,"Västgötavägen 37, 451 34 Uddevalla"
Pilbäck Trädgårdsplanering AB,556877-6313,,"Eksätravägen 60, 756 55 Uppsala"
Uveredsbolaget Berget 3 AB,556879-8325,,"Kastellgatan 12 a, 411 22 Göteborg"
BD56 AB,559285-2155,,"Gatekulla Kronstorp 1, 583 94 Nykil"
Expecto Sweden AB,559297-4629,,"Gökvägen 12, 633 63 Eskilstuna"
"Starlings Arkitekt, Event & Projektledning AB",559377-6429,,"Verkmästaregatan 8, 598 39 Vimmerby"
More Momentum Cycling AB,559107-2649,,"Albyvägen 14, 186 91 Vallentuna"
Bespoke C&D AB,559133-0369,,"Ängkärrsgatan 8, 171 70 Solna"
Studio Linder AB,559305-6194,,"Kunga-Amandas Gränd 4 Lgh 1101, 436 57 Hovås"
Clean Habits AB,559428-9984,,"Kaptensgatan 5, 749 35 Enköping"
GreyMan AB,556980-7539,,"Stobaeusvägen 35, 168 56 Bromma"
Between Lab AB,559535-8820,,"Östra Tullgatan 1 Lgh 1502, 211 28 Malmö"
Ola Forsby arkitektkontor AB,556132-8997,,"Helgagatan 36 k Lgh 1201, 118 58 Stockholm"
Lannås Konsult Aktiebolag,556165-4913,Telefon 0651-105 20,"Rolfhamrevägen 58, 827 91 Ljusdal"
Madjo Sweden AB,556958-9541,,"Törnrosgatan 3 b, 426 68 Västra Frölunda"
Maviliada AB,556966-2397,,"Rissneleden 165 Lgh 1504, 174 57 Sundbyberg"
Sofiero Mäklarbyrå AB,559070-1867,,"Sofiero Strand 3, 254 82 Helsingborg"
Dorthe Atelier AB,559479-6798,,"Banérgatan 6, 114 56 Stockholm"
Vasakvadrat AB,559508-6140,,"Upplandsgatan 74, 113 44 Stockholm"
Alog AB,559515-1803,,"Övre Besvärsgatan 5, 411 29 Göteborg"
Sverker Björklund Arkitektkontor AB,559156-0882,,"Ringvägen 28, 554 54 Jönköping"
Greenery Studio Arkitektbyrå AB,559101-6091,,"Lyckovägen 11 f, 343 37 Älmhult"
Katarina Gunnarsson Produktion AB,559043-7405,,"Verkmästaregatan 22 e, 417 57 Göteborg"
Nihlmark konsulttjänster AB,559298-7811,,"Vagnbodsvägen 12, 541 55 Skövde"
Liliums Redovisning AB,559347-6590,,"Lärbro Norder-Ire 3840, 624 53 Lärbro"
Peter Torudd Arkitekter Aktiebolag,556422-3146,,"Vegagatan 6, 224 57 Lund"
Objektverkstan AB,556743-0896,,"Grindtorpsvägen 7 Lgh 1102, 183 32 Täby"
Contekton Arquitectos Y Urbanistas AB,556321-1225,Telefon 031-60 66 80,"c/o Gabriella Jonsson, Doktor Heymans Gata 1, 413 22 Göteborg"
Lev Lite Extra Stockholm AB,556708-7787,Telefon 08-750 87 88,"Mickrum Kvarnholmen 1, 148 95 Muskö"
cadpillar AB,556875-1431,,"Nöttesta 56, 151 96 Enhörna"
MORF Landskapsarkitektur AB,556937-1569,Telefon 076-028 44 82,"S:T Olofsvägen 95, 277 36 Vitaby"
Stream Design AB,559286-8631,,"Sturegatan 48 a, 114 36 Stockholm"
Bogestedt Forestam Aktiebolag,556051-4985,Telefon 08-18 03 00,"Hundhamravägen 150, 145 75 Norsborg"
Trollebostugan Aktiebolag,556671-4183,Telefon 073-374 15 01,"Kardanvägen 11, 461 38 Trollhättan"
Fredrik Lizell Arkitektkontor Aktiebolag,556389-6033,,"Kammakargatan 35, 111 60 Stockholm"
692 Group AB,559249-7910,,"Olstorpsgatan 5, 692 71 Kumla"
Arty Arctic AB,559452-8670,,"Mattisudden 171, 962 03 Mattisudden"
Utveckla Staden i Götaland AB,556663-4332,,"Walter Bengtssons Gata 4, 414 50 Göteborg"
Rutger Design Aktiebolag,556374-3748,Telefon 0340-62 76 90,"Sveagatan 117, 432 43 Varberg"
ANQU Arkitektur AB,556915-5079,,"Samtingsgatan 19, 645 33 Strängnäs"
Morgonbris AB,559028-3783,,"Verkmästarevägen 15, 461 37 Trollhättan"
Optimal Design SW AB,559370-5758,,"Lilla Hammars Väg 45 f, 236 37 Höllviken"
Rumskoncept Umeå AB,559421-2606,,"Bjännsjö 22, 905 87 Umeå"
Concept-Design Stockholm AB,559432-5788,,"Tvillingarnas Gata 310, 136 63 Brandbergen"
dddd studios AB,559433-3287,,"Kungsholmsgatan 13 Lgh 1102, 112 27 Stockholm"
Moodify Home AB,559252-7732,,"Nedre Slottsgatan, 753 09 Uppsala"
SA2E Management AB,559368-4490,,"Lindevägen 6, 120 48 Enskede Gård"
J.A.Berglund landskapsarkitektur AB,559477-2443,,"Reimersholmsgatan 49, 117 40 Stockholm"
Inredningsverkstaden i Järved AB,559046-0431,,"Järvedsvägen 30 b, 891 77 Järved"
Mårten Claesson Design AB,556796-3268,,"Torsplan 10 Lgh 2023, 113 65 Stockholm"
TikiUna Arkitektkontor AB,556876-9847,Telefon 073-509 77 36,"Floragränd 6, 432 34 Varberg"
Billstedt Consulting AB,559257-7109,,"Västra Gatan 32, 442 31 Kungälv"
SwedGM AB,559438-6962,,"Torplyckegränd 120 Vällingby Sweden, 162 44 Vällingby"
Barry Widelund Arkitektkontor Aktiebolag,556242-7202,Telefon 016-215 00,"Högvallavägen 9 b, 633 70 Hållsta"
Bagg Johan Arkitektur och Fastighetsutveckling AB,556364-1751,Telefon 031-13 39 90,"Falkstigen 4, 441 41 Alingsås"
LMP Knutas AB,556797-8985,Telefon 042-16 64 42,"Topasvägen 4, 262 70 Strövelstorp"
Bombon AB,556980-4544,,"Kungsholmsstrand 171, 112 48 Stockholm"
Christian Lundwall Associates AB,559175-5417,,"Kullgrens Väg 7, 444 48 Stenungsund"
Sizar Failli arkitektur och planering AB,559340-2596,,"Prästgårdsängen 21 Lgh 1701, 412 71 Göteborg"
Verkstad A.S. AB,559506-8031,,"Stråvägen 10, 903 52 Umeå"
Tony & Fornstedt AB,559289-4777,,"Svartbäckens By 213, 136 59 Vendelsö"
The Wox Company AB,559338-9504,,"Plantagegatan 19, 216 16 Limhamn"
BY Two Architects AB,559397-0535,,"Nytorgsgatan 15 Lgh 1107, 116 22 Stockholm"
ARTHEM NORA AKTIEBOLAG,556431-8052,Telefon 073-505 53 53,"Åshyttan Siggegården 331, 713 34 Nora"
Stina Torén AB,556885-7063,,"Norra Åsvägen 93, 831 52 Östersund"
Anna Beer AB,556949-9972,,"Väktaregränd 5, 269 77 Torekov"
Malin Berglund AB,559238-0074,,"Kasaåsen 129, 896 91 Husum"
Ideal Arkitektur i norr Aktiebolag,559486-7078,Telefon 070-393 55 12,"Rosgatan 11 a, 931 39 Skellefteå"
Homestyle Malin Göteborg AB,556744-9664,Telefon 070-819 29 26,"Tynneredsvägen 25 a, 421 59 Västra Frölunda"
All Media Production Sweden AB,556698-7839,Telefon 070-660 40 22,"c/o Advokatfirman Allians, Box 3659, 103 59 Stockholm"
Dolfen AB,556756-8448,,"Krattvägen 11, 235 99 Vellinge"
PixelFox AB (publ),559134-5813,,"Birger Jarlsgatan 18, 111 34 Stockholm"
Lisa Carlsten Studio AB,559420-2342,,"Mellangatan 9 b, 413 01 Göteborg"
BidArk AB,559278-7237,,"Hundhamravägen 78, 145 75 Norsborg"
Igun AB,559343-4045,,"Bockshult 316, 314 91 Hyltebruk"
KVBD AB,559426-9721,,"Reimersholmsgatan 65, 117 40 Stockholm"
Cronequest AB,556959-7650,,"Dalvägen 28, 269 38 Båstad"
Råfint AB,559180-2326,,"Betongvägen 7 Port 16, 142 50 Skogås"
fogelberg a design AB,556954-6434,,"Svartbäcksgatan 123, 753 34 Uppsala"
Fluidic Lighting Göteborg AB,559457-7255,,"Molnvädersgatan 30, 418 35 Göteborg"
Bostadslyftet AB,556318-4349,Telefon 0300-713 50,"Bronsvägen 13, 439 35 Onsala"
Harald Schmalensee Arkitektkontor AB,556537-5218,Telefon 08-545 157 60,"Svartmangatan 9, 111 29 Stockholm"
Cruzanders Arkitektur & Design AB,559409-8732,,"Garagegatan 16, 212 51 Malmö"
Carl Mowitz Design AB,559467-6222,,"Gamla Tyresövägen 304 Lgh 1102, 121 33 Enskededalen"
Aktiebolaget Leonidas et al.,556033-5670,Telefon 073-336 75 01,"Swedenborgsgatan 6, 118 48 Stockholm"
Studio AKH AB,559399-2984,,"S:T Knuts Väg 8, 211 57 Malmö"
Cleve&Co AB,559264-1541,,"Gustavsvägen 2, 433 61 Sävedalen"
Nestor Campos Studio AB,559304-2038,,"Limhamnsvägen 109 h, 216 48 Limhamn"
Petronella Ekroth AB,559423-1895,,"Åsögatan 127, 116 24 Stockholm"
Reinholtz & Ronnemark AB,556853-7848,,"Lm Ericssons Väg 10 d, 126 26 Hägersten"
byWerner AB,559242-3718,,"Korsfararvägen 66, 181 40 Lidingö"
AGreen Future AB,559317-0532,,"Hagagatan 17 a, 703 40 Örebro"
Swed-Mansir AB,556521-8145,,"Skälhamra Udden 1, 590 47 Rimforsa"
Crobar design AB,559027-4436,,"Bärstavägen 38, 663 44 Hammarö"
Studio Tennberg AB,559392-1660,,"Kramsta Per-Jonsbacken 4, 827 52 Järvsö"
Agartta Arkitektur Aktiebolag,559524-1240,,"Ljusstöparbacken 18 c, 117 65 Stockholm"
Plan Noll AB,559527-7277,,"Stambanevägen 46, 141 39 Huddinge"
Nordin Design Aktiebolag,556222-1860,,"Opalgatan 8, 554 47 Jönköping"
Pryde & Partners Ark.byrå AB,556543-1854,Telefon 070-560 95 50,"Stampgatan 8, 411 03 Göteborg"
Form & Funktion i Saltsjö-Duvnäs AB,556592-4163,Telefon 070-654 32 90,"Sickla Allé 33 Lgh 1001, 131 65 Nacka"
Lolo Hands From Above AB,559284-9789,,"Östgötagatan 32 Lgh 1404, 116 25 Stockholm"
Morma AB,559453-5972,,"Surbrunnsgatan 33, 113 48 Stockholm"
Wallstedt Design AB,559096-4143,,"Daggkåpevägen 23, 603 66 Norrköping"
GODINVEST Sverige AB,559291-3833,,"Hammars Backe 3 a, 443 38 Lerum"
Skärgårdsarkitekterna - Göran Schnitzler AB,556405-2313,,"Dalgatan 1, 471 32 Skärhamn"
Grunditz Göransson Arkitekter AB,556827-2685,Telefon 08-545 722 00,"Thun-Ollevägen 59, 134 34 Gustavsberg"
Acaya AB,556889-2235,,"Vindhemsgatan 12 a, 752 24 Uppsala"
J-C Tiahôlm AB,559395-6260,,"Furulundsgatan 11, 522 33 Tidaholm"
Unique Homes Nordic AB,559420-4090,,"Höjdrodergatan 30, 211 39 Malmö"
Enkel Bygg & Förvaltning AB,559428-6584,,"Platinavägen 39, 632 34 Eskilstuna"
Accentit AB,556767-8353,Telefon 070-680 81 37,"Pettersbergsvägen 17 a, 129 40 Hägersten"
Decada AB,556880-8348,,Särö
Avsikten konsult AB,556894-0281,,"Postgatan 47, 411 06 Göteborg"
Ekobygg i Värmland AB,556906-9122,,"Tidafors 353, 655 98 Molkom"
C. Amundin II AB,556991-2016,,"Herman Ygbergs Väg 10 Lgh 1102, 167 61 Bromma"
SUM Arkitektur AB,559511-2995,,"Nobelgatan 25 b, 416 57 Göteborg"
MIT House Arkitekter & Ingenjörer AB,556372-6842,,"Ullebovägen 2, 432 53 Varberg"
Puttgränd AB,556869-9044,,"Donners Gränd 4, 903 51 Umeå"
Riddervold Bygg & Design AB,556999-5284,,"Eklidsvägen 7 b, 184 52 Österskär"
CH Inredningsdesign AB,559292-5571,,"Södra Norelundsvägen 25, 804 24 Gävle"
Carla Enza AB,559329-6733,,"Ålgrytevägen 118, 127 31 Skärholmen"
Larkimus AB,559028-1159,,"Skärgårdsvägen 211, 139 34 Värmdö"
100Gruppen Servicebolag AB,559343-9283,,"Fokungagatan 81, 116 45 Stockholm"
Arkitektkontor Eva Arén AB,556583-4172,Telefon 0410-418 00,"Sportfiskevägen 10, 263 95 Farhult"
Katarina A Interiör AB,556828-3575,,"Krukmakargatan 54 3tr, 117 41 Stockholm"
Fina snittet AB,559418-2858,,"Amsbergsvägen 46, 784 68 Borlänge"
Garden inspiration Sweden AB,559469-9224,,"Olstorpsvägen 11, 441 93 Alingsås"
Scandinavian Top Living AB,559527-5628,,"Mosåsvägen 36, 702 28 Örebro"
Ulriksen & Partners AB,559010-3783,,"Poppelvägen 16, 452 38 Strömstad"
Studio Karlsson AB,559082-7969,,"Verkstadsgatan 5, 521 41 Falköping"
Ohadi Arkitektkontor AB,559100-7090,,"Ernst Torulfsgatan 5 e, 416 43 Göteborg"
ANY STUDIO AB,559327-6842,,"Hundshult 7, 561 63 Tenhult"
jenSense AB,556789-2764,,"Grönbetevägen 65, 165 59 Hässelby"
REP Konsult AB,559096-5595,,"Södra Kungsvägen 17, 692 31 Kumla"
Bridge Consulting AB,556596-3583,Telefon 070-811 77 28,"Västervångsvägen 22, 239 40 Falsterbo"
Pixpro Stockholm AB,556641-0691,,"Blåbärsvägen 22, 181 64 Lidingö"
Design i Lysekil AB,559051-8980,,"Trädgårdsgatan 5, 455 61 Dingle"
Hannah Lovise AB,559455-1680,,"Åregren 307, 444 95 Ödsmål"
Nowaf Consulting AB,559461-2532,,"Ljungbacken 20, 441 60 Alingsås"
B E Arkogestalt Arkitektkontor Aktiebolag,556475-2953,,"Hammarbacksvägen 69, 238 36 Oxie"
Designa Sverige AB,556676-4865,,"Storgatan 2, 824 43 Hudiksvall"
Scapic AB,559050-4725,,"Torsvägen 6, 141 44 Huddinge"
Kulörvision i Örebro AB,559111-1868,,"Krysspricksvägen 28 b, 423 39 Torslanda"
Mindstory AB,559147-8788,,"Björkuddsvägen 8, 132 50 Saltsjö-Boo"
RDL AB,559294-7245,,"Banvallen 37, 429 30 Kullavik"
Studio Rindegård AB,556396-5051,Telefon 08-663 28 28,"Thaliavägen 9, 167 71 Bromma"
Sjögren Holding i Göteborg Aktiebolag,556843-1463,,"Norra Hamngatan 6, 411 14 Göteborg"
ARKITEKTTRIANGELN KATALIN AB,556995-2319,,"Sollidsvägen 29, 474 95 Hälleviksstrand"
WD Worlddesign AB,559054-6395,,"Vitriskagatan 10, 749 45 Enköping"
Fuse Ljusarkitekter AB,559444-8440,,"Karlbergsvägen 61, 113 35 Stockholm"
Barkman o Barkman Idé Utveckling AB,556629-8708,Telefon 070-618 89 23,"Tingsvägen 41, 269 92 Båstad"
Olle Burell Arkitektur AB,559220-5016,,"Björngårdsgatan 7, 118 52 Stockholm"
Newrock Holding AB,559264-9601,,"Edesta 27 d, 153 96 Mölnbo"
Tidlös Arkitektur Stockholm AB,559275-8618,,"Grevgatan 51, 114 58 Stockholm"
Hanna Malmberg AB,559463-7430,,"Sandsborgsvägen 4, 122 33 Enskede"
ASKEN Arkitektkontor Aktiebolag,556579-3659,,"Rödvedsgatan 1, 416 80 Göteborg"
Light View AB,556928-3368,,"Sundspromenaden 13, 211 16 Malmö"
PONAB Group AB,559520-7175,,"Äppelvägen 21, 904 36 Umeå"
Evo Design AB,556810-1009,,"Wiboms Väg 11 1001, 171 60 Solna"
Creative Visual Studio Stockholm AB,559307-9667,,"Oskarsvägen 86, 181 56 Lidingö"
AT COMMON SITE AB,559310-8987,,"Svarvargatan 1, 112 49 Stockholm"
Loft Stockholm AB,556660-9037,Telefon 070-786 70 00,"Kallmyra Prästgården 1, 611 91 Nyköping"
3 Gems Consulting AB,559034-2845,,"Storgatan 15, 852 31 Sundsvall"
Zarvan Tech AB,559442-4771,,"Norrlandsgatan 19, 752 29 Uppsala"
Lemoné Interior AB,559468-7229,,"Rödabergsbrinken 14, 113 30 Stockholm"
Tage Isaksson Arkitektkontor AB,556828-0787,,"Kättinggränd 21, 973 41 Luleå"
Precis Arkitektur i Stockholm AB,559163-6369,,"Kampementsgatan 4, 115 38 Stockholm"
Backhans Consulting AB,559200-7768,,"Faluvägen 24, 793 30 Leksand"
Styla Sverige AB,559376-3872,,"Gärdebacksvägen 18, 429 41 Särö"
Smith & Sander Förvaltning AB,559520-2234,,"Norra Stockholmsvägen 28, 272 92 Simrishamn"
AB Harryssons Frukt & Mekaniska,556679-9424,Telefon 070-843 42 60,"Holmavägen 148, 277 45 Sankt Olof"
Johan Skoog Design AB,556877-4995,,"Södra Skeppsbron 35, 802 86 Gävle"
Hjort Investment AB,559123-5394,,"Hults Gata 31 b, 436 45 Askim"
Karla Renoverar AB,559393-3764,,"Björkbacksvägen 47, 135 40 Tyresö"
Tablå AB,559476-0935,,"Regeringsgatan 93, 111 39 Stockholm"
Afrab Arkitekter Aktiebolag,556371-0556,,"Sankt Eriksplan 6 a, 113 20 Stockholm"
H.W Room AB,556927-9051,Telefon 070-990 92 48,"Östermalmsgatan 23 Lgh 1304, 114 26 Stockholm"
Tissus & Co AB,559084-2737,,"Värtavägen 53 d, 115 38 Stockholm"
Project Charlie Sweden AB,559479-1146,,"Fridhemsvägen 40, 771 94 Ludvika"
Contekton Arkitekter i Skaraborg Aktiebolag,556222-8519,,"Mellåsen 4, 542 95 Mariestad"
Ekoark Arkitekter AB,556806-1286,,"Vitlöksgränd 9, 135 36 Tyresö"
Leandersson Holding AB,556922-5328,,"Hallgrens Väg 3 b, 755 91 Uppsala"
Riverflow media Aktiebolag,559072-0917,,"Ålgrytebacken 6, 127 31 Skärholmen"
BLOOMINGHOME AB,559116-0519,,"Fridhemsgatan 114, 854 62 Sundsvall"
V Tarandi AB,559198-1989,,"Askrikevägen 6, 181 46 Lidingö"
BI IN Inredningsarkitekt AB,559290-5870,,"Björnbärsgatan 16, 412 67 Göteborg"
Viviro AB,559393-2170,,"Haddingen 76, 922 66 Tavelsjö"
Grapefruit AB,559402-4175,,"Hyllie Kyrkoväg 57 b, 216 16 Limhamn"
Akteur Husdesign AB,559486-6575,,"Malmqvists Väg 26, 352 20 Växjö"
M.C.B.I Fastigheter AB,556576-8198,Telefon 070-072 44 81,"Tynäs 9, 645 93 Strängnäs"
Q-ster Creations AB,556891-2553,Telefon 070-145 19 18,"Hermansby 150, 442 73 Kärna"
Saar Art & Design AB,556925-3767,,"Persikogatan 58, 165 63 Hässelby"
EgyptensOas AB,556960-1353,,"Egypten 721, 438 95 Hällingsjö"
Utterback & Blom arkitekt & inspiration AB,559083-6671,,"Gallstrandsgatan 2, 392 57 Kalmar"
Studio DDA AB,559382-5424,,"Blåvingevägen 14, 125 57 Älvsjö"
SU Yngvadottir AB,556627-1317,,"Villagatan 3, 386 50 Mörbylånga"
Eldrevo AB,559159-1325,,"Edsängsvägen 5 b, 192 54 Sollentuna"
Sofia Strand Holding AB,556939-7499,Telefon 070-723 03 23,"Surbrunnsgatan 13 Sidoingång, 114 27 Stockholm"
Johan Celsing Arkitekt AB,559454-4289,,"Klockbergastigen 3, 178 93 Drottningholm"
Ermada AB,559532-2727,,"Klockarens Väg 5, 441 60 Alingsås"
Mats Abrahamsson Arkitektkontor AB,556573-9991,,"Kapplandsgatan 56 Lgh 1301, 414 78 Göteborg"
Stridh Arkitektur AB,559442-7964,,"Amiralitetsgatan 9 a, 414 62 Göteborg"
Anders Gunnedal AB,559210-1249,,"Färgargårdstorget 20, 116 43 Stockholm"
Hållbar Arkitektur Stockholm AB,559450-8532,,"Torsby Gökväg 2, 139 51 Värmdö"
MOA Hägg Sandberg Konsult AB,556071-6366,,"Persgatan 62, 252 22 Helsingborg"
Jim Collin Ljusrådgivning AB,559265-1862,,"Berguvsgatan 9, 234 32 Lomma"
Design & Koncept studion Sweden AB,559434-6222,,"Östgötagatan 15, 262 43 Ängelholm"
Attribut Design och Försäljning Aktiebolag,556239-4477,,"Eastmansvägen 12, 113 61 Stockholm"
Anders Falk Produktion AB,556768-9525,Telefon 070-420 85 08,"Storsvängen 9, 129 41 Hägersten"
A lot of design Sweden AB,556926-5175,Telefon 073055464,"Vikensvägen 13 a, 236 41 Höllviken"
Erica S AB,559342-3188,,"Rangatan 5, 723 57 Västerås"
Walfrid Design AB,559472-0988,,"Kallebäcks Torg 3 Lgh 1204, 412 77 Göteborg"
Miomis Homestyling & Design AB,559065-9081,,"Rustorpsvägen 5, 372 73 Ronneby"
MadeIndigo AB,559195-2782,,"Guldgubbegatan 3 a, 434 33 Kungsbacka"
Egnahems Emaljskylt AB,559267-8444,,"Kämpevägen 17, 553 02 Jönköping"
iArkitektur AB,559288-2699,,"Krokgatan 4, 262 62 Ängelholm"
Johan Berg Arkitekter AB,556891-0243,,"Värmdövägen 120, 131 56 Nacka"
AC Byggvision AB,559487-0270,,"Mastkorgsvägen 4, 296 37 Åhus"
Sofie Waldemar Studio AB,559511-2797,,"Storsegelvägen 12, 117 71 Stockholm"
Göran Holm arkitektkontor AB,556582-6624,,"Sövrödsvägen 10, 243 94 Höör"
Dora Nacsa AB,556921-6517,,"Ängsvägen 28, 725 97 Västerås"
Robert Petrén Arkitektur AB,559308-4881,,"Karl Gerhards Väg 2, 133 35 Saltsjöbaden"
STUDIO MILESSON AB,559493-5081,,"Backsippevägen 4, 135 62 Tyresö"
arkitektstudio.mn AB,559193-8971,,"Dag Hammarskjölds Torg 9, 211 18 Malmö"
Krook & Tjäder Projektutveckling AB,559194-5091,,"Prinsgatan 12, 413 05 Göteborg"
MB Konstruktion & Design AB,559366-1118,,"Flarkvägen 106, 915 96 Flarken"
Abildgård konsult AB,559372-5574,,"Kyrkvägen 6 a, 435 35 Mölnlycke"
Byggdesigner 42 AB,559381-8080,,"c/o Cristian Lindquist, Doktor Liborius Gata 5, 413 23 Göteborg"
Room of Charlotte AB,559431-3552,,"Bjärevägen 98, 262 61 Ängelholm"
Hopas AB,556606-7830,,Djursholm
Solö Gård AB,556864-3505,,"Drottning Kristinas Väg 31, 761 41 Norrtälje"
Daniella Witte AB,559037-4335,,"Vinstorpsvägen 47 a Wigensgård, 234 35 Lomma"
Ingrid G Arkitektur och Kommunikation AB,559177-2529,,"Östra Vallgatan 57, 223 61 Lund"
D & J Invest AB,559347-7853,,"Norrtullsgatan 67, 113 45 Stockholm"
Svante Sahléns Bygg Aktiebolag,556315-9317,Telefon 08-742 17 00,"Granvägen 48, 135 52 Tyresö"
AEG Inredning AB,556341-2765,,"Västergatan 8, 211 21 Malmö"
Hellberg & Partners i Tollered AB,556606-2989,,"Herreslia 6, 448 50 Tollered"
Erik Eriksson Arkitektkontor AB,556733-5772,Telefon 076-821 31 75,"Stora Nygatan 14 2tr, 111 27 Stockholm"
Husritaren i Vimmerby AB,559102-5712,,"Ählströmsgatan 9, 598 30 Vimmerby"
Holmboe Interiors AB,559163-8449,,"Paternostervägen 66, 121 49 Johanneshov"
Achtman Jakobsson Arkitektkontor AB,559501-4563,,"Sankt Göransgatan 64 b, 112 38 Stockholm"
ECTAFORM AB,556266-9472,,"Virvelvindsvägen 11, 167 67 Bromma"
Tage Möller Arkitektbyrå AB,556298-1919,,"Lotskajen 19, 216 42 Limhamn"
Landskapsarkitekterna i Lund Aktiebolag,556203-8918,Telefon 070-811 73 03,"Kraftstorg 6 b Lgh 1201, 223 50 Lund"
Atrium Design Aktiebolag,556316-9191,Telefon 08-717 19 91,"Skepparstigen 7, 133 33 Saltsjöbaden"
Merit Öhring AB,559374-3403,,"Meanderslingan 5, 170 62 Solna"
Bruuns interiör AB,559406-6994,,"Västra Vägen 41 c, 302 65 Halmstad"
Wahlström Design AB,556758-8362,,"Villagatan 17, 571 77 Forserum"
Majeed design AB,556831-4479,,"Sockerbruket 17, 414 51 Göteborg"
Pelle Hildingsson AB,559010-4047,,"Slättvägen 8, 191 45 Sollentuna"
Add Reason AB,559168-0284,,"Lidköpingsvägen 52, 121 39 Johanneshov"
PQR International Invest AB,556923-5798,,"Klostergatan 13, 753 21 Uppsala"
Pelcasa AB,559223-8934,,"Postängsvägen 166, 145 52 Norsborg"
Byggsikt AB,559253-7772,,"Mjölbyvägen 48, 599 31 Ödeshög"
Kim Idre AB,559415-1473,,"Hsb-Vägen 6 b, 797 71 Idre"
La Mienne AB,556861-8481,,"Fiskare Öhrlunds Gata 5 b, 193 41 Sigtuna"
Projekteringsarket Alf Hansson AB,556809-6910,,"Storgatan 3 Bv, 341 43 Ljungby"
Augustyniak Arkitektur AB,559536-0149,,"Klövjevägen 23, 187 31 Täby"
New World Living AB,556965-8478,Telefon 076-134 92 00,"Rindögatan 32, 115 58 Stockholm"
Hantverket i Mälardalen Aktiebolag,559212-7269,,"Mählby Säteri, 642 91 Flen"
Lazuli Arkitekt och Byggentreprenad AB,559224-9931,,"Tapetserarvägen 36, 167 72 Bromma"
Wess Deco AB,559471-8818,,"Kungsängsesplanaden 12 d Lgh 1501, 753 18 Uppsala"
Bostads- och Möbelförädling (BMF) AB,559530-4899,,"Skogsvallsvägen 7, 743 35 Storvreta"
Deonion AB,559384-3427,,"Tranbärsvägen 26 b, 589 63 Sturefors"
Odds trädgård AB,559495-9628,,"Frödingsvägen 2, 663 34 Skoghall"
Team Charmolu AB,556641-0584,Telefon 019-19 23 00,Örebro
Formhome sweden AB,556680-8019,Telefon 070-818 31 10,"Köpenhamnsvägen 46 a, 217 71 Malmö"
KLOSTERBORG & Co AB,556843-7619,,"Herserudsvägen 40, 181 50 Lidingö"
Marmegård Concept Studio AB,559094-1398,,"Oxelvägen 19, 802 69 Gävle"
Starvid Arkitektur AB,556440-1007,,"Valentin Sabbats Gata 4, 113 61 Stockholm"
Carola Russmark AB,559013-5397,,"Vega Allé, 136 57 Vega"
Fin Arkitektur Stockholm AB,559522-4741,,"Hägerstensvägen 157 b, 126 53 Hägersten"
Björn Hultén Inredningsarkitekt SIR Aktiebolag,556113-8362,Telefon 073-924 41 03,"Skolgatan 34 Lgh 1402, 413 02 Göteborg"
Engström & Nilsson AB,556236-0726,Telefon 08-783 66 90,"Sila Olofstorp, 612 72 Rejmyre"
Add Details AB,556771-1501,,"Sysslomansgatan 47 d, 752 27 Uppsala"
Arkitekturfabriken AB,556860-8292,,"Vulcanusgatan 9, 113 21 Stockholm"
Gip Production AB,559168-7842,,"Grevgatan 62, 114 59 Stockholm"
Byggprojektering J-O Björk Aktiebolag,556304-9518,Telefon 070-322 46 08,"Surbrunnsvägen 62, 352 45 Växjö"
Lagerhägg & Linneros AB,559405-5773,,"Järavallsgatan 43, 216 11 Limhamn"
Binome AB,559449-9864,,"Ålstensgatan 67, 167 65 Bromma"
Arkitekt och Byggnads Aktiebolag Gremo,556446-3478,Telefon 08-452 04 66,"Rökubbsgatan 6, 115 59 Stockholm"
Måns Broberg Fastighetskonsult Aktiebolag,556717-7927,Telefon 070-441 10 31,"Helmfeltsgatan 8, 254 40 Helsingborg"
House Of Lutz AB,559008-0601,,"Aspabacken 1, 611 91 Nyköping"
CCI Arkitektur AB,559215-4479,,Lund
Aeton Investment AB,559310-7690,,"Gustavsgatan 25, 724 60 Västerås"
Kulör & interiör Sverige AB,559436-3052,,"Tiarp Villaberg 285 a, 305 91 Halmstad"
WeDo Effective Market Research in Stockholm AB,556625-5765,Telefon 08-506 217 00,"Tulegatan 37, 113 53 Stockholm"
Shanok Holding AB,556658-1681,Telefon 070-495 18 52,"Nybrogatan 59 Lgh 1402, 114 40 Stockholm"
RitLine AB,556873-8685,Telefon 070-438 55 83,"Arosvägen 8, 722 17 Västerås"
Andåker Arkitekter AB,556916-3826,,"Svartlavsvägen 20, 436 39 Askim"
Arkitekt Jonas Hultman AB,556965-6639,,"Gyllenstiernsgatan 5 1tr, 115 26 Stockholm"
Tilus Tillgänglighet AB,559425-4871,,"Röseliden 70, 471 93 Kållekärr"
KI Work creatörerna AB,556674-0279,,"Gamlegårdsvägen 20, 245 91 Staffanstorp"
Wigensäter Two AB,559276-7353,,"Hantverkargatan 79 a, 112 38 Stockholm"
No Probllama AB,559339-5329,,"Dalagatan 86 g, 113 43 Stockholm"
MK Contemporary AB,559383-1927,,"Bondegatan 9 b, 116 23 Stockholm"
Bowi AB,559441-4525,,"Kvannevägen 5, 982 37 Gällivare"
Berlin Produktion AB,556198-1357,,"Smedjevägen 14, 131 33 Nacka"
ARC Lars Pålsson Arkitektkontor AB,556899-6770,Telefon 08-611 80 80,"Svartmangatan 9, 111 29 Stockholm"
Umbilical Talks AB,556996-0684,,"Grev Turegatan 14, 114 46 Stockholm"
ELF Bygglovsritningar Aktiebolag,559309-6646,,"Enskiftesvägen 2, 145 60 Norsborg"
Solfagra Trädgård AB,559478-3473,,"Sandalmakarbacken 17 Lgh 1203, 126 39 Hägersten"
Bo Hansson Konsult AB,559504-7068,,"Gullabovägen 49, 385 92 Gullabo"
Studio EWRA AB,559519-3938,,"Kellgrensgatan 10, 112 51 Stockholm"
Alto Rum AB,559527-6295,,"Råtorpsvägen 16 a, 653 49 Karlstad"
Svante Forsström Arkitekter AB,556334-7649,Telefon 070-562 98 41,"Renstiernas Gata 38 4tr, 116 31 Stockholm"
Bränd Mattsson Arkitektkontor AB,556921-3175,,"Fatburstrappan 18, 118 26 Stockholm"
Pernilla Thor Consulting AB,559123-3670,,"Hotel Öresund Sofia Albertina Plats, 261 31 Landskrona"
Runling Arkitektur & Design AB,559302-6684,,"Lantgårdsvägen 66, 192 74 Sollentuna"
Ankersjö Möbel & Inredning AB,559369-8391,,"Norrholmsvägen 146, 132 31 Saltsjö-Boo"
JSWB konsult AB,556082-3550,Telefon 073-634 69 12,"Parisstugan Källstugan, 619 92 Trosa"
Kustnära Interiör AB,556609-4131,,"Adelsgatan 5, 621 57 Visby"
Nellie Inreder AB,556948-5005,,"Dalarörsvägen 5, 352 71 Växjö"
S Ribeiro Productions AB,556980-6242,,"Sköntorpsvägen 29, 120 38 Årsta"
Vertisà AB,559322-7340,,"Kåddis 72 b, 905 92 Umeå"
Aprile Arkitekt AB,559375-2891,,"Kampementsgatan 30, 115 38 Stockholm"
Thrive Regen Impact AB,559488-0121,,"Hjorthagsgatan 10 c, 413 17 Göteborg"
Canten AB,556813-0800,,"Östra Attholmsvägen 5, 441 91 Alingsås"
Medforma AB,556869-9762,Telefon 073-311 73 17,"Blekingegatan 46, 116 62 Stockholm"
Tr3ttongruppen AB,556992-7857,,"Strandängsvägen 46, 253 74 Helsingborg"
BM Arkitekter AB,559275-4971,,"Färdemansgatan 14, 703 60 Örebro"
Viklund Arkitektur AB,559441-4756,,"Färgspelsgatan 76, 421 63 Västra Frölunda"
Elf Arkitektur AB,559444-7467,,"Tisdagsgatan 14, 415 42 Göteborg"
Ohrstedt Arkitekter AB,556438-5929,Telefon 08-556 974 24,"Rättarbodavägen 30, 197 91 Bro"
Sophie PM Interior Design AB,559015-9439,,"Ulrikagatan 15, 115 23 Stockholm"
Shifting Paradigm Consulting AB,559134-8759,,"Lindvägen 5, 467 32 Grästorp"
Fab Homes Stockholm AB,559364-2563,,"Torsplan 8, 113 65 Stockholm"
Byn Landskapsarkitektur AB,559394-6626,,"Liedbergsgatan 49 a, 352 32 Växjö"
Ritella Construction AB,556931-9378,,"Stämsviksvägen 29, 746 93 Bålsta"
Marescotti & Marescotti AB,556981-5011,,"Malmbrinken 27, 132 51 Saltsjö-Boo"
"Röd arkitektur, planering och fastighetsutveckling AB",556997-5872,,"Mjörn Röd 10, 471 73 Mjörn"
Atelier Filip Rem Aktiebolag,559174-2365,,"Ugglegården 38, 436 58 Hovås"
MT Concept Branding AB,559275-1290,,"Klockarevägen 46, 236 36 Höllviken"
Sköndal Hantverk & Design AB,559278-5777,,"Bagarfruvägen 95, 128 66 Sköndal"
Storgatan Fastighetsutveckling AB,559376-0613,,"Segerlindsgatan 12, 416 53 Göteborg"
Harmonia caelestis arkitektur aktiebolag,559523-1290,Telefon 073-072 74 61,"Katarina Västra Kyrkogata 10, 116 25 Stockholm"
Axecon AB,556567-2523,Telefon 070-565 94 44,"Lugnets Allé 7, 120 65 Stockholm"
Leander Lindberg AB,559133-8032,,"Åkerövägen 45, 793 33 Leksand"
Mattias Nordström Landskapsarkitektur AB,559384-4086,,"Strand 14, 744 96 Järlåsa"
VIBE Värmlands inredning bygg exteriör AB,559446-4355,,"Åsundatorpvägen 419, 664 94 Vålberg"
Design Marcus Herre AB,559447-5336,,"Sjövik 19, 775 95 Folkärna"
Alpha Lavelid AB,556717-4064,Telefon 08-412 53 23,"c/o Svenska Standardbolag AB, Box 292, 791 27 Falun"
Ekegren Arkitektur AB,556728-1703,,"Raketgatan 4, 413 20 Göteborg"
RUM I KVADRAT AB,559089-4464,,"Lagerfelts Väg 26, 186 50 Vallentuna"
Mysbo 5M AB,559173-1582,,"Mälarbaden 75, 644 36 Torshälla"
Tågarp Byggnadsvård AB,559290-8817,,"c/o Martina Leo, Tystabäcksvägen 47, 272 93 Tommarp"
Autonomi Arkitektur AB,559370-2250,,"Fingerörtsvägen 1, 131 38 Nacka"
MAL Aktiebolag,559417-3238,,"Kabelgatan 37 d, 414 57 Göteborg"
STOCKHOLM WERKSTÄTTE SWO AB,556869-7535,,"Kungstensgatan 26, 113 57 Stockholm"
BigEye Aktiebolag,556368-1617,Telefon 070-820 62 56,"Stockrosvägen 5, 181 61 Lidingö"
2S Gruppen AB,556831-8090,,"Herrhagsvägen 117, 122 60 Enskede"
Gudmund AB,559194-7204,,"Erik Dahlbergsgatan 24 c, 211 48 Malmö"
Bruno & Frans AB,556909-2231,Telefon 070-587 19 66,"Karl Magnussons Väg 28, 549 47 Skövde"
Soft Collective AB,556951-3616,Telefon 073-622 40 22,"Brännkyrkagatan 98, 117 26 Stockholm"
Gripform AB,559208-7174,,"Hornstulls Strand 1, 117 39 Stockholm"
Bos Trading AB,559395-0131,,"Mellangårdsvägen 9, 191 44 Sollentuna"
Hanna Vega Architects AB,559424-1878,,"Telegrafgränd 1 b, 111 30 Stockholm"
Orange Rebel Studio AB,559463-9923,,"Bergsundsgatan 5 1207, 117 37 Stockholm"
Dacar i Kalmar AB,559288-7433,,"Svensknabbevägen 17, 393 51 Kalmar"
Mr Miyagi AB,559356-0187,,"Tallvägen 11, 236 36 Höllviken"
David Eliasson Arkitektur AB,556377-3703,Telefon 073-512 60 16,"Ljustergränd 5 Lgh 1203, 116 68 Stockholm"
Limenova AB,556837-8722,Telefon 070-072 96 91,"Krukmakargatan 28 Lgh 1502, 118 51 Stockholm"
Rue Hallén Plan & Arkitektur AB,559045-1604,,"Munkgatan 7, 211 47 Malmö"
Sire fastigheter Siretorp AB,559085-9806,,"Högerudsgatan 10 d, 216 18 Limhamn"
Trinike AB,559091-0823,,"Glasvägen 1, 352 51 Växjö"
L&U leda och utbilda AB,559398-9089,,"Nälleviksvägen 89, 434 93 Vallda"
StyleLikeLena AB,559514-3172,,"Korvettvägen 10, 865 51 Ankarsvik"
Carl Rössner AB,556861-7236,,"Torstenssonsgatan 8 a, 114 56 Stockholm"
Christiana Swalk AB,559208-6101,,"Båtsman Stens Väg 72, 163 41 Spånga"
Pagenera AB,559223-7290,,"Turkosvägen 5, 471 60 Myggenäs"
Vinga Interiör AB,559473-8188,,"Lilla Sundskogsvägen 3, 451 90 Uddevalla"
odmö AB,559508-3097,,"Signalgatan 15, 211 14 Malmö"
Bum Society AB,559171-2384,,"Vidargatan 4 Lgh 1202, 113 27 Stockholm"
DWBH unlimited AB,559234-1829,,"Bronsyxegatan 51, 421 63 Västra Frölunda"
HK KADBIT AB,559373-4188,,"Granvägen 3, 516 31 Dalsjöfors"
Nordic Bygg med Simon AB,559500-8789,,"Spannarpsvägen 221, 262 95 Ängelholm"
Stintzing Arkitekter Aktiebolag,556182-5752,Telefon 070-657 66 07,"Landsvägen 172, 794 91 Orsa"
Strömholm Zingmark Arkitekter AB,556634-9360,,"Kungsgatan 82, 112 27 Stockholm"
Arkitekt Hans Eek Aktiebolag,556652-1513,Telefon 070-823 77 66,"Gustav Adolfsgatan 10, 441 33 Alingsås"
Thelander-Martinac AB,556795-7120,,"Banérgatan 51, 115 22 Stockholm"
SIAV Arkitekt AB,559008-1260,,"Erik Pukes Väg 2 a, 141 32 Huddinge"
TRT bygg renovering AB,559240-9691,,"Tornfalkgatan 119, 703 49 Örebro"
Matsson Marnell AB,559457-2827,,"Mariatorget 2, 118 48 Stockholm"
LG Rit och konsult AB,559470-9221,,"Seglarvägen 4, 619 91 Trosa"
Air Studio AB,559473-2330,,"Gamla Kållandsgatan 38, 531 50 Lidköping"
Drömgården AB,556710-5993,,"Fröberga Stora Backgård, 605 92 Norrköping"
T.C Husförsäljning och Entreprenad AB,556917-7404,Telefon 070-598 14 87,"Doppinggatan 10, 681 52 Kristinehamn"
Lookofsky Architecture AB,559079-3427,,"Pålsundsgatan 1 b, 117 31 Stockholm"
Vintage of Scandinavia Stockholm AB,559390-9483,,"Alphyddevägen 7, 171 51 Solna"
K2 STUDIO AB,559392-1132,,"Badhusberget 5 c, 453 32 Lysekil"
Studio Lindelöw AB,559452-1592,,"Nybohovsgränd 26, 117 63 Stockholm"
Plan & Fasad Mats Tellgren Aktiebolag,556408-9455,Telefon 070-868 33 82,"Björkö Sälleryd 2, 574 95 Björköby"
Charlotte Lindström AB,559033-6995,,"Niagaravägen 22, 263 61 Viken"
DE Design & Ekonomi AB,559294-2105,,"Torsby Skogsväg 21, 139 51 Värmdö"
Sidam AB,559399-5896,,"Greta Garbos Väg 4, 169 40 Solna"
Doktor Muhr AB,559453-7226,,"Båtsmansvägen 3, 182 33 Danderyd"
KjGydell AB,559459-4904,,"Radhusvägen 2 k, 428 35 Kållered"
Gro arkitektur AB,559494-5924,,"Löpargatan 8, 722 41 Västerås"
Klarblå Arkitektkontor Aktiebolag,556331-4664,Telefon 042-21 06 15,"Kungsgatan 8, 252 21 Helsingborg"
Arktis Arkitekter Aktiebolag,556485-5392,,"Borgmästargatan 11, 713 31 Nora"
Road 87 Design AB,559021-4200,,"Mariedalsvägen 1, 132 48 Saltsjö-Boo"
Homestyling & Consulting by Sofie AB,559418-9317,,"Öståkravägen 21, 247 32 Södra Sandby"
MATS ÖHMAN AB,556836-9903,,"Disponentvägen 12 a, 975 94 Luleå"
Forma & Planera i Skåne AB,559118-9815,,"Ångfärjekajen 22, 211 19 Malmö"
CH design trädgård och inredning i Östergötland AB,559445-1170,,"Månestad Anrocigården, 585 93 Linköping"
Per Appelquist AB,556565-7102,Telefon 08-446 04 46,"Ängsklockevägen 111, 181 57 Lidingö"
BLOOM ARKITEKTUR AB,556796-8754,,"Vårdklockegatan 24 b, 621 57 Visby"
Rilato AB,559075-6846,,"Näsgärdsvägen 11, 792 91 Mora"
Activepoint AB,559209-3396,,"Böljemolnsvägen 21, 743 45 Storvreta"
Lindeberg Vision Aktiebolag,556388-1845,,"Svärdvägen 21, 182 33 Danderyd"
E och H Syk AB,556674-1954,,"Utmarksvägen 11, 167 54 Bromma"
AR Fastighetsbyrå AB,556839-0214,,"Alphyddevägen 67 Lgh 2304, 131 35 Nacka"
IMw Design AB,556920-9140,,"Industrigatan 2, 574 76 Korsberga"
Bioinspira by Johanna AB,559265-1185,,"Fagerlidsvägen 1, 196 39 Kungsängen"
Assai AB,559358-2769,,"Ljungsätersvägen 5, 236 41 Höllviken"
Elsmén Ljunge AB,559454-8553,,"Svanvägen 6, 262 60 Ängelholm"
Atelier Mon AB,559459-8012,,"Säbystigen 3 b, 134 64 Ingarö"
Urban Vision Aktiebolag,556497-4615,,"Isbergs Gata 36, 211 19 Malmö"
"PAB, people and brands AB",556776-4120,Telefon 073-030 99 00,"Kullaviks Skolväg 6 b, 429 32 Kullavik"
Rörande Design AB,559237-7773,,"Solbergsvägen 62, 168 66 Bromma"
Systerinteriör Homestyling & Inredning AB,559377-1321,,"Kärnvedsgatan 10, 431 51 Mölndal"
Inotac AB,559377-3582,,"Tegnergatan 8, 113 58 Stockholm"
RecoDeco AB,559468-6346,,"Grönövägen 5, 134 67 Ingarö"
Friedrich Design AB,559498-9328,,"Myrekullevägen 29, 432 93 Varberg"
NJKK Consulting AB,556852-5785,,"Södersätravägen 3 a, 192 65 Sollentuna"
Haanpää Invest AB,559218-9764,,"Bösebergsvägen 8, 722 33 Västerås"
Broker Silvia AB,559294-9175,,"Slåtterbalksgatan 13, 233 44 Svedala"
Gabriella Anderek AB,559444-5396,,"Astrid Lindgrens Gata 2 a, 761 46 Norrtälje"
Waldh Rundqvist Arkitektur AB,559279-0900,,"Olofssons Väg 1, 236 42 Höllviken"
Hilma Öborn AB,559368-1827,,"Ostindiegatan 2 b, 414 53 Göteborg"
Madera&Fuentes AB,556895-0413,,"Vansö Gustavsborg 1, 645 92 Strängnäs"
Swesave AB,559199-6235,,"Södra Vägen 57, 412 54 Göteborg"
Givande Fönsterputs Sverige AB,559483-2338,,Helsingborg
EvoSys AB,556595-2164,Telefon 08-23 04 37,"Fagerholmsvägen 10, 134 63 Ingarö"
SNAPP Arkitekter AB,556735-6976,,"Pipersgatan 11 2tr, 112 24 Stockholm"
Doktor Glas Aktiebolag,556969-8466,,"Falkstigen 47, 182 70 Stocksund"
SIPPAS Bokföringsbyrå AB,559110-6827,,"Härningevägen 179, 262 95 Ängelholm"
Annika Glynos Konsult AB,559371-7951,,"Kalendergatan 21, 261 61 Landskrona"
Nian Reko Bygg & Design AB,556608-3878,Telefon 08-742 03 01,"Kryssarstigen 9, 137 97 Årsta Havsbad"
ItArk Arkitektkontor AB,556643-5193,,"Nyborgsvägen 13 b, 252 21 Helsingborg"
L Naslund Invest AB,556729-2387,,"Blinkfyrvägen 6, 891 78 Bonässund"
Havsrenen AB,556760-1629,Telefon 070-547 29 03,Stockholm
Backhans Arkitektur AB,556863-4199,Telefon 08-400 264 41,"Sickla Kanalgata 17 c, 120 67 Stockholm"
F. Karlsson konsult AB,559078-7387,Telefon 070-277 34 77,"Selmedalsvägen 80, 129 37 Hägersten"
Rock Garden AB,559271-3688,,"Kommendörsgatan 12, 114 48 Stockholm"
Sofia Westin AB,559273-6820,,"Riddargatan 70, 114 57 Stockholm"
Löfström Arkitektkontor Aktiebolag,556232-7667,Telefon 070-562 78 87,"Ordensbacken 7 1trn, 181 51 Lidingö"
Taide AB,556366-8184,Telefon 046-736 42 84,"Närkesgatan 4, 116 40 Stockholm"
AC Rentner Invest AB,556466-8266,Telefon 010-574 57 87,"Lärkstigen 8, 254 78 Domsten"
MaxEng Byggkonsult AB,556518-6573,,"Smedjegatan 37, 352 46 Växjö"
Malin Nyhlin AB,556787-1495,,"Issjövägen 71, 761 11 Bergshamra"
Sandberg & Co AB,556828-7956,,"Ludvigsbergsvägen 13, 852 34 Sundsvall"
Vindhus AB,556880-3505,,"Sibyllegatan 38, 114 43 Stockholm"
Oddarc AB,556993-4598,,"Vältuddsvägen 15, 133 37 Saltsjöbaden"
Halim Architects AB,559399-7702,,"Opalvägen 2, 451 62 Uddevalla"
WJF AB,559435-1461,,"Allégatan 6, 232 31 Arlöv"
Ekviria Design & Edition AB,556517-4686,Telefon 08-664 03 40,"Grebyvägen 7, 617 71 Kimstad"
Haward & Busck AB,556908-4972,,"Ragnarsväg 12, 231 79 Smygehamn"
Ordningsexperterna Saltsjön AB,559048-9000,,"Svartviksringen 11, 133 36 Saltsjöbaden"
Staeger Consulting AB,559106-8167,Telefon 073-310 25 81,"Södra Parkgatan 16, 561 42 Huskvarna"
Studio My Degerth AB,559374-1779,,"Brännkyrkagatan 71, 118 23 Stockholm"
Therese Bruno AB,559398-2803,,"Duvhöksgatan 38, 254 49 Helsingborg"
The Remakers Sweden AB,559528-4489,,"Arlagången 6, 418 77 Göteborg"
Dolk Arkitektkontor Aktiebolag,556317-4910,Telefon 0493-519 13,"Hamngatan 4, 594 32 Gamleby"
Ellips Arkitekter Aktiebolag,556419-4917,Telefon 070-851 06 69,"Stigbergsgatan 35 a, 116 28 Stockholm"
I & D Design AB,556615-4646,Telefon 070-441 61 14,"Fållvägen 28, 179 60 Stenhamra"
Emliths AB,556990-6828,,"Vårbacken 3, 131 41 Nacka"
Arosgården AB,559107-6848,,"Kärlekshagen 7, 761 11 Bergshamra"
Joar Nordvall Arkitekt AB,559393-5975,,"Torsgatan 1, 111 23 Stockholm"
Wood & Bloom AB,559419-8706,,"Birger Sjöbergs Väg 1, 311 40 Falkenberg"
Erikslid Mark och Trädgårdskonsulter AB,559485-1353,,"Ringvägen 1 l, 147 70 Grödinge"
Per Sundstedt Aktiebolag,556440-1999,Telefon 08-664 61 35,"Tantogatan 43 1tr, 118 42 Stockholm"
Kabusa Project & Consulting AB,556569-7462,Telefon 070-161 16 11,"Dansarens Väg 10, 272 94 Simrishamn"
ARKITEKTFIRMA J. IVARSON AB,556851-2031,,"Björkvägen 5, 663 44 Hammarö"
My Secret Rooms AB,556930-6888,,"Slåttervägen 12, 282 62 Bjärnum"
lb arkitektkontor AB,559215-1574,,"Heurlins Plats 9, 413 04 Göteborg"
Kastell & Laval AB,559312-9181,,999 99 Adress Saknas
Happy Green Queen AB,559368-2106,,"Fjällglimten 29, 832 45 Frösön"
Björn Fastighetsutveckling AB,559414-4619,,"Östra Tingsvägen 12, 903 62 Umeå"
"Formverkstan Söder, arkitekter & konstnärer Aktiebolag",556343-5162,Telefon 08-640 95 05,"Tjärhovsgatan 44, 116 28 Stockholm"
Guldberg Konsult AB,556602-6489,,"Tegnérgatan 55 b, 111 61 Stockholm"
nykarriar.se Oskarshamnsmodellen AB,556906-6508,,"Kolmilevägen 2, 572 36 Oskarshamn"
36.O collaboration design AB,559093-8188,,"Nyponvägen 1, 185 39 Vaxholm"
Rivergate AB,559114-4596,,"Ågatan 22, 795 31 Rättvik"
Arkitektbyrån i Gävle Aktiebolag,556241-4622,Telefon 026-65 45 00,"Bäverstigen 14, 806 41 Gävle"
add ULRIKA AB,556644-2009,,"Ferievägen 3, 269 35 Båstad"
Hall Berglund arkitektur & design AB,556711-7162,,"Germunds Väg 14, 193 40 Sigtuna"
Remoodeling AB,559061-5554,,"Jebsens Väg 4, 433 31 Partille"
Linaria AB,559303-4175,,"Kaplansbacken 5, 112 24 Stockholm"
Horizon Edge AB,559454-4560,,"c/o Amir Saeedian Tarshizi, Smedsvängen 44 b Lgh 1001, 352 54 Växjö"
Björkhagen Ingenjörsbyrå AB,559534-5801,,"Slåttergatan 6, 256 56 Helsingborg"
RolfAllan design AB,556327-2391,Telefon 031-93 08 08,"Bergsträdgården 7, 416 60 Göteborg"
Esse Design Studio AB,559194-0464,,"Klockarebovägen 20, 746 37 Bålsta"
Construction Architecture Design Innovation Sverige AB,559223-2945,,"Nybrogatan 20, 212 32 Malmö"
BMP Holding AB,559288-2368,,"Kleva 1, 457 91 Tanumshede"
Nordic Urban Gardener AB,559305-9743,,"Teatergatan 17, 411 35 Göteborg"
Stockholm Arkitektur & Bygg AB,559308-3396,,"Skarpövägen 5, 132 32 Saltsjö-Boo"
LUXLD AB,559391-2669,,"Kaprifolgatan 6, 722 45 Västerås"
Syntes Design Aktiebolag,556453-8667,Telefon 08-662 66 90,"Skirnervägen 12 b, 182 67 Djursholm"
Johan Kristiansen AB,559050-0897,,"Mörkövägen 51, 122 60 Enskede"
Flora trädgård i Norrköping AB,559466-9268,,"Hallonstigen 8, 605 70 Svärtinge"
SKALA Arkitekter Aktiebolag,556206-6372,Telefon 08-743 03 75,"Ösmogatan 23, 122 48 Enskede"
Mobilitas Sweden AB,556525-4058,,"Centralvägen 24 a, 135 51 Tyresö"
ELKA:a Konsult AB,559163-7441,,"Alpstigen 16, 141 41 Huddinge"
STEJA AKTIEBOLAG,559273-1177,,"Saltsjövägen 3 a, 133 35 Saltsjöbaden"
Industri & Design i Örebro AB,559356-3041,,"Hovsta Kumla 613, 703 76 Örebro"
SaCi interiör AB,559410-4845,,593 93 Västervik
Wide Trädgårdsdesign AB,559458-9458,,"Vedettvägen 7, 183 50 Täby"
Slutplattan HAMLO 127110 AB,559468-0463,,"c/o Bolagsstiftarna AB, Box 12086, 402 41 Göteborg"
Arkitektstudio Rolf Möller AB,556492-3208,Telefon 070-525 51 56,"Vårelden 5, 393 59 Kalmar"
Rickard Berggren AB,556828-7519,,"Heimdalsgatan 2, 113 28 Stockholm"
CAFT Städ och Styling AB,559224-7398,,"Hjortronvägen 16, 426 55 Västra Frölunda"
Kogai Invest AB,559260-9712,,"Ursviks Allé 55, 174 64 Sundbyberg"
Brandett Hus & Trädgård AB,559522-1630,,"Älmåsvägen 21, 352 42 Växjö"
HG Gruppen AB,556680-6955,Telefon 073-946 65 71,"Bergfotsvägen 9, 147 33 Tumba"
MalmöDesign AB,556835-9920,Telefon 070-486 85 69,"Börringegatan 5 a, 217 72 Malmö"
"Arrhenius Produktion, Kultur och Naturvård AB",559022-4522,,"Torkel Knutssonsgatan 35, 118 49 Stockholm"
Frans Enmark Design AB,559093-5788,,"Bengt Ekehjelmsgatan 11, 118 54 Stockholm"
Creöhem AB,559179-1008,,"Birger Svenssons Väg 38, 432 40 Varberg"
Trust the social AB,556857-8974,Telefon 018-34 20 00,"S:T Göransgatan 26 d, 753 24 Uppsala"
Millvan consulting AB,559356-4296,,"Tomta 128, 824 74 Delsbo"
Roos Arkitektur AB,559497-0393,,"Sollidenvägen 35, 236 42 Höllviken"
Sodiri AB,559506-7223,,"Grafs Byaväg 16, 231 67 Trelleborg"
Hans Wieland Arkitektkontor Aktiebolag,556102-9272,Telefon 08-717 21 64,"Vinterbrinksvägen 57, 133 32 Saltsjöbaden"
L&S Design AB,556793-4814,,"Tingslagsgatan 2 b, 724 75 Västerås"
Piper Mäkitalo AB,559219-6066,,"Linnégatan 98, 115 23 Stockholm"
TrixTek AB,559294-8078,,"Korpralsvägen 2, 632 36 Eskilstuna"
Inside Consulting AB,559295-6014,,"Hillerödsvägen 12 a, 217 47 Malmö"
Volym design studio AB,559483-3856,,"Ursviksvägen 2 b, 172 36 Sundbyberg"
Kapaster Studio AB,559509-6016,,"Billdals Lövskogsväg 19, 427 38 Billdal"
Zazi Design AB,556781-6540,Telefon 070-392 98 50,"Skogsmarksvägen 14, 112 65 Stockholm"
Lilon AB,556871-7721,,"Ingenjörsgatan 5, 411 19 Göteborg"
AM Photography AB,559002-3643,,"Valhallavägen 59 1003, 114 22 Stockholm"
DEPAMAL AB,559082-7985,,"Carlandersplatsen 6, 412 55 Göteborg"
LW Konsult AB,559186-7808,,"Abborrgränd 19, 262 41 Ängelholm"
MMX YYZ Architecture AB,559216-3462,,"Smedstorpsgatan 2, 212 28 Malmö"
CL-living.housedesign AB,559240-9642,,"Solbacken 2, 341 96 Ljungby"
FAYS AB,559273-0716,,"Engelbrektsgatan 35, 411 37 Göteborg"
Htdstudio AB,559360-0579,,"Eskilsgatan 77, 633 56 Eskilstuna"
Evolution Mix AB,559363-7381,,"Södra Kedum Kocklanna 3, 534 94 Vara"
Österlens arkitekturverkstad Aktiebolag,556661-6313,,"Fröslövsvägen 545, 271 76 Löderup"
PineCloud AB,556866-8064,,"Malmgårdsvägen 63, 116 38 Stockholm"
FabriCat AB,559150-5713,,"Hindås Stationsväg 73, 438 54 Hindås"
Atelier Vidner AB,559154-3474,,"Mäster Henriksgatan 7 f, 211 58 Malmö"
Idéal INTERIÖR STHLM AB,559292-0069,,"Rehnsgatan 3, 113 57 Stockholm"
Juniston Design AB,559403-4604,,"Kristdalavägen 30, 577 90 Vena"
rahe+rahe design AB,556763-6336,,"Maleviksbacken 7, 429 35 Kullavik"
Svahn Living AB,556801-7221,,"Valhallavägen 139, 115 31 Stockholm"
Daily Decades Architect Atelier AB,559281-2175,,"Brödevägen 11, 277 45 Sankt Olof"
HTR Arkitektur AB,559302-3616,,"Adelgatan 9, 211 22 Malmö"
DEXOR Aktiebolag,556352-4445,Telefon 0171-46 07 30,"Torsvägen 14, 749 60 Örsundsbro"
Hamelius och Hultin AB,556944-4861,Telefon 070-828 72 57,"Högåsvägen 11, 741 41 Knivsta"
Herdevall Arkitekter AB,559040-3951,,"Svenonius Väg 14, 185 94 Vaxholm"
Ha-ha-land AB,559239-3911,,"Långsjövägen 20, 131 33 Nacka"
Balin Holding Aktiebolag,559288-6963,,"Åvägen 48, 141 30 Huddinge"
Villa Grönska AB,559334-7551,,"Tingshusvägen 11, 388 91 Vassmolösa"
MG Trädgårdsdesign AB,559379-6351,,"Floravägen 2, 802 67 Gävle"
SOBISKO AB,559509-4391,,Stockholm
FaT Arkitekter AB,556384-2771,Telefon 08-717 57 15,"Idunvägen 13, 133 38 Saltsjöbaden"
Bo Armstrong Arkitekt & Design AB,556507-4332,,"Kaprifolgatan 24, 426 69 Västra Frölunda"
ESLO AB,559065-3936,,"Stenbacksvägen 54, 291 70 Kristianstad"
Konsult och design Onsala AB,559425-9979,,"Hedkullavägen 6, 439 94 Onsala"
Ateljé Bohauk Aktiebolag,559443-8623,,"Mors Backe 1, 414 67 Göteborg"
Gramaco Aktiebolag,556327-6962,Telefon 08-755 20 50,"Heimdalsvägen 16, 182 63 Djursholm"
Autobahn Arkitektur Aktiebolag,556685-3304,Telefon 08-760 96 99,"Rölle 11, 516 94 Dannike"
Wohnhaus inredning & homestaging i Sverige AB,556720-8136,Telefon 073-531 44 73,"Mittfältsgatan 3, 169 41 Solna"
Per Olofssons Snickeri AB,556834-6885,,"Skårvägen 5, 475 31 Öckerö"
Bihler & Olsen Consulting AB,556956-3538,,"Skräddartorpsvägen 10 a, 644 36 Torshälla"
Gio Olla AB,556969-9977,,"Harpsundsvägen 33, 124 58 Bandhagen"
Arntz Sports & Creation AB,559118-0715,,"c/o Lisa Viktor, Torset Skogslyckan 1, 341 55 Vittaryd"
C92 Projektering AB,559452-5650,,"Valhallagatan 3 c, 532 34 Skara"
CeciliaBK & Partner AB,559474-4673,,"Berghällsvägen 17, 186 55 Vallentuna"
Streckritaren AB,559474-5746,,Stockholm
Lärjeå Aktiebolag,559517-4318,,"Sandeslätt 32 Lgh 1002, 424 36 Angered"
Två Lybing Aktiebolag,556917-1571,,"Nynäsvägen 327 Lgh 1101, 122 34 Enskede"
Jenny Berglund Kreativ Konsult AB,559521-1284,,"Tjärngatan 7, 861 41 Sörberge"
SoMaLo AB,556683-6713,,"Grönviksvägen 141, 167 76 Bromma"
Enuma AB,556796-0264,,"Nyhyttan 8, 783 91 Säter"
Berg-Kvist Arkitekter AB,559270-4067,,"Torggatan 24, 931 31 Skellefteå"
Equine Architect AB,559449-2505,,"Rosenhillsvägen 16, 137 36 Västerhaninge"
C-Line Homedesign AB,559534-5173,,"Östra Eriksbergsgatan 12, 417 60 Göteborg"
MIT House Com AB,556304-4121,,"Ullebovägen 2, 432 53 Varberg"
Wesslén & Wesslén AB,556395-7405,Telefon 070-797 64 33,Umeå
Rickan Konsulting AB,559120-3681,,"Mariebergsvägen 15, 652 29 Karlstad"
LÅAB Bebyggelsevård AB,559474-2115,,"Havsfruvägen 12, 167 62 Bromma"
Bergman arkitektur & design AB,559528-5114,,"Jöns Filsgatan 15, 211 33 Malmö"
KMZ Invest AB,556952-3649,,"Skeppsbron 16, 111 30 Stockholm"
acoya design house AB,559258-2240,,Stockholm
A & H Arkitekter AB,559265-0161,,"Vintergatan 12 Lgh 1303, 172 69 Sundbyberg"
creampuff AB,559304-4562,,"Alströmergatan 49, 112 47 Stockholm"
L&W Homestyling AB,559321-0254,,"Kärnvedsgatan 46, 431 51 Mölndal"
Southern Waters AB,556881-1995,,"Floragatan 5 Bv, 114 31 Stockholm"
Brica Group Sweden AB,559075-4882,,"Konstnärsvägen 3, 892 32 Domsjö"
Barefoot AB,559262-3903,,"Avtalsvägen 1, 187 50 Täby"
Homestyling by Sofie Severinsson AB,559528-7904,,"Vitsippestigen 15, 432 36 Varberg"
Hising Arkitektbyrå AB,556824-3538,,"Handelsvägen 34, 122 32 Enskede"
Blinkande Lyktor AB,556999-5433,,"Stenkyrka Likkarsvägen 8 a, 624 42 Tingstäde"
OLIBEN AB,559108-4941,,"Hässelby Strandväg 21, 165 65 Hässelby"
H.L. Bauer Aktiebolag,559321-1773,,"Fribergsgatan 8 Lgh 1601, 412 60 Göteborg"
Systrarna Ute&Inne AB,556554-3849,,"Vagnhärad Station, 610 71 Vagnhärad"
Nora W Inter AB,559230-0254,,"Fågelstavägen 22, 124 33 Bandhagen"
Mattisson Design AB,559407-4329,,"Mikrogatan 25, 507 43 Borås"
LENSOR AB,559116-4529,,"Bråttensby Dyliden 1, 524 91 Herrljunga"
Pålsson Ritar AB,559407-4543,,"Harstigen 1, 427 40 Billdal"
Palmeby & Elfving arkitekter AB,556288-0079,Telefon 031-81 39 25,"Jättegrytsgatan 22, 412 68 Göteborg"
Bällsta Gård Aktiebolag,559046-6040,,"Nygatan 6, 834 32 Brunflo"
Instascan AB,559053-0043,,"Vaniljvägen 5, 123 55 Farsta"
Fermell Holding AB,559264-0451,,"Brätteshultsvägen 67, 439 75 Fjärås"
Minh AB,556618-3504,,"Ormbergsvägen 16, 117 67 Stockholm"
Viksölandet AB,556809-3818,Telefon 070-754 44 75,"Framnäsbacken 1 7tr, 171 66 Solna"
Pinestudio Architecture AB,559026-6978,,"Skansvägen 2, 132 37 Saltsjö-Boo"
HHS AB,559074-0808,,"Götabergsgatan 11 a, 411 34 Göteborg"
Home by N AB,559264-8538,,"Vasagatan 60, 411 37 Göteborg"
DBL Studio AB,559290-1291,,"Backen 202, 836 95 Ås"
C.Creative Consulting AB,559374-2074,,"Trolltjärn 9, 436 40 Askim"
Svahn Kulturmiljö AB,559418-1462,,"Igelkottsvägen 55, 167 57 Bromma"
Holms Bostadsresa AB,559478-0727,,"Blekholmsterrassen 7, 111 64 Stockholm"
Badhuskompaniet AB,556626-0823,,"Kastellgatan 12 a, 411 22 Göteborg"
Leif Carlsson Arkitekt & Bildfirma AB,556734-8593,,"Tallkrogsvägen 30, 122 63 Enskede"
Kulör of Sweden AB,556861-0298,,"Djurövägen 128, 605 91 Norrköping"
Termino C 14382 AB,556925-4039,,"c/o Citadellet Likvidationer AB, Strandgatan 7, 185 32 Vaxholm"
Clark Arkitektur AB,559208-6275,,"Brottkärrs Röseväg 10 b, 436 58 Hovås"
Jaana BizDev AB,559299-4254,Telefon 072-248 95 95,"Vallby-Husby 4, 745 98 Enköping"
Uttrycksfull AB,559440-2520,,"Måns Klockares Väg 3, 352 73 Växjö"
Aktiebolaget Intrecéra,556373-8961,,"Närstad Gården 1, 597 91 Åtvidaberg"
Jerker Edfast Arkitektkontor AB,556676-2877,,"Norratorpsvägen 45-25, 290 37 Arkelstorp"
LM Conservation Corporation AB,556805-2442,Telefon 070-821 16 65,"Eksholmsvägen 291, 233 76 Klågerup"
ERON Byggkonsult AB,556890-7439,,"Kapellgatan 12 Lgh1104, 271 31 Ystad"
Kerstin Bohne AB,559051-1480,,"Stenshult 420 Lägenhetsnr 1001, 473 91 Henån"
M. Arkitektur AB,559117-2522,,"Tallåsvägen 17, 182 75 Stocksund"
Tom Tag AB,559309-2876,,"Tomtagatan 4 c, 619 30 Trosa"
Aktiebolaget Letina,556310-9783,Telefon 08-753 08 50,"Klippgatan 14 c, 116 35 Stockholm"
Biversten Arkitektfirma Aktiebolag,556332-0273,Telefon 0500-41 42 30,"Rådhusgatan 1, 541 40 Skövde"
Arkitekt Magnus Månsson Aktiebolag,556341-9877,,"Ovanskogsliden 6, 416 56 Göteborg"
Agency for Adaptive Architecture AAA AB,556574-6152,Telefon 079-351 34 61,"Östgötagatan 26, 116 25 Stockholm"
G & G Consulting AB,556705-4902,,"Bondegatan 24, 904 21 Umeå"
Into the Wild AB,556773-7886,,"Örnstigen 12, 780 91 Sälen"
A and A Kungsten AB,556963-8348,,"Larsbergsvägen 48, 181 39 Lidingö"
AB Arkitekt Bengt Strandberg,559067-4395,,"Moa Martinsons Gata 11, 632 28 Eskilstuna"
The rug project Stockholm AB,559174-0799,,"Wadköpingsvägen 15, 168 39 Bromma"
Nordh Arkitektur AB,559517-8509,,"Gamla Särövägen 38, 436 42 Askim"
c/o jannika AB,556889-7630,Telefon 070-456 18 72,"Hornsgatan 29 d, 118 49 Stockholm"
ARKO Thomas Klevås Arkitektkontor AB,559523-7883,,"Hammars Parkväg 35, 216 30 Limhamn"
Hemma hos M AB,556564-0637,Telefon 042-21 06 00,"Johan Banérs Gata 38, 254 40 Helsingborg"
House of Emy AB,556783-4006,Telefon 08-441 28 12,"Älvesta 110, 692 92 Kumla"
Åsa Lundberg Arkitektur AB,556978-9885,,"Tegelviksgatan 54, 116 41 Stockholm"
Andrén Stadsbyggnad AB,559078-3196,,"Grönbrinksgatan 2, 117 59 Stockholm"
C.K Måleri AB,559262-9736,,Stockholm
Coastwave Invest AB,559312-1113,,"Katjavägen 6, 269 37 Båstad"
Freshwater Studio AB,559342-3923,,"Kvarnsjövägen 10, 132 39 Saltsjö-Boo"
Termino C 14332 AB,559360-2013,,"c/o Citadeller Likvidationer AB, Strandgatan 7, 185 32 Vaxholm"
Well Valley AB,559362-8547,,"Baltzarsgatan 26, 211 36 Malmö"
INRE REDA AB,559419-4028,,"Ullån 180, 837 98 Åre"
Philip Tornberger Design AB,559432-3528,,"Josefs Väg 9, 439 52 Åsa"
Anna Kawai Arkitekt AB,559483-5505,,"Vidkärrsallén 2 c, 416 75 Göteborg"
Niklas Ankar AB,556656-7318,Telefon 08-663 19 97,"Kristineholm Herrgården 1, 762 97 Edsbro"
ValQual AB,556766-8180,,"c/o Advokaterna Söderman & Bergsten HB, Box 83, 795 22 Rättvik"
Johannes Book AB,559002-7594,,"Strandmarksvägen 56 a, 231 92 Trelleborg"
Fedra Interiors & Antiques AB,559044-4807,,"Karlavägen 74, 114 59 Stockholm"
AR-T Arkitekter & Ingenjörer AB,559245-2113,,"Nygatan 13, 903 27 Umeå"
Studio Wickström AB,559305-7929,,"Pilotgatan 8 Nb, 128 32 Skarpnäck"
Grön Design i Örebro AB,559525-1819,,"Vekhyttan 3289, 716 93 Fjugesta"
Studio Nod AB,559534-6619,,"Sveavägen 24-26 4 Vån, 111 57 Stockholm"
Ekvilibrium Talarförmedling AB,556474-9512,,"Hotellvägen, 133 35 Saltsjöbaden"
Studio A Arkitekter AB,556619-7918,Telefon 070-779 39 98,"Björkliden 3, 703 58 Örebro"
Fabienne Wingstrand AB,559048-4530,,"Gaterseredsvägen 7 b, 427 50 Billdal"
Arenander Project Consulting AB,559214-4900,,"Sjöbrisvägen 53, 761 91 Norrtälje"
Jankov Trädgårdsdesign AB,559229-0182,,"Sparvgatan 11 m, 283 35 Osby"
Patma by Sjoberg AB,559339-7168,,"Arenavägen 3, 191 35 Sollentuna"
Martin Architecture AB,559361-1865,,"Mälarvägen 30, 756 53 Uppsala"
Grace interiör & design AB,559425-1497,,"Borgmästarvägen 18, 618 35 Kolmården"
Loggia Arkitekter AB,556476-6383,Telefon 070-657 66 44,"Rödabergsbrinken 10, 113 30 Stockholm"
Greitz XS AB,556961-0438,,"Carl Anderssons Gata 3 Nb, 185 32 Vaxholm"
Hamtil AB,559035-2752,,"Tulpanvägen 7, 125 53 Älvsjö"
Linnen AB,559069-1027,,"Odengatan 98 Lght 1402, 113 22 Stockholm"
Isammahus AB,559215-6508,,"Ouvertyrvägen 9, 245 42 Staffanstorp"
Stylish Stockholm AB,559432-7529,,"Nytorpsvägen 1, 135 68 Tyresö"
OnM Design Studio AB,559484-2535,,"Fornahässlevägen 20, 283 96 Killeberg"
MARK & LANDSKAP i Väst AB,556703-8699,Telefon 070-444 80 13,"Aspholmsgatan 17, 553 23 Jönköping"
studio näv aktiebolag,556988-4256,,"Midsommarslingan 2, 126 30 Hägersten"
Gullbrantz Inredningsarkitektur AB,559394-2633,,"Odlingsgatan 82, 442 53 Ytterby"
Onix International AB,556720-6205,Telefon 042-15 09 59,"Långgatan 19 b, 263 33 Höganäs"
IT-Tjänster i Markaryd AB,556973-4485,,"Esplanaden 2, 285 31 Markaryd"
NAN SOLID AB,556984-5471,,"Stenhammars Väg 4, 756 49 Uppsala"
"If There's A Will, There's A Way AB",559003-4699,,"Uddevallagatan 28, 416 70 Göteborg"
Lovisa Dahlbo AB,559094-4269,,"Frejgatan 23, 113 49 Stockholm"
Mathilda Almer AB,559130-5759,,"Sporrvägen 35, 181 41 Lidingö"
Maine AB,559379-9587,,"Gröndalsvägen 23, 117 66 Stockholm"
Teppan plan AB,559381-4535,,"Allan Edwalls Gata 3, 126 54 Hägersten"
Nivan Design AB,559390-5549,,"Kopparvägen 20 Lgh 1302, 176 72 Järfälla"
Strukturstudion AB,559402-1452,,"Jävrevägen 26, 944 94 Jävrebyn"
Asmussens Arkitektgrupp AB,556564-6816,Telefon 08-551 508 50,"Kulturcentrum Järna 13, 153 91 Järna"
Medrum i Göteborg Aktiebolag,556566-1328,Telefon 070-182 12 10,"Ullevigatan 19, 411 40 Göteborg"
"Tempera, Carola Bratt, Arkitektkontor AB",556611-0994,Telefon 08-662 41 90,"Östermalmsgatan 68 e, 114 50 Stockholm"
Alessandro Ripellino arkitekt AB,556955-3588,,"Lindevägen 22, 120 48 Enskede Gård"
ETTARK Arkitektur AB,559000-1961,,"Dalavägen 40, 426 68 Västra Frölunda"
hedvallskogh AB,559286-7773,,"John Ericssonsgatan 7, 112 22 Stockholm"
Adam Gustafsson AB,559294-4804,,"Främlingsvägen 7, 126 48 Hägersten"
Benjamin Art Consulting AB,559405-6524,,"Tegnérgatan 40 Lgh 1408, 113 59 Stockholm"
Alster Collective Sthlm AB,559416-5499,,"Falkvägen 57, 183 50 Täby"
Madelene Larsson Arkitektur AB,559422-7620,,"Rödabergsgatan 9 a, 113 33 Stockholm"
FrostByte Books AB,559490-3378,,"Lindholmsvägen 3 b, 417 57 Göteborg"
Fotograf Martina K Svensson Dynamic Eye AB,556493-0286,Telefon 08-664 36 62,"Chamottevägen 4, 134 46 Gustavsberg"
MIK Möbel & Inredningskonsult AB,556582-9636,,"Henriksdalsringen 43 3tr., 131 32 Nacka"
Sörling Konsult AB,556922-0766,,"Vist 903, 523 37 Ulricehamn"
New Station House AB,559012-0787,,"Utlandagatan 12, 412 61 Göteborg"
Bräckegården i Åre AB,559076-9518,,Åre
Axelsson & Axelsson arkitekt- och ingenjörsbyrå AB,559297-7887,,"Vingalandsgatan 5 Lgh 1201, 417 63 Göteborg"
DoubleLine arkitekt AB,559303-0744,,"c/o Wais Ashrafy, Södra Järpetan 508, 654 54 Karlstad"
Atelier Heyman Hamilton AB,559339-9099,,"Russinvägen 89, 123 59 Farsta"
Jentzen Inredningsstudio AB,559379-5387,,"Bränningestrandsvägen 47, 151 39 Södertälje"
Media fastigheter Norden AB,559424-5333,,"Cedergrensvägen 36, 126 36 Hägersten"
Landsbygdens Hus AB,556393-3893,Telefon 0418-43 90 95,"Lilla Lökagården 2775, 268 76 Kågeröd"
carma-ark AB,559471-2233,,"Johan Banérs Väg 4, 182 75 Stocksund"
KPI Ventures AB,556560-3346,Telefon 08-653 45 65,"Siloplatsen 8, 131 31 Nacka"
Effektgruppen Kommunikation AB,556581-5452,,"Strömgatan 36, 856 43 Sundsvall"
Up Above AB,556917-1969,,"Skolvägen 28, 182 48 Enebyberg"
Henrik Nyman Invest AB,559142-8510,,"Lilla Solsätervägen 9, 424 70 Olofstorp"
Mattias Gunneflo Arkitektur AB,559202-0639,,"Apelgrensgatan 3, 426 79 Västra Frölunda"
Kypert AB,559318-7197,,"Gränsvägen 50, 312 60 Mellbystrand"
TALL arkitektur AB,559364-8701,,"Malmgatan 29, 386 60 Mörbylånga"
Thøger Studios AB,559366-5986,,"Södermannagatan 59, 116 66 Stockholm"
Lifting-Beauty Skönhetsklinik AB,559432-6976,,"c/o Advokatbyrån Katarina Wikström AB, Norra Drottninggatan 16, 1 Tr, 451 31 Uddevalla"
Building From Above AB,559475-6578,,"Rörsjögatan 26, 211 37 Malmö"
Skinny Architect Aktiebolag,559515-4914,,"S:T Knuts Torg 12, 211 57 Malmö"
Inger Thede Arkitekt AB,556399-1339,Telefon 042-26 04 31,"Jungmansgatan 16, 252 70 Råå"
Schibbye Landskap Aktiebolag,556507-3458,Telefon 0611-790 15,"Gånsvik 186 Härnön, 871 66 Härnösand"
Mikael Ried Arkitekt Aktiebolag,556509-6285,Telefon 08-653 44 25,"John Ericssonsgatan 6, 112 22 Stockholm"
Kynab AB,559074-0550,,"Kyna 332, 784 78 Borlänge"
Tolvnittiofem AB,559269-4169,,"Smörblommevägen 10, 245 63 Hjärup"
Göteborgs Premium Flytt AB,559526-7765,,"Karolinernas Gata 2, 422 47 Hisings Backa"
Kraft Arkitektur och Design AB,556938-9595,,"Fatburs Kvarngata 22 2 Tr, 118 64 Stockholm"
TYPARK AB,559128-0572,,"Guttvik 7, 464 94 Mellerud"
Greenterior Design by BELA AB,559267-2223,,"Abborrvägen 20, 134 63 Ingarö"
Gunnar Jensen AB,559345-3961,,"Grimstagatan 34 6tr, 162 56 Vällingby"
Liwon AB,559417-4681,,"Norra Breviksvägen 72, 421 67 Västra Frölunda"
Kontoret Gatan AB,559457-2876,,"c/o Bolagspartner avveckling, Box 1067, 221 04 Lund"
Jovlunden Arts Aktiebolag,559503-9594,,"Hedmans Fjällby 15, 837 95 Undersåker"
Bon Living & Interiör AB,556239-4923,Telefon 073-517 61 05,"Kvarntorpsvägen 14 a, 183 55 Täby"
Chezmed Aktiebolag,556739-2443,,"Ferievägen 68, 168 41 Bromma"
Wanqvist arkitektur och produktion AB,556951-8409,,"Hornsgatan 166 7tr, 117 28 Stockholm"
Pyk och Nyrén arkitekter AB,559152-6461,,"Sankt Eriksgatan 46, 112 34 Stockholm"
Synaps arkitekter AB,559363-3141,,"Ljungvägen 22, 247 52 Dalby"
Kontrollansvarig i Göteborg AB,559451-2252,,"Älvornas Väg 60, 446 34 Älvängen"
Luminarcis AB,559493-0918,,"Måns Bryntessonsplatsen 4 b, 415 15 Göteborg"
BUS Living AB,559495-3175,,"Sellebergavägen 14, 267 40 Bjuv"
Göran Andersson Arkitektkontor AB,556596-6875,,"Alviksvägen 231, 167 65 Bromma"
M Lidqvist Projekt AB,556677-7180,Telefon 0498-48 08 84,"Toffelgränd 3, 623 51 Hemse"
Malin Design Studio AB,559078-0838,,"Bellmansgatan 25, 118 47 Stockholm"
Design by Cornelia Sweden AB,559117-7547,,"Krusegatan 30, 212 25 Malmö"
Spira Arkitekter AB,559124-9213,,"Alströmergatan 45, 112 47 Stockholm"
Modig Properties AB,559223-5088,,"Barnhemsgatan 4, 802 54 Gävle"
De nada AB,559239-7490,,"c/o Sara Rödström & Linus Skoglund, Torpegården 7, 530 30 Tun"
Havsön AB,559393-7120,,"Domarevägen 9, 475 42 Hönö"
Rothman World Wide AB,559398-6028,,"Repslagargatan 6, 118 46 Stockholm"
Caroline Hertz Arkitektkontor AB,556599-2319,,"Fjelievägen 15 c, 227 36 Lund"
Colline Des Hiboux AB,559097-7350,,"Kolonivägen 31, 122 32 Enskede"
Reality Work AB,559106-7607,,"Vänortsstråket 1 c 1tr, 191 61 Sollentuna"
Arkitekt Almstedt AB,559144-3774,,"Billjergatan 4, 633 56 Eskilstuna"
N.G Consulting & Finance AB,559215-9205,,"Cirkusstigen 29, 603 83 Norrköping"
Numells KA & Byggkonsult AB,559241-3081,,"Gunnars Väg 6, 311 68 Slöinge"
Lycke Projekt AB,559323-7927,,"Skrivarevägen 72, 442 50 Ytterby"
Increa Design i Sverige AB,559409-5100,,"Varuvägen 1, 246 42 Löddeköpinge"
Tidevarv Arkitektur AB,559433-0069,,"Egnahemsvägen 61, 141 37 Huddinge"
Slutplattan HAPRA 126841 AB,556253-9238,,"c/o Bolagsstiftarna AB, Box 12086, 402 41 Göteborg"
Groundhog Arkitekter AB,556596-5208,,"Korsuddsvägen 9, 132 42 Saltsjö-Boo"
Personal Style Agency in Sweden AB,556671-9620,Telefon 0159-136 80,"Mellantäppsvägen 6, 647 31 Mariefred"
ARKEN Arkitekter AB,556745-7790,Telefon 08-442 75 80,"Palettgränd 7, 168 50 Bromma"
JL Willerstrand AB,556818-4781,,"Flygfältsgatan 22, 423 37 Torslanda"
Stapleton + Partners Landskapsarkitekter AB,556915-8131,Telefon 073-402 84 68,"Bergsvägen 59, 181 31 Lidingö"
Solution Plus AB,559016-4819,,"Bråvallavägen 13 f, 182 66 Djursholm"
Klovis Communications AB,559221-1758,,"Klovavägen 1, 439 62 Frillesås"
Turegård Inredning & Styling AB,559491-3179,,"Kaprisvägen 22 c, 611 46 Nyköping"
C Wingren Landskap Aktiebolag,556500-6920,Telefon 070-710 41 11,"Holmavägen 54, 277 36 Vitaby"
Predesta AB,556767-4493,Telefon 070-789 38 48,Stockholm
AA Fastighetsförädling AB,556982-6380,,"Olof Skötkonungsgatan 17 a, 412 67 Göteborg"
ReFurn Holding AB,559054-6411,,"Sika 70, 761 48 Norrtälje"
Eva Bratell AB,559175-8874,,"Solrosstigen 7, 133 36 Saltsjöbaden"
Splintved Arkitektur AB,559267-4658,,"Mölnbovägen 4 b, 153 32 Järna"
Christer Carlson Arkitekter AB,556580-9877,Telefon 08-650 75 20,"Erstagatan 24 4tr, 116 36 Stockholm"
Rune Gustafsson Arkitekt AB,556772-0239,Telefon 08-545 722 26,"Kanalstigen 30, 172 75 Sundbyberg"
Azita Hedayati AB,559178-9093,,"Nybergsgatan 3, 114 45 Stockholm"
Jack Dalla Santa Arkitektkontor AB,559332-8858,,"Tavastgatan 2 b, 118 20 Stockholm"
Cecilia Hahn AB,559371-1244,,"Västmannagatan 87 b, 113 26 Stockholm"
Tobias Thiel Arkitektur AB,559457-7453,,"Folkungagatan 55, 116 22 Stockholm"
Sund Arkitekt och Design AB,559292-0671,,"Stensövägen 78 Lgh 2012, 392 57 Kalmar"
Design By Olsson AB,559299-0138,,"Lillsvängen 19, 285 36 Markaryd"
Linnéa Efraimsson Arkitektur AB,559314-3141,,"Fridkullagatan 27, 523 41 Ulricehamn"
Sewi arkitektur AB,559447-8876,,"Slingerstigen 3, 593 92 Västervik"
Val Val AB,556744-4509,,"Böckarebacken 5, 269 94 Båstad"
David F. Aschbacher Arkitekter Aktiebolag,556329-3702,Telefon 08-511 807 02,"Generalsvägen 118 e, 184 52 Österskär"
CDESIGN Köpmanholmen AB,556835-7809,Telefon 070-527 70 70,"Västra Dalgatan 75, 891 30 Örnsköldsvik"
KBD Group AB,556917-3411,,"Lokattsbacken 65, 426 74 Västra Frölunda"
Facette AB,559242-0078,,"Arkitektvägen 82, 168 32 Bromma"
Projekt Kök Jönköping AB,559266-7132,,"Odensjöringen 75, 556 31 Jönköping"
Arkitekt Mats Persson Alnö AB,559294-0224,,"Dehlinsvägen 34, 865 92 Alnö"
ENGSROOM AB,559385-2923,,"Bergakungen 3, 793 32 Leksand"
Rotstein Arkitekter AB,556546-7239,Telefon 08-545 492 00,"Odengatan 85 5tr, 113 22 Stockholm"
K.O.P.NILSSON ARKITEKTUR&DESIGN AB,556839-9223,,"Öjaby Nöbbele Rockebäck, 355 93 Växjö"
Lex interiör och design AB,559466-5290,,"Albods Väg 26, 193 40 Sigtuna"
Nyskap AB,556863-4447,,"Fullerstakvarnsvägen 25, 141 32 Huddinge"
Decor by U.L. AB,559340-7470,,"Kaptensgatan 13 a Ög 2 Trappor, 114 57 Stockholm"
Caisa Linde AB,559398-4833,,"Attundavägen 60, 168 58 Bromma"
Bonum Norr AB,559433-0812,,"Ledningsv 5, 942 36 Älvsbyn"
Jade Media AB,559468-8359,,"Plöjarvägen 25, 151 50 Enhörna"
Bendix Tegnell Arkitekter AB,559166-4700,,"Klippvägen 17, 131 42 Nacka"
Termino C 14628 AB,559260-0646,,"c/o Citadellet Likvidkationer AB, Strandgatan 7, 185 32 Vaxholm"
Unnar Kristmannsson Arkitekt AB,559411-4570,,"Gnistvägen 14, 549 37 Skövde"
Pontvik Arkitekter AB,556294-6458,Telefon 08-21 37 15,"Tomtebogatan 17, 113 39 Stockholm"
Bröderna Skogh formgivning AB,556638-2262,Telefon 031-711 04 00,"Högagårdsvägen 30 a, 423 70 Säve"
Torbjörn Gustafsson Arkitektkontor AB,556694-9672,,"Visnums-Kilsvägen 52, 681 93 Kristinehamn"
Ågrahn Projekt AB,556769-3543,Telefon 090-15 98 57,"Bergsboda 222, 905 96 Umeå"
Lapisma AB,556886-4747,,"Grötviksvägen 16 b, 302 40 Halmstad"
Jenny & Martin AB,556890-5342,Telefon 072-333 22 04,"Norra Åsvägen 40, 184 52 Österskär"
Trolleboda Konsult AB,559006-9117,,"Älvängsvägen 10, 372 90 Ronneby"
Ulltand AB,559259-1316,,"Mellby Byväg 9, 277 35 Kivik"
Skipstone Brands AB,559262-8621,,"Enåbadsvägen 2, 795 32 Rättvik"
Edwartz & Ek Consulting AB,559379-9108,,"Borgmästarevägen 4, 521 41 Falköping"
Stjernberg Hultén Ehrenborg Arkitekter AB,556151-9447,Telefon 070-966 72 32,"Södra Vägen 61, 412 54 Göteborg"
GORA Invest AB,556173-0184,Telefon 031-93 64 66,"Berzeliigatan 12, 412 53 Göteborg"
Arcobello AB,556358-4670,Telefon 070-308 85 05,"Brunndalen 7, 471 71 Hakenäset"
Inne Stockholm AB,556655-1916,Telefon 08-22 25 90,"Mekanikervägen 1 b, 146 33 Tullinge"
STEAMPHASE AB,556819-7072,,"Brytsbo Viddviken 6, 610 25 Vikbolandet"
Ola Rune Design AB,556987-9488,,"Nordenflychtsvägen 62, 112 51 Stockholm"
Arkitekten Dan Söderquist AB,559121-9174,,"Stampgatan 8 3tr, 411 03 Göteborg"
LOIS Holding Group AB,559138-6247,,"Lilla Tinnerbäcksgränd 18, 587 51 Linköping"
Erall Interiör & Design AB,559248-8901,,"Evensås 402, 451 78 Fiskebäckskil"
Lindells måleri AB,559284-4988,,"Dalstadsvägen 11, 719 30 Vintrosa"
Enstaka i trä AB,559339-3654,,"Brittsommargränd 9, 135 61 Tyresö"
Xing Solutions AB,559463-8529,,"Wendelsvägen 15 b, 435 35 Mölnlycke"
Jenny Lundahl Arkitektur AB,556253-5525,,"Duvholmsgränd 14, 127 41 Skärholmen"
Aaro Arkitektkontor Aktiebolag,556585-8361,,"Strandpromenaden 41, 131 50 Saltsjö-Duvnäs"
MPA Ark AB,556938-9090,,"F e Elmgrens Gata 1, 553 16 Jönköping"
Stenhuggardottern AB,559348-1616,,"Österplana Sandhagen 3, 533 94 Hällekis"
Westervikens Trädgårdsdesign AB,559378-5024,,"Blåhakegatan 8, 593 42 Västervik"
Projexia AB,559551-0180,,"Westerbergs Gata 19, 302 26 Halmstad"
Stora B i Järfälla Aktiebolag,556275-5545,,Järfälla
CMW Guld & Optik i Karlstad Aktiebolag,556379-7892,Telefon 054-21 04 40,"Killstad 160, 655 93 Karlstad"
Seglora Vintage i Borås AB,556445-6167,Telefon 070-620 96 36,"Slätthult Gård 1, 504 94 Borås"
Nod 55 Arkitektur & Konst AB,556827-9904,,"Allmänna Vägen 13 d, 414 60 Göteborg"
Myzehe AB,559119-4799,,"Svanvägen 1, 611 62 Nyköping"
Gösta Olsson Landskapsarkitekt AB,559151-0572,,"Sjöviksbacken 5, 117 57 Stockholm"
Bygg och konsult i Varberg AB,559322-9403,,"Sjöö 13, 432 77 Tvååker"
Thor Bone and Landscaping AB,559327-8640,,"Murkelvägen 7, 756 46 Uppsala"
Caroline Odd AB,559428-3748,,"Vänstavägen 25, 734 51 Kolbäck"
Slower AB,559505-7950,,"Kärrsmossegatan 3, 418 71 Göteborg"
Erik Valdemar Holding AB,559558-8764,,"Sysslomansgatan 22, 112 41 Stockholm"
a plus arkitekter AB,556430-2155,Telefon 08-658 58 10,"Mäster Samuelsgatan 44 Lgh 1308, 111 57 Stockholm"
Westerberg & Co. Arkitektur & Design AB,556438-7792,Telefon 08-30 75 00,"Sysslomansgatan 14 7tr, 112 41 Stockholm"
Bouvin & Co AB,556869-9705,Telefon 076-180 02 03,"Södergatan 39, 432 44 Varberg"
Phoslab AB,556932-9849,Telefon 08-677 00 96,"Hantverkargatan 77, 112 38 Stockholm"
Hoflin Holding AB,559044-4922,,"Vallarvägen 112, 846 97 Bruksvallarna"
Festen & Resten Sundsvall AB,559056-7433,,"Tångstavägen 25, 864 32 Matfors"
Noyoga AB,559131-0726,,"Valla Torg 59 Lgh 1501, 120 56 Årsta"
Micaela Creative Group AB,559150-6109,,"Lärjungevägen 43, 136 69 Vendelsö"
Atlant Arkitekter AB,559159-8346,,"Skönviksvägen 262, 122 42 Enskede"
Odda Design Studio AB,559202-7071,,"Långhalsvägen 6, 120 50 Årsta"
GC Arkitekt AB,559284-4996,,"Rissnavägen 19, 163 42 Spånga"
R. Moresco AB,559350-2551,,"Kiviksvägen 17, 168 54 Bromma"
Bauta Studio Arkitektur och Design AB,559376-5604,,"Hovås Bautastensväg 8, 436 50 Hovås"
Termino C 14623 AB,559429-1493,,"c/o Citadellet Likvidationer AB, Strandgatan 7, 185 32 Vaxholm"
Loop Concept Studio AB,559443-2238,,"Platensgatan 18, 582 20 Linköping"
Lillängens Trädgård AB,559510-4513,,"Dunketorp Lillängen, 597 97 Åtvidaberg"
Martina Kind Studio AB,559510-6187,,"Nysätravägen 14, 181 61 Lidingö"
Vega Mats Andersson Arkitektkontor AB,556433-3440,Telefon 040-17 46 80,"Gulmårevägen 22, 231 75 Beddingestrand"
C R Janson Arkitektur Aktiebolag,556524-0552,Telefon 070-533 10 85,"Hävdavägen 70, 276 36 Borrby"
ETAT Arkitekter AB,556916-3677,Telefon 073-330 31 59,"Viktoriavägen 4, 132 37 Saltsjö-Boo"
House of Herta AB,559352-7335,,"c/o Linda Sunqvist, Sjöbjörnsvägen 21, 117 67 Stockholm"
Meja Interiör & Styling AB,559364-3900,,"Lillaskog Österängen 1, 511 98 Hyssna"
Nicoia Digital AB,559391-5332,,"Studentbacken 32, 115 57 Stockholm"
Hus på alvar AB,559510-4802,,"Västerlånggatan 8, 386 50 Mörbylånga"
Snickert Projektledande Arkitekter Aktiebolag,556247-6605,,"Bultgatan 40 b, 442 40 Kungälv"
Propulsion Invest AB,556458-7029,,"Kastellgatan 12 a, 411 22 Göteborg"
CHH Planning Group AB,556988-3795,,"Sätravägen 15, 133 38 Saltsjöbaden"
Motiv Arkitekter AB,559220-3995,,"Gerastorp 2066, 282 76 Hästveda"
Jenny Nyberg Design AB,559258-0822,,"Tavastgatan 45, 118 24 Stockholm"
Recapto AB,559353-7060,,"Korsåkersvägen 47, 226 50 Lund"
Lindhagen Arkitektur AB,559375-9953,,"Åkerbärstigen 16, 125 56 Älvsjö"
Diklev Studio AB,559449-7991,,"Borgenvägen 10, 182 38 Danderyd"
Kavand Interiors AB,559454-1236,,"Lützengatan 4, 115 20 Stockholm"
Stuart et al AB,559464-7082,,"Birger Jarlsgatan 72, 114 20 Stockholm"
Studio Hadjer AB,559532-1141,,"Kaprifolvägen 6, 195 65 Steningehöjden"
Actus Data Aktiebolag,556241-6981,Telefon 08-776 18 11,"Tistelvägen 20, 136 72 Vendelsö"
Göran Sollenberg Arkitekt AB,556477-3090,Telefon 070-518 25 08,"Götgatan 8, 753 15 Uppsala"
Solarus Renewables Sales AB,556715-6145,Telefon 026-820 00,"Atterbomsvägen 30, 112 58 Stockholm"
Anna Ferrari Production AB,556822-2656,,"Tavastgatan 8, 118 24 Stockholm"
Wångark AB,559027-8494,,"Lill-Anners Gata 2, 456 60 Hunnebostrand"
Jonas Lindahl AB,559176-9442,,"Karlbergsvägen 18, 113 27 Stockholm"
Lotta Löfgren AB,559179-1560,,"Karlbergsvägen 18, 113 27 Stockholm"
Huslusen AB,559317-6752,,"Smålatorp 881, 283 93 Lönsboda"
Husarkitekt-ARDI AB,559350-8780,,"Skarpängsvägen 7 a, 187 41 Täby"
Conselli Sthlm AB,559442-7501,,"Gäddkroken 6, 139 40 Värmdö"
MMKarchitects AB,559459-4185,,"Hägerstensvägen 231, 129 35 Hägersten"
Hederus Malmström Arkitekter Aktiebolag,556182-4359,Telefon 08-556 974 00,"c/o Bolagspartner avveckling, Box 1067, 221 04 Lund"
Ulf Alexandersson Aktiebolag,556284-5056,,"Mariedal, 832 51 Frösön"
C/O arkitektur AB,556929-2872,,"Vitabäcksgränd 1, 216 20 Malmö"
Déco Studio Stockholm AB,559169-2537,,"Munkedalsvägen 14, 122 42 Enskede"
Studio Hogand AB,559420-1930,,"Ringvägen 135, 116 61 Stockholm"
Eric A arkitektur AB,559426-3542,,"Russinvägen 57 Lgh 1201, 123 59 Farsta"
G Konsulting Inredning & Snickeri AB,559471-3322,,"Haddetorp 1, 599 94 Ödeshög"
F & A Design AB,556843-3741,,"Geijersgatan 7 b, 411 34 Göteborg"
arkitektur form text - lars gezelius AB,559339-3746,,"Brännkyrkagatan 91, 118 23 Stockholm"
Estersinredning AB,559491-6552,,"Lidaleden 386, 603 81 Norrköping"
Wiberg Management AB,559493-6717,,"Gamla Storgatan 19, 913 31 Holmsund"
AME Projects AB,559494-5940,,"Fabrikörvägen 4 b Lgh 1002, 131 52 Nacka Strand"
Adler Förvaltning & Fastigheter AB,559500-8763,,Stockholm
Neiglick Konsult AB,556244-2250,Telefon 070-812 38 30,"Wittstocksgatan 30, 115 27 Stockholm"
Tingdal Arkitekter AB,556275-4084,Telefon 070-215 25 95,"Matthias Gülichs Gata 1, 254 33 Helsingborg"
Skolarkitekten i Väst Aktiebolag,556490-7433,,"Mellangatan 3, 432 42 Varberg"
Strömbergs Affärer AB,556851-3716,,"Hornsgatan 26 a, 118 20 Stockholm"
Hendefelt & co AB,556857-2746,Telefon 070-749 44 77,"Lerbergets Byaväg 8, 263 52 Lerberget"
Bierne AB,556963-8140,,"Sofiebergsvägen 56, 141 38 Huddinge"
Jonas Täljsten Arkitektur AB,559182-4460,,"Steningevägen 4, 120 39 Årsta"
Orsbo media AB,559314-5831,,"Alsnögatan 14 Lgh 1101, 116 47 Stockholm"
Nalabi Consulting AB,559432-5242,,"Bergsgårdsgärdet 67, 424 32 Angered"
Fidjeland Arkitektkontor AB,556281-7055,Telefon 08-545 157 58,"Renstiernas Gata 12, 116 28 Stockholm"
Eurocon Arkitekter Aktiebolag,556441-5718,Telefon 0320-483 00,"Öresjövägen 23, 511 31 Örby"
KOHLA AB,556608-3787,Telefon 08-34 45 68,"Spanarvägen 6, 132 46 Saltsjö-Boo"
Larob Design AB,556748-5718,,"Tranbärsgränd 8, 165 70 Hässelby"
Regusgruppen AB,556765-4297,Telefon 013-470 72 01,"Långängsvägen 19, 582 72 Linköping"
Amacor AB,556818-7941,,"Lillsjöplan 8 a, 553 20 Jönköping"
Peter Sahlin Projekt AB,556819-7684,,"Sandhamnsgatan 75 a, 115 28 Stockholm"
Zebrano MBW AB,556828-4888,,"Tjärhovsgatan 12, 116 21 Stockholm"
Capacity Management International Sweden AB,556919-6594,,"Erstaviksvägen 46, 138 36 Älta"
MAKAJO AB,559093-5523,,"Barlastgatan 2, 414 63 Göteborg"
Viva Cecilia AB,559165-7597,,"Kyrkogårdsvägen 2, 613 40 Oxelösund"
NOOL Living AB,559178-1157,,"Friggavägen 3, 182 63 Djursholm"
Out Of Ocean AB,559249-4511,,"Valla Västergård Vallby 1, 456 94 Hunnebostrand"
Stilbolaget Väst AB,559295-8101,,"Nedre Fribergs Väg 3, 429 41 Särö"
Sorella Form & Design AB,559474-6009,,"Björkvägen 8, 459 31 Ljungskile"
Bygghjälp och Inredningsdesign I Sverige AB,559484-3798,,"Täppgatan 28 a, 151 33 Södertälje"
Nestopia Vision AB,559507-6927,,"Norrstigen 4 b, 132 47 Saltsjö-Boo"
BLDG AB,559524-8864,,"Blekingegatan 40 a, 116 62 Stockholm"
Ritningshuvudet AB,556935-4714,,"Sankt Eriksgatan 64 Ii, 113 20 Stockholm"
AB Bjerler & Thedin Arkitekter,556999-2653,,"Sundholmsgatan 4 Lgh 1402, 216 41 Limhamn"
Redesign Home i Norrtälje AB,559124-8090,,"Gustaf Adolfs Väg 6, 761 40 Norrtälje"
Joakim Malmqvist Landskapsarkitekt AB,559144-3782,,"Tullgatan 2 a, 632 17 Eskilstuna"
Forsman Arkitektur AB,559215-6649,,"Stenkyrkovägen 21, 471 93 Kållekärr"
Creative Rooms by M AB,559225-0905,,"Hyvelbänksvägen 1, 725 96 Västerås"
ARKAJ AB,559287-9992,,"Strandpromenaden 35, 131 50 Saltsjö-Duvnäs"
AAA Entreprenad- & Fastighetsjuridik i Sverige AB,559291-8451,,"Täppgatan 33 Lgh 1002 Fastighetsjuridik i Sverige Ab, 151 34 Södertälje"
Wonderlandet Cronström AB,559479-9834,,"Hammarby Allé 34, 120 61 Stockholm"
Omerta AB,559495-3803,,"Lövnäsvägen 32, 663 44 Hammarö"
SpeciBelle AB,559500-2113,,"Manhemsvägen 22, 191 43 Sollentuna"
Kulturbygge Per-Inge Mill Aktiebolag,556106-0913,Telefon 023-635 00,"Lorichsvägen 4, 791 37 Falun"
"The Scandinavian Network of Design and Communication, SNDC Aktiebolag",556275-1064,Telefon 031-69 10 70,"Pejlingsgatan 36, 426 76 Västra Frölunda"
Innovark Aktiebolag,556347-3577,,"Långbrodalsvägen 22, 125 32 Älvsjö"
Meteoriten AB,556932-2331,,"Stumsnäs Ångbåtsvägen 1, 795 95 Vikarbyn"
Studsare Style AB,559016-8083,,"Herkulesvägen 11, 141 44 Huddinge"
Bäckström Arkitekter AB,559069-3049,,"Palmgatan 4, 241 31 Eslöv"
Magnus Persson arkitektkontor AB,559224-6580,,"Sundshagsgatan 10, 414 76 Göteborg"
Aestetik AB,559492-1206,,"Södervidingevägen 302-36, 244 93 Kävlinge"
Kungsgården Hem och Trädgård AB,559496-2606,,"Kvänum Kungsgården 3, 535 91 Kvänum"
Ogmios AB,556423-0018,,"Mjölkeröd 5, 457 91 Tanumshede"
Helena Björnberg Art & Design AB,556566-5493,Telefon 08-462 29 90,"Slåttervägen 12 a, 802 70 Gävle"
S Thorsén AB,559015-6450,,"Stora Rör Gustavsgården 1, 549 96 Väring"
ÅKRA ARKITEKTKONSULT AB,559168-9822,,"Bärbo Åkra, 611 94 Nyköping"
Touch of Grace AB,559330-4016,,"Terminsvägen 30, 245 64 Hjärup"
Reppen Lizell Arkitekter AB,556607-5429,,"Runda Vägen 6, 167 51 Bromma"
Plaza Design AB,559086-5613,,"Baltzar Von Platens Gata 3, 112 42 Stockholm"
Hemma hos Mait Fastighetskonsult AB,559274-8783,,"Bonäs Södra Bygata 26, 792 95 Mora"
Lars Wesén Arkitektkontor Aktiebolag,556305-3163,Telefon 046-14 79 80,"Grönegatan 16, 222 24 Lund"
NK Almgren Invest AB,556763-0065,Telefon 070-642 60 98,"Rönhultsvägen 59, 262 94 Ängelholm"
SCANDINAVIAN ARCHITECTURE & DESIGN DEVELOPMENT AB,556873-2027,,"Högbergsgatan 31 b, 116 20 Stockholm"
By Leonnie AB,556919-9820,,"Kyrkgatan 55, 831 34 Östersund"
Maria Celin Inredning & Design AB,556930-2119,,"Konvaljestigen 35, 125 55 Älvsjö"
Schuman Berg Arkitektkontor AB,559141-6242,,"Blommensbergsvägen 149 Lgh 1301, 126 52 Hägersten"
Slutplattan HAPRA 127207 AB,559218-9673,,"c/o Bolagsstiftarna AB, Box 12086, 402 41 Göteborg"
Dennis Westberg Konsult & Bygg AB,559285-5539,,"Daniels Hage 97, 783 90 Säter"
L. Aaberg AB,559288-6518,,"Wixnersvägen 66, 794 92 Orsa"
Helena Cruseman AB,559330-9759,,"Herserudsvägen 14 e, 181 50 Lidingö"
Platsmakeriet AB,559359-4947,,"Eksjögatan 25, 252 51 Helsingborg"
Tallrot Stockholm AB,559462-7928,,"Lerkrogsvägen 4, 126 79 Hägersten"
Altiora AB,559508-9672,,"Barnens Byväg 15, 444 61 Stora Höga"
Curt Eriksson CE-Konsult Aktiebolag,556084-0687,Telefon 0660-37 82 70,"Måndagsvägen 14, 891 30 Örnsköldsvik"
VästArkitekter Aktiebolag,556116-4327,Telefon 0526-140 80,"Karlsgatan 2, 452 30 Strömstad"
Ljuva Rum Stockholm AB,556835-1927,,"c/o ÅSA ERIKSSON LJUVA RUM STOCKHOLM AB, Alphyddevägen 13 Lgh 1301, 131 35 Nacka"
INart AB,556926-6199,,"Grubbensringen 3 4 Tr, 112 69 Stockholm"
ZACCI AB,556945-4878,,"Bokekullsvägen 20, 277 30 Kivik"
Erik Järkil Arkitektur AB,559088-5827,,"Kilanda Kvarn 150, 446 95 Älvängen"
ST Lundvold AB,559201-5373,,"Storgatan 32 b, 541 51 Skövde"
Johnark AB,559394-5974,,"Jämtlandsgatan 154, 162 60 Vällingby"
Nord Design Studio AB,559485-3060,,"Uvedalsgatan 15, 589 31 Linköping"
Karmalm Arkitekter Aktiebolag,556487-9053,Telefon 070-855 53 80,"Karholmsvägen 41, 452 95 Strömstad"
PWAL i Stockholm AB,556735-5374,Telefon 073-091 17 08,"Olof Palmes Gata 14 2tr, 111 37 Stockholm"
Becker Growth Consulting AB,556913-3126,,"Klövervägen 3, 133 36 Saltsjöbaden"
Kastanjebacken Aktiebolag,556993-9563,,"Påarpsvägen 328, 269 95 Båstad"
co.edberg AB,559126-2414,,"Stora Havstoviken 245, 865 92 Alnö"
Studio Labbé AB,559312-7300,,"Rörstrandsgatan 25, 113 41 Stockholm"
Olofsdotter Lindström AB,556282-3764,Telefon 070-713 20 96,"Vittravägen 28, 132 39 Saltsjö-Boo"
Alliance Stockholm Aktiebolag,556401-2788,Telefon 070-557 34 38,"Odengatan 4, 114 24 Stockholm"
Kopare Bild AB,556571-8532,Telefon 08-449 13 15,"Strandvägen 186, 618 35 Kolmården"
The Decorialist AB,559074-3125,,"Kräftvägen 8, 181 29 Lidingö"
Termino C 15346 AB,559270-0941,,"c/o Citadellet Likvidationer AB, Strandgatan 7, 185 32 Vaxholm"
Danieli Consulting AB,559294-1792,,"Kevinge Strand 10, 182 57 Danderyd"
Florescent AB,559351-2634,,"Hornsgatan 61, 118 49 Stockholm"
Klevstad Hagberg AB,559517-8137,,"Vetenskapsvägen 3, 191 37 Sollentuna"
Arkitekt-& Projektledning JE Aktiebolag,556140-3642,Telefon 08-798 91 07,"Hansavägen 11 b, 135 54 Tyresö"
Widenfelt & Co AB,556846-5719,,"Floragatan 11, 114 31 Stockholm"
Luxark AB,556866-8684,Telefon 070-848 11 29,"Primusgatan 77, 112 67 Stockholm"
PetterssonRudberg AB,559163-6732,,"Husabyvägen 23 Lgh 1001, 126 50 Hägersten"
studio andre pihl AB,559176-4336,,"Sallys Gata 40, 216 44 Limhamn"
Lisign AB,559223-9577,,"Nya Nordåsvägen 125, 448 31 Floda"
Thesis group AB,559285-0985,,"Norra Skolgatan 2 a, 264 33 Klippan"
Décor de Linda AB,559393-5959,,"Björnsonsgatan 5, 417 41 Göteborg"
Branegård Studio AB,559470-3729,,"Skonertgatan 22, 426 74 Västra Frölunda"
Studio ENG AB,559491-2163,,"Odelbergs Väg 9, 134 46 Gustavsberg"
De lyckliga AB,556281-0571,Telefon 070-859 15 15,"Biblioteksgatan 4, 374 35 Karlshamn"
Kronander Arkitekter AB,556471-9994,,"Övre Fjällstigen 3, 433 76 Jonsered"
VoT AB,556874-0434,,"Grävlingsvägen 258, 642 92 Flen"
Aventyn AB,556913-7374,,"Jungfrugatan 28, 114 44 Stockholm"
JVMB Fastigheter AB,559062-7666,,"Laxfiskevägen 30, 433 38 Partille"
Formstark in Sweden AB,559092-2802,,"Gösta Lindells Väg 29, 141 68 Huddinge"
johny lindeberg arkitekt AB,559109-8628,,"Raketgatan 15, 413 20 Göteborg"
Isa Aspgård AB,559176-6802,,"Karl Johans Väg 3, 837 52 Åre"
Vinca landskapsarkitektur AB,559193-2131,,"Malmgårdsbacken 3, 146 38 Tullinge"
Alexander Hallberg Arkitektur AB,559280-0691,,"Kvastpricksvägen 17, 423 39 Torslanda"
ELWAT AB,559301-6107,,"Älgstigen 27, 183 56 Täby"
MARKIT Nordic AB,559351-3582,,"Ostindiefararen 21, 417 65 Göteborg"
Apset AB,559396-5303,,"Lokomobilvägen 2 c, 131 58 Nacka"
Svedala real estate invest AB,559401-0968,,"Malmövägen 427, 233 63 Bara"
Alter Native Vision AB,559408-0680,,"Landåvägen 45, 131 49 Nacka"
Idyll garden Sverige AB,559450-3558,,"Katorp 1, 541 95 Timmersdala"
Klingspor Architects AB,559473-5945,,"Roslagsgatan 2, 113 55 Stockholm"
DalKarl i Falun AB,559474-2800,,"Sågvägen 7, 791 51 Falun"
Koch Arkitektkontor Aktiebolag,556291-2732,Telefon 08-555 150 50,"Valhallavägen 131, 115 31 Stockholm"
Holmlund Design AB,556407-0448,,"Forntidsvägen 8, 187 62 Täby"
EUROARCHITECTS AB,556943-6453,,"c/o Franska Handelskammaren, Waterfront Building, Box 190, 101 23 Stockholm"
19 Birds AB,559239-6955,,"Aktergatan 5, 120 66 Stockholm"
Engifurn AB,559299-6572,Telefon 070-825 01 02,"Stationsgatan 3, 611 73 Vrena"
Mats Olsson i Borstahusen AB,559368-5133,,"Kamomillgatan 2, 261 61 Landskrona"
Meiby Arkitekt och Designkontor Aktiebolag,556253-7612,Telefon 046-14 57 51,"Fylkingavägen 5, 224 74 Lund"
FamiljenBoman AB,556753-7112,,"Södra Parkvägen 4 b, 756 45 Uppsala"
Hundstensvallen AB,556794-2221,,"Trallbanevägen 16 Lgh 1002, 134 43 Gustavsberg"
Bock med Nick AB,559119-2587,,"Wallingatan 10, 111 60 Stockholm"
Savalan Trans AB,559254-7920,,"Ålegårdsgatan 39, 431 50 Mölndal"
Thorsholm Förvaltning AB,559314-1947,,"Gårdshorn 38, 519 92 Kungsäter"
CAAK Sverige AB,559334-3659,,"Grindtorpsvägen 17 Lgh 1503, 183 32 Täby"
Rördammens Inredningsbolag AB,559395-8761,,"Olvonvägen 20, 475 32 Öckerö"
Phantom Design and BIM AB,559447-6557,,"Rissneleden 128 b 1103, 174 57 Sundbyberg"
Zin Design AB,559458-4632,,"Folkvisegatan 12, 422 39 Hisings Backa"
MLH Flowers & Design AB,559513-2290,,"Guldvingevägen 11, 141 37 Huddinge"
Bexelius och Co Aktiebolag,556286-3919,Telefon 018-10 83 47,"Östra Ågatan 41 c, 753 22 Uppsala"
TF Project & Concept AB,556937-3813,,"Älvsjö Gårdsväg 2, 125 30 Älvsjö"
JR ARC & DESIGN AB,559242-1381,,"Trollskogsvägen 4, 141 92 Huddinge"
designDOJO AB,559370-5352,,"Prästgatan 16, 252 24 Helsingborg"
Wallgren management AB,556998-2548,,"Birger Jarlsgatan 105, 113 56 Stockholm"
Sand Arkitektur AB,559091-3579,,"Sandhamnsgatan 53 Lgh 1104, 115 28 Stockholm"
OSKERI AB,559099-5899,,"Ängesbyvägen 680, 975 98 Luleå"
Ulrika Spåls Group AB,559175-3024,,"Utvalnäsvägen 86, 805 95 Gävle"
Zero Architects AB,559185-0671,,"Galjevångsvägen 11, 224 65 Lund"
Aarch Arkitekter AB,559344-2154,,"Karlbergvägen 47 a, 113 35 Stockholm"
Sonder Studios AB,559384-8533,Telefon 073-252 63 63,"Vanåsgatan 103, 216 20 Malmö"
Röhällatorpets Inredning & Foto AB,559391-4160,,"Röhällavägen 28, 386 95 Färjestaden"
Viktoria Buskqvist Arkitektur AB,559399-8924,,"Carl Krooks Gata 3 Lgh 1102, 252 18 Helsingborg"
Jessen Ateljé AB,559436-4332,,"Asperögatan 8 b, 414 73 Göteborg"
Studio Milde AB,559438-1039,,"Katarina Bangata 58, 116 39 Stockholm"
Crazy Peaceful Life AB,556260-3315,Telefon 08-545 035 00,"Riddargatan 13 Västra Blockhuset, 114 51 Stockholm"
Byggkvalité Konsult Europa AB,556324-0836,,"Rådmansgatan 79, 113 60 Stockholm"
Ekokultur konsulter AB,556489-6206,Telefon 08-790 85 68,"Bergsunds Strand 29, 117 38 Stockholm"
Shinjitsu AB,556670-8144,,"Gotlandsgatan 58, 116 65 Stockholm"
BREK AB,556837-3467,,"Bergslagsvägen 31, 168 76 Bromma"
Rattfeldt & Co Sverige AB,556903-9653,,"Holmiavägen 9, 181 31 Lidingö"
Fröken Friberg AB,556908-0749,,"Mörbyvägen 47 c, 149 31 Nynäshamn"
Body & Beauty i Halmstad AB,559082-5104,,"Kungsvägen 115, 302 70 Halmstad"
Hall O Marker AB,559223-8850,,"Ringvägen 12, 611 35 Nyköping"
Samanalys Syd AB,559276-7957,,"Bjällerupsvägen 390, 245 92 Staffanstorp"
Trädgårdsdröm i Sverige AB,559281-7927,,"Persuddsvägen 16, 831 52 Östersund"
KNUTAS ARK AB,559339-2391,,"Bågvägen 25 b, 132 50 Saltsjö-Boo"
Arkikri Aktiebolag,556376-9594,Telefon 08-654 31 13,"Hantverkargatan 90, 112 38 Stockholm"
Storedevelopment AB,556949-5798,,"Storgatan 2 h, 647 30 Mariefred"
Byrå redovisning och ekonomitjänster i Uppsala aktiebolag,556961-6781,,"Värnlundsgatan 26, 754 41 Uppsala"
TR Arkitekter AB,559012-1801,,"Ringvägen 27, 133 35 Saltsjöbaden"
Off Campus AB,559077-2603,,"Katarina Västra Kyrkogata 8, 116 25 Stockholm"
RnBz AB,559277-8335,,"Kolsyregatan 4 b, 216 48 Limhamn"
Char Interior AB,559287-8556,,"Arnegårdsgatan 10, 431 49 Mölndal"
Strong Performance by Johanna Svenungsson AB,559312-9710,,"Överstegatan 6 b, 416 57 Göteborg"
Firmitas Arkitektur AB,559375-8781,,"Signe Tillischgatan 6, 169 73 Solna"
Franzelius Form AB,559386-2484,,"Bjurstigen 8, 417 27 Göteborg"
Albin Tengblad Production AB,559458-1414,,"Ernst Ahlgrens Väg 10, 112 55 Stockholm"
Bunker Hill Production AB,556524-5288,,"Lövåsvägen 48, 191 45 Sollentuna"
Skandinavisk Inredning AB,556686-3113,,"Oskarsparken 15 4tr Lgh 1402, 702 12 Örebro"
Franz James Produktdesign AB,556758-1961,Telefon 073-350 20 24,"Skeppsbron 4, 411 21 Göteborg"
Rydberg & Co AB,556801-0572,,"Sandviksvägen 220, 165 70 Hässelby"
Dager & Hultman AB,556829-3384,,"Briggvägen 3, 388 96 Hagby"
Brian Adam Architect AB,556884-1745,,"Mellangatan 34 R405, 621 56 Visby"
Bastiaans Projekt AB,559067-0930,,"Grytnäsvägen 28, 793 92 Leksand"
CAAP HELSINGBORG AB,559143-0003,,"Utmarksgatan 11, 254 54 Helsingborg"
Studio Sterner AB,559266-6399,,"Svarvargatan 2, 112 47 Stockholm"
Golf- och Landskapsarkitekt Björn Eriksson Aktiebolag,556316-2659,,"Furumovägen 13, 806 41 Gävle"
Gunilla Fagerström Arkitekt AB,556586-3346,Telefon 0455-286 22,"Ronnebygatan 4, 371 32 Karlskrona"
Stoned AB,556739-3565,Telefon 08-660 66 96,"Birger Jarlsgatan 77, 113 56 Stockholm"
Dahlhome Consulting AB,559165-7738,,"Hogenäs Industriområde 9, 456 91 Kungshamn"
Celest AB,559275-5259,,"Skolvägen 14, 181 33 Lidingö"
Luxury Home Designs Stockholm AB,559298-6870,,"Fasanvägen 24 a, 192 55 Sollentuna"
W. Formainteriör AB,559336-8755,,"Fägatan 13, 433 51 Öjersjö"
Vilarki AB,559426-1538,,"Sörlyckan 27, 433 69 Sävedalen"
Sunnandal Inredning och styling AB,559479-9206,,"Ulvåsvägen 2, 434 90 Vallda"
ANNIKA von SCHÉELE AB,556328-2069,,"Pipersgatan 16, 112 24 Stockholm"
Våra rum-Inredning & miljö i Helsingborg AB,556691-0963,,"Torstorp 105, 432 98 Grimeton"
Ateljé Wijgård AB,556732-8421,,"Gunnilbo 24, 739 70 Skinnskatteberg"
Axelia Invest AB,556816-9378,,"Vitriolstigen 30, 791 56 Falun"
Boendeproffsen Ewa Sandström AB,556916-3883,,"Västerlånggatan 31 c, 392 33 Kalmar"
Perenna Rum 1 AB,559031-3838,,"Norrstigen 1 a, 181 31 Lidingö"
Projektnord AB,559139-9372,,"Heliodalsvägen 23, 144 63 Rönninge"
Walloschke A + P AB,559199-3398,,"Södra Kungsgatan 4, 972 35 Luleå"
Almada Hospitality AB,559266-5078,,"Holmgatan 4, 211 45 Malmö"
JA Jämtöavan Consulting AB,559318-8963,,"Jämtöavan 91, 955 92 Råneå"
LinnDeco AB,559448-0310,,"Dalagatan 90, 113 43 Stockholm"
Landskapsform AT AB,559448-0815,,"Ekarydsvägen 19, 385 97 Söderåkra"
Pålägg AB,559494-9090,,"Heleneborgsgatan 36 a Lgh 1304, 117 32 Stockholm"
Encanta AB,556717-5269,Telefon 070-888 14 86,"c/o STIG BENGTSSON, Liljeholmstorget 86 Lgh 1402, 117 61 Stockholm"
Nils Palm's Arkitektur & Design AB,556747-3078,Telefon 073-412 27 37,"Lilla Ljungskärsgatan 7, 421 57 Västra Frölunda"
Grönberg Produktion AB,556815-5724,,"Ekorrvägen 4, 438 53 Hindås"
Nilla Gorillah Interior Design AB,559013-3442,,"Ringvägen 40 a, 236 35 Höllviken"
Akt Consulting AB,559026-5830,,"Bröndomevägen 217, 434 79 Vallda"
RitasRitstudio AB,559219-0028,,"Rösetvägen 14, 438 91 Landvetter"
Vertex Konsult AB,559252-4903,,"Linnéplatsen 1, 413 10 Göteborg"
Westelius D.O.T Interiör Aktiebolag,556346-3776,Telefon 070-884 34 66,"Granängsvägen 6, 132 34 Saltsjö-Boo"
Discover Health Stockholm AB,556573-9728,Telefon 08-21 04 77,"Västerlånggatan 75 3tr, 111 29 Stockholm"
Mai Almén Hinderfri Design AB,556644-8527,,"Skarpskyttevägen 12 a, 226 42 Lund"
Arkimo AB,556767-1234,Telefon 0611-261 71,"Solumshamn 134, 871 66 Härnösand"
aken studio AB,556884-7346,,"Näckrosvägen 2, 236 37 Höllviken"
Svensson Arkitektur & Design AB,556915-3652,Telefon 073-254 78 86,"Åvägen 44 b, 296 38 Åhus"
Katharinas Inredning & Design AB,556958-9525,,"S:T Clemens Gata 12, 252 34 Helsingborg"
Södermöja Pensionat AB,556846-5974,,"Rörstrandsgatan 44 Lgh 1602, 113 40 Stockholm"
BRKO Arkitekter AB,559003-2180,,"Ringvägen 127 b, 116 61 Stockholm"
GITA Arkitektkontor AB,559245-2345,,"Mårdvägen 42, 167 56 Bromma"
Design by AG AB,559315-5061,,"Instrumentvägen 2, 961 46 Boden"
Karin Westermark Studio AB,559387-5577,,"Paternostervägen 76, 121 49 Johanneshov"
Aktiebolaget Westerbergeffekten,556276-9009,,"Källsviken 1, 151 96 Enhörna"
Thalbäck Consulting AB,556930-8496,,"Vidablicksvägen 5 c, 135 54 Tyresö"
Soller 20:19 AB,556953-7599,,"Fyrisgatan 14 5tr Lgh 1503, 753 15 Uppsala"
Emma Persson Lagerberg AB,556967-5506,,"Jakob Nilsgatan 24, 211 21 Malmö"
Robin Arkitektur AB,559047-7039,,"Heleneborgsgatan 8 c, 117 32 Stockholm"
Lauritse Gård AB,559048-7137,,"Beleshögsvägen 20, 217 74 Malmö"
EttTillEtt Arkitektur AB,559273-1193,,"Tallstigen 19, 771 40 Ludvika"
Arce Mea Est AB,559335-6156,,"Villavägen 24, 932 52 Bureå"
Keepjar AB,559341-8683,,"Klubbacken 18 Lgh 103, 129 39 Hägersten"
Enark Arkitektkontor Aktiebolag,556259-8184,,"Välljärnsgatan 490, 724 73 Västerås"
Miljö- och hälsoteknik i Skandinavien AB,556671-9810,Telefon 073-525 00 75,"Krukmakargatan 28 Lgh 1502, 118 51 Stockholm"
ME Utformning AB,556797-7854,,"Västra Ryd Prästgård 1, 573 75 Ydre"
Jidström & Gil AB,556966-8519,,"Grindsgatan 52 1303, 118 57 Stockholm"
Clajbanotti AB,559074-0212,,"Dalaslingan 1, 231 32 Trelleborg"
Stilsnack Althin Wistrand AB,559122-1873,,"Matrosgatan 9, 252 70 Råå"
Berga Landskap och Trädgård AB,559244-3732,,"Berga Mellangård, 605 92 Norrköping"
Annika design studio AB,559341-6604,,"Vitmåragatan 9 e, 722 26 Västerås"
Lina Blass Studio AB,559393-2980,,"Dianavägen 17, 115 42 Stockholm"
hos madeleine AB,559461-2870,,"Hangvar Austers 450, 624 54 Lärbro"
Anna Wennerstein Consulting AB,556212-2662,Telefon 08-667 05 00,"Vassvägen 6, 168 57 Bromma"
Preutz Design Aktiebolag,556364-3385,,"Stöcksjö Norra Byväg 8, 905 80 Umeå"
Tvärbanemäklarna AB,556730-4364,Telefon 070-586 30 30,"Birger Jarlsgatan 106 a, 114 20 Stockholm"
Exceptional Home AB,556858-0715,,"Stockaby 5, 829 95 Harmånger"
Brund Arkitekter AB,556868-0978,,"Tunavägen 10, 223 64 Lund"
Färgglatt i Kävlinge AB,556901-3641,Telefon 070-575 14 81,"Harrievägen 197, 244 91 Kävlinge"
Aktiebolaget Herwles,556999-7777,,"Stora Vanstadsvägen 630-3, 275 70 Lövestad"
P RICKBERG AB,559085-1423,,"Bergsunds Strand 40, 117 38 Stockholm"
Örtegren Projektsupport AB,559095-4052,,"Kaptensgatan 5, 611 64 Nyköping"
Mr Morr AB,559142-1671,,"Lilla Hovåsvägen 17, 436 57 Hovås"
Karuscha AB,559142-6589,,"Rosenvägen 3, 441 43 Alingsås"
Mondialma AB,559249-1707,,"Garverigränd 7, 131 60 Nacka"
Emmas rena rum AB,559261-0314,,Lund
Ekoverken AB,559323-3447,,"Maskinistgatan 17 Lgh 1003, 117 66 Stockholm"
Detail Stadion Arkitekter Sverige AB,559376-9366,,"Hallandsgatan 24, 118 57 Stockholm"
Assemblage Atemporal AB,559504-8355,,"Hägerstensvägen 170, 126 53 Hägersten"
M2 Mikael Mattsson Arkitekter AB,556190-3138,,"Brovägen 11, 777 60 Söderbärke"
Introcir Design Aktiebolag,556456-5041,,"Polhemsgatan 15, 112 36 Stockholm"
S8M Holding AB,556763-8282,,"Bergsgatan 20, 112 23 Stockholm"
Sigrid Ö AB,556979-8787,,"Gästgivaregatan 10 e, 576 96 Vrigstad"
by.hårenberg AB,559023-5593,,"Ölmevallavägen 319, 439 51 Åsa"
Eneroth Consulting AB,559031-3796,,"Vilshärads Solrosväg 14, 305 65 Villshärad"
Anjou Arkitektur o Design AB,559183-6415,,"Lovartsgatan 1, 426 53 Västra Frölunda"
Neon Lodge AB,559210-3658,,"Andréegatan 13, 413 29 Göteborg"
Resarö Consulting AB,559310-9233,,"Tantalvägen 9, 185 94 Vaxholm"
Viterstedt Arkitektur AB,559338-2723,,"Hammarby Allé 34, 120 61 Stockholm"
ETJO AB,559339-1427,,"Ivar Claessons Gata 10, 442 32 Kungälv"
Atelier Suha Hasan AB,559359-5399,,"Korpralsvägen 4 Lgh 1304, 177 43 Järfälla"
Helena Bjarne AB,559401-9944,,"Dalagatan 44, 113 24 Stockholm"
Gillberg Arkitekter AB,556601-9716,,"Strandvägen 45, 114 56 Stockholm"
DAWN OF IDEAS AB,556894-2311,Telefon 073-696 18 14,"Nehrmans Väg 11, 224 60 Lund"
Däversjö Arkitektkontor AB,559031-6534,Telefon 070-724 11 54,"Krabbehällen 10, 475 37 Bohus-Björkö"
UNFOLDED STORY AB,559156-9529,,"Spiggans Gata 4 4e, 212 51 Malmö"
Pelle Johansson Miljö- och Samhällsbyggnadskonsult AB,559201-2586,,"Gräsgatan 1, 118 60 Stockholm"
ArchiWara AB,559229-6387,,"Storbergsvägen 35, 141 41 Huddinge"
HAST objects AB,559478-2582,,"Teknikringen 66, 114 28 Stockholm"
Kazemi Consulting AB,559518-9977,,"Äspholmsvägen 21, 127 45 Skärholmen"
Lindau & Lindekrantz Aktiebolag,556099-6497,Telefon 042-12 40 40,"Springpostgränden 2 d, 252 20 Helsingborg"
Gunilla Möller Arkitekt Aktiebolag,556414-0019,,"Norra Kustvägen 1017, 263 76 Nyhamnsläge"
AB Aeon,556677-8006,,"Gustavsgatan 25, 724 60 Västerås"
Blackballoon AB,556878-8342,Telefon 070-397 33 23,"Geijersvägen 2 b, 137 70 Dalarö"
Lilli of Sthlm AB,556879-8424,,"c/o Lilli M Production, Rusthållarvägen 49, 128 43 Bagarmossen"
Rosqvist ÖNO AB,559235-3972,,"Torekovsgatan 9 b, 214 39 Malmö"
CBonde AB,559273-9725,,"Kaptensgatan 14, 114 57 Stockholm"
ursinnet AB,559355-5351,,"Beleshögsvägen 20, 217 74 Malmö"
DLF Studio & Co. AB,559401-8409,,"Mjölnerbacken 12, 174 48 Sundbyberg"
Olovers Konsulter AB,559415-7462,,"August Brodins Gata 2, 784 45 Borlänge"
L S W Invest Aktiebolag,556260-6250,,Gävle
Kristola Wiklund AB,556575-7217,Telefon 070-964 42 71,"Mosebacke Torg 16, 116 20 Stockholm"
dos Santos i Stockholm AB,559054-8086,,"Ringvägen 79, 118 61 Stockholm"
Unwind by Anna AB,559131-3993,,"Lundmans Väg 4, 439 61 Frillesås"
Elina Casell AB,559160-7337,,"Fogdegatan 8, 554 54 Jönköping"
C Lindén Design & Marketing AB,559196-5826,,"Vindögatan 78, 257 33 Rydebäck"
Filipowski Operations Service AB,559236-1181,,Lund
Pellington AB,559302-6593,,"Lidköpingsvägen 21, 121 39 Johanneshov"
Stormpenna konst & författande AB,559389-5898,,"Rödhakevägen 17 c, 756 52 Uppsala"
At The Lake AB,559416-7172,,"Kristineholm Herrgården 1, 762 97 Edsbro"
Börlis Service AB,559466-5902,,"Solhagavägen 32, 143 31 Vårby"
Levodesign Sverige AB,559494-8944,,"Idegransgatan 10, 523 33 Ulricehamn"
by Leonora AB,559524-4962,,"Storgatan 32, 211 42 Malmö"
Lindens gröna trädgård AB,559526-4036,,"Stadshagsvägen 22, 724 60 Västerås"
ArchEland AB,556377-6441,,"Bjurträsk 10, 935 93 Norsjö"
Merom Architects AB,556520-8054,Telefon 08-662 86 66,"Åsögatan 119, 116 24 Stockholm"
Jörnelind Byggkonsult AB,556818-7974,,"Industrigatan 2, 821 41 Bollnäs"
Dan Boson Arkitektur AB,556916-3016,,"Duvstigen 5, 139 41 Värmdö"
Liljefors & Co AB,556937-6568,Telefon 08-505 555 00,"Skogsviksvägen 57, 182 35 Danderyd"
Square feet Interior AB,559028-9939,,"Storgatan 48, 114 55 Stockholm"
PiparKjell Arkitektur AB,559108-6755,,"Vikarevägen 9, 272 95 Simrishamn"
Umjo AB,559126-2323,,"Norrvägen 16, 903 46 Umeå"
Nya planer AB,559133-1615,,"Verkmästaregatan 11, 431 34 Mölndal"
Borinco AB,559202-8699,,"Marielundsvägen 28, 178 92 Adelsö"
Spicymind AB,559266-4725,,"Sankt Eriksgatan 104, 113 31 Stockholm"
KOYA ARKITEKTUR AB,559288-5569,,"Lilla Varvsgatan 24, 211 75 Malmö"
MC Design & Hantverk AB,559294-9498,,"Fartygsgatan 6, 120 70 Stockholm"
Studio Balotis AB,559331-1169,,"Drottningholmsvägen 4, 112 42 Stockholm"
Spikh's Homestaging AB,559334-2974,,"Hökvägen 53, 453 40 Lysekil"
Swedish Dream AB,559378-2989,,"Rävnäsvägen 39 Lgh 1102, 125 70 Älvsjö"
Limealley AB,559410-9802,,"Smedslingan 21, 197 91 Bro"
Rentarc AB,559444-2096,,"Klockarstigen 8, 562 91 Månsarp"
HEiY MARY Sweden AB,559468-6098,,"Silleskärsgatan 71, 421 59 Västra Frölunda"
J.E. Forell Arkitektkontor Aktiebolag,556084-1131,Telefon 042-14 20 00,"Drottninggatan 76 a, 252 21 Helsingborg"
Thorén Design AB,556522-9340,Telefon 070-664 21 06,"Kungsgatan 27 a, 903 21 Umeå"
Landskapsarkitekt Kerstin Torseke Hulthén AB,556548-3426,Telefon 0411-55 64 04,"Resövägen 3, 457 97 Resö"
Karnekalia AB,556709-9154,Telefon 08-34 56 00,"Lillåvägen 43 9 Tr, 128 45 Bagarmossen"
ASJ Konsult AB,556972-9824,,"Gråalsvägen 62, 755 50 Uppsala"
Ripman Design AB,559040-6046,,"Åsgatan 44, 741 45 Knivsta"
Somas AB,559175-5854,,"Liljeholmsvägen 10, 117 61 Stockholm"
Martin Sjöman Invest AB,559188-8051,,"Linnégatan 51, 114 58 Stockholm"
A Spatial Story AB,559304-3689,,"Ljusstöparbacken 1, 117 65 Stockholm"
Jova Ljus AB,559400-5828,,"Alfens Allé 17, 907 53 Umeå"
INAKSHI design AB,559455-8636,,"Kastellgatan 11, 211 48 Malmö"
Alm Arkitektur AB,559473-6281,,"Björngränd 21, 621 57 Visby"
Brut Natur AB,559494-6781,,"Trevna Gränd 4, 128 38 Skarpnäck"
Aktiebolaget Hans Assarsson Inredningsarkitekt,556461-1886,,"Lövgatan 6 c, 431 35 Mölndal"
SKARP STIL AB,556866-5151,,"Brännerigatan 13, 806 45 Gävle"
Fabulous Fake AB,556967-3519,,"Österängsvägen 43 a, 182 47 Enebyberg"
BraArk AB,559125-6325,,"Salongsgatan 46 b, 211 16 Malmö"
BJ by Hedelius AB,559195-8540,,"Löjtnantsgatan 4, 115 50 Stockholm"
Mattias Rosberg Projekt och Design AB,559238-3268,,"Karbygårdsvägen 6, 187 75 Täby"
Jacob Hidemark Arkitektkontor AB,559298-4040,,"Sankt Paulsgatan 35 a, 118 48 Stockholm"
Platskultur AB,559321-1518,,"Rönngatan 6 b, 263 38 Höganäs"
By Design In Focus AB,559417-0564,,"Kungsholms Strand 181, 112 48 Stockholm"
Maria Mässing AB,559440-0839,,"Gillbergavägen 20 d, 632 28 Eskilstuna"
Vajdi Holding AB,559521-6929,,"Skogsmyragatan 11, 749 45 Enköping"
Fullriggaren Aktiebolag,556217-4879,,"Lilla Varvsgatan 48 1 Tr, 442 67 Marstrand"
NIWA Trädgårdsdesign AB,556391-0388,Telefon 070-221 24 22,"Killebäcksvägen 3, 241 74 Stehag"
Bo-Hus-Plan Boo Widen Arkitekt AB,556598-9612,Telefon 031-28 38 21,"Åkeredsvägen 3, 421 63 Västra Frölunda"
Eva Nyberg Arkitektkontor AB,556604-4375,Telefon 070-639 53 93,"Norr Mälarstrand 90 Lgh 1405, 112 35 Stockholm"
A.F. AffärsFörädling AB,556692-5086,Telefon 08-679 70 25,"Ålstigen 14, 139 40 Värmdö"
Häggmark & Häggmark AB,556846-2476,,"Enhörningsvägen 19, 972 51 Luleå"
Aleksander Wolodarski Arkitektkontor AB,556860-4580,,"Skeppargatan 84 v, 114 59 Stockholm"
Valvet AB,556931-7489,,"Aschebergsgatan 35, 411 33 Göteborg"
Meum Learning & Garden Design AB,559071-7285,,"Oxsätra 506, 743 87 Bälinge"
Engstrand Norén Arkitektkontor AB,559078-0093,,"Utkiksbacken 20, 117 67 Stockholm"
Isadeco AB,559087-7196,,"Djuravägen 19, 167 71 Bromma"
Studio Söderrum AB,559205-9926,,"Lerbackavägen 10, 302 92 Halmstad"
Scandinavian Artstore AB,559215-2259,,"Iduns Väg 9, 245 64 Hjärup"
Dingevall kök & design AB,559382-8014,,"Dingvall 44, 457 61 Hällevadsholm"
Nyberg & Groth AB,559452-0644,,"Fryxellsgatan 3, 114 25 Stockholm"
Lundh-Lindvall Konsult AB,559453-4165,,"Västeråsgatan 10 b, 113 43 Stockholm"
ARKITEKTUR & DESIGN by Ankarbranth AB,559461-5899,,"Sandgatan 17, 331 34 Värnamo"
MH Design & Import AB,556275-6469,Telefon 070-453 53 46,"Blackevägen 6 c, 417 16 Göteborg"
Månsson Dahlbäck Arkitektkontor Aktiebolag,556334-4943,Telefon 070-317 43 32,"Hålarpsvägen 180, 269 92 Båstad"
Miranda Stockholm Aktiebolag,556377-3224,Telefon 08-503 016 00,"Sveavägen 166 17tr, 113 46 Stockholm"
Arkitekt Stensson Aktiebolag,556430-2734,Telefon 070-594 15 09,"Gammelgarn Gryngevägen 57, 623 67 Katthammarsvik"
Greger Dahlström Arkitektkontor AB,556532-4521,Telefon 044-24 95 85,"Sockerkokaregatan 8 6tr Lgh 1602, 222 36 Lund"
Samolov Studio AB,556801-3295,Telefon 08-80 13 16,"Skiljevägen 22, 163 54 Spånga"
Sundsvalls Spårvägs Aktiebolag,556827-3238,,"Trädgårdsgatan 11, 852 31 Sundsvall"
Inswedco Ekonomikonsult AB,556880-8587,Telefon 031-82 08 83,"Kängavägen 14, 475 45 Fotö"
Design Counts Aktiebolag,556931-5467,,"Storängsgatan 3, 413 19 Göteborg"
Björk Arkitektur AB,556936-7351,,"Ågatan 18, 172 62 Sundbyberg"
Trappan arkitekter AB,556947-1757,,"Husviksvägen 97, 430 85 Brännö"
Sthlm Contemporary Designs AB,559043-3784,,"Klenavägen 4, 136 69 Vendelsö"
Tryst Stockholm AB,559091-5301,,"Insjövägen 2, 133 36 Saltsjöbaden"
Wayne Enterprises AB,559093-3718,,"Sågsjövägen 8 a, 132 37 Saltsjö-Boo"
St.fabien AB,559162-8929,,"Viktoriagatan 20 b, 411 25 Göteborg"
Nordom Arkitektur AB,559299-4890,,"Musselvägen 6, 432 75 Träslövsläge"
FA Styling AB,559361-7938,,"Stora Varvsgatan 24 c, 211 11 Malmö"
Eggesten Consulting AB,559370-9743,,"Näsbyvägen 6 b, 135 53 Tyresö"
Emme Quick interior AB,559513-7968,,"Plantagegränd 3, 554 52 Jönköping"
MW Arkitekt & Design Aktiebolag,556154-9139,Telefon 031-704 37 67,"Moripegatan 16, 426 69 Västra Frölunda"
Aktiebolaget Liljewallgruppen,556489-1603,Telefon 031-703 34 00,"Sickla Kanalgata 42, 120 68 Stockholm"
Modolo Boards AB,556560-8840,Telefon 070-769 85 30,"c/o Modolo Boards AB, Östra Rönneholmsvägen 13, 211 47 Malmö"
Werner Projekt Fjällbacka AB,556877-9549,,"Vetteberget 24, 457 40 Fjällbacka"
Fiskaregränd AB,556895-7624,,"Fiskargränd 8, 471 51 Klädesholmen"
L inspiration AB,556913-3142,,"Päronkröken 26, 184 60 Åkersberga"
GO:VIDARE AB,556922-2721,,"Mattssonsliden 22, 413 18 Göteborg"
FF Corporation AB,559187-3475,,"Heleneborgsgatan 12 a, 117 32 Stockholm"
Mats Bergvall Consulting AB,559215-1558,,"Djurgårdsslätten 86, 115 21 Stockholm"
House Of Drawings AB,559247-5098,,"Bullerbygatan 56, 212 45 Malmö"
Mistral Group Tjörn AB,559376-8541,,"Hamngatan 44, 471 32 Skärhamn"
Widlöf Gruppen AB,559379-0123,,"c/o Bolagspartner avveckling, Box 1067, 221 04 Lund"
Studio Mejram AB,559431-7272,,"Ivar Vidfamnes Gata 19, 126 52 Hägersten"
Svensson & Waldemar Byggritningar Aktiebolag,556314-4996,Telefon 0157-330 76,"Helgesta Gård Stora Fredrikslund, 649 91 Sparreholm"
RH arkitekt AB,556384-4181,Telefon 040-26 76 00,"Sånekullavägen 3, 217 74 Malmö"
DUBRA arkitekter Aktiebolag,556529-7834,Telefon 076-097 49 18,"Lillsjönäsvägen 47 Lgh 1002, 167 32 Bromma"
Leif Brodersen Arkitektkontor AB,556937-2922,,"Observatoriegatan 18, 113 29 Stockholm"
Jois Arkitektur & Design AB,556979-2319,,"Margaretavägen 20, 122 32 Enskede"
ByVänervik AB,556987-0651,,"Lars Uno Lindbergs Väg 6, 731 11 Kolsva"
Arkitektbruket AB,559057-4686,,"Reavägen 7 b, 175 69 Järfälla"
Evina Home Sweden AB,559069-0649,,"Kustvägen 65, 854 67 Sundsvall"
Josefin Freudmann Design AB,559187-2865,,"Torstensonsvägen 11, 182 66 Djursholm"
Psi Fidelity AB,559222-5923,,"Bergsunds Strand 5, 117 38 Stockholm"
JEEJ Studio AB,559366-9590,,"Långhagen 4, 184 91 Åkersberga"
Castiglioni Hue Design AB,559372-4569,,"Röcklingeås 103, 744 31 Heby"
A1 Design & Arkitektur AB,559392-5174,,"Hörnåkersvägen 10, 183 65 Täby"
XXLS Arkitektur Inredning & Design AB,559417-1240,,"Astrid Lindgrens Väg 2 a, 224 66 Lund"
Magnus Silfverhielm AB,556792-9558,,"Slottsvägen 3 a, 392 33 Kalmar"
Future location AB,556803-2493,,"Björnvägen 12, 181 50 Lidingö"
Skoglund konsult i Jönköping AB,556835-1521,,"Bolagsgränd 1 1201, 553 20 Jönköping"
LOH arkitekter AB,556877-5190,Telefon 070-641 53 34,"Daljunkaregatan 7 b, 791 37 Falun"
Bio Bo AB,556955-2184,,"Västermovägen 84, 125 40 Älvsjö"
Nonpareil AB,556971-8777,,"Pipersgatan 2, 112 24 Stockholm"
Tillgänglighetsbyrån AB,559079-9689,,"Lingvägen 207, 123 61 Farsta"
Karolina Interior Design AB,559135-9129,,"Backgatan 14 Lgh 1101, 972 42 Luleå"
Rtid by Ludo AB,559331-4601,,"Baltzarsgatan 18 Vågning 2, 211 36 Malmö"
Kolala AB,559359-4285,,"Fryxellsgatan 4, 114 25 Stockholm"
Lektorshagen Form & Trädgård AB,559372-0716,,"Kindagatan 45, 582 47 Linköping"
Studio Foorm i Karlshamn AB,559383-5001,,"Gungvalavägen 60, 375 90 Mörrum"
FAWLTY DESIGNS AB,559472-5029,,"Odengatan 28, 113 51 Stockholm"
J.A Inredningsbalans AB,559489-3298,,"Opalvägen 42, 265 75 Hyllinge"
Generius AB,556150-0769,Telefon 08-420 257 07,"Enhagsslingan 23, 187 40 Täby"
Billudden aktiebolag,556366-9299,Telefon 026-51 20 00,"Lundvägen 50, 818 92 Valbo"
Svenska Landskap Högborg AB,556510-7181,,"Arkitektvägen 27, 227 30 Lund"
DF Design AB,556930-5120,,"Sockerbruksgränd 10, 118 42 Stockholm"
Rum arkitekter Rein Martinsson AB,556948-6797,,"Paternostervägen 26, 121 49 Johanneshov"
Ljung Enterprise AB,556996-7044,,"Bankir Zethraeus Väg 8, 139 34 Värmdö"
Kontrollansvarig PBL Didrik Weber AB,559095-7196,,"Svanebäcksgränd 2, 216 20 Malmö"
Linnéa Rönnquist AB,559227-4780,,"Granvägen 21 1301, 432 33 Varberg"
Millans EKA AB,559357-7702,,"Bjälkebräcka 18, 455 96 Hedekas"
Inning Priller Stockholm AB,559360-1601,,"Svartensgatan 6 b, 116 20 Stockholm"
ELAK Ett litet arkitektkontor AB,559395-8852,,"Hantverkaregatan 2 Lgh 1001, 903 22 Umeå"
Torslanda Träteknik P-A Bernhardsson Aktiebolag,556264-6017,,"Kärrs Byväg 1, 423 42 Torslanda"
Ceri Förvaltning AB,556750-5358,,"Grev Magnigatan 9 Lgh 1701, 114 55 Stockholm"
P-O Bonnevier Arkitektkontor AB,556771-2004,Telefon 036-16 82 20,"c/o Per-Olof Bonnevier, Skatgatan 4, 553 12 Jönköping"
Mercibo AB,556783-2174,Telefon 044-402 05,"Snapphanegatan 46, 289 40 Broby"
Dali West AB,559089-9265,,"Drottningholmsvägen 282, 167 31 Bromma"
Lars Henriksson Arkitektur AB,559098-5395,,"Etsarvägen 2, 121 43 Johanneshov"
Idéhuset Gasellen i Varberg AB,559165-0188,,"Magasinsgatan 14 a, 432 45 Varberg"
Inget Nytt Under Solen Aktiebolag,559185-8856,,"Blåeldsvägen 7, 296 34 Åhus"
Skilful AB,559258-5094,,"Gesällvägen 7, 174 53 Sundbyberg"
Christina Gladden Arkitektur AB,559321-8869,,"Hagagatan 3, 113 48 Stockholm"
Studio Paredes AB,559504-6060,,"Nikolaigatan 10, 214 21 Malmö"
BoEssens AB,559505-1037,,"Palissadvägen 14, 141 74 Segeltorp"
Acking och Wedel Arkitektkontor Aktiebolag,556361-9880,,"Korsövägen 29, 182 49 Enebyberg"
TuttiFrutti Arkitekter AB,556364-2841,,"Skogsviksvägen 57, 182 35 Danderyd"
Gregers AB,556490-5387,,"Östra Brinkvägen 31 Lgh 1202, 903 21 Umeå"
Studio Meiling & Meiling AB,556707-1302,Telefon 070-867 26 69,"Hårdvallsgatan 40, 115 46 Stockholm"
Winnberg Arkitektkontor AB,556736-3550,Telefon 070-960 67 97,"Fabriksvägen 5 a, 611 73 Vrena"
Oceanen AB,556940-7793,,"Gruvan 17, 786 92 Dala-Järna"
Markus Driberg AB,556962-9339,,"Älvnäs 14, 785 91 Gagnef"
Tini Warg AB,559033-3174,,"Nioörtsvägen 36, 126 32 Hägersten"
Ann-Sofie Lakso Creative Solutions AB,559043-2752,,"Sjövägen 1, 133 36 Saltsjöbaden"
Axelryd arkitektur AB,559168-0706,,"Tingslagsgatan 22 Lgh 1403, 702 80 Örebro"
Interior Ideas Sweden AB,559172-7051,,"Strandgatan 7, 185 32 Vaxholm"
Bagheri arkitektkontor AB,559196-5248,,"Dalgången 10, 168 41 Bromma"
Nudå Design AB,559212-8820,,"Vasagatan 41 c, 722 15 Västerås"
Parvin Interior Studio AB,559270-7482,,"Larssons Berg 102, 431 66 Mölndal"
UPROXO AB,559281-6069,,"Poppelvägen 16, 452 38 Strömstad"
CariSma Design AB,559391-7387,,"Piparegränd 2 1 Tr, 271 42 Ystad"
MS Homestyle AB,559417-3428,,"Fredriksro 1, 642 97 Bettna"
Lindbladhomeconsulting AB,559419-6742,,"Oskarslundsbacken 7, 117 54 Stockholm"
AXL Arkitektur AB,559476-8250,,"Grötån 216, 459 91 Ljungskile"
Elin Borg Interiors AB,559500-2485,,"Gamlebyleden 6, 590 42 Horn"
MAP Stockholm AB,556764-2466,Telefon 070-782 33 59,"John Ericssonsgatan 6 Lgh 1301, 112 22 Stockholm"
Moodify AB,556873-5178,,"Törsjö 405, 702 33 Örebro"
Kattskär förvaltning AB,556908-5847,,"Konungsund Krongården 1, 610 33 Vikbolandet"
Perini Studios AB,559049-5569,,"Birger Jarlsgatan 62, 114 29 Stockholm"
Lily M Design AB,559081-7275,,"Hantverkarbacken 38 d, 811 61 Sandviken"
Studio Dejawu AB,559129-8327,,"Boulevarden 46 f F1403, 183 74 Täby"
Seyda Design AB,559263-3100,,"Rönnvägen 5, 802 69 Gävle"
Bozpro AB,559353-5684,,"Sandgatan 1, 311 31 Falkenberg"
Serendipity Therapy AB,559365-5383,,"Idrottsvägen 34, 182 47 Enebyberg"
Rosenfeld Consulting AB,559401-6478,,"Skolgatan 21, 753 12 Uppsala"
Logoworks SWE AB,559427-8623,,"Carlsteins Väg 15, 433 34 Partille"
Archit AB,559504-8975,,"Åkerbyvägen 150, 187 37 Täby"
Renglin arkitektur AB,559522-3958,,"Västra Köpmansgatan 3, 371 34 Karlskrona"
Thomaeus Arkitektkontor i Landskrona Aktiebolag,556450-5500,Telefon 0418-291 55,"Rådhustorget 4, 261 31 Landskrona"
Matern arkitektkontor AB,556708-8405,,"Pettersbergsvägen 43 b, 129 40 Hägersten"
Arkitekt Arne P Persson AB,556754-9380,Telefon 0480-36 43 40,"Proviantgatan 19, 392 31 Kalmar"
Formahem i Stockholm AB,556806-0353,,"Solparksvägen 3 Lgh 1503, 169 54 Solna"
Victory 4 Horse Center AB,556841-9989,,"Bänarp 3, 573 91 Tranås"
FINDIA GROUP AB,556906-2200,,"Tågvirkesgatan 4, 232 35 Arlöv"
KvalitetsProjektering R AB,556974-5390,,"Lägerhöjdsgatan 7 a, 185 34 Vaxholm"
Peter Lundbladh arkitektkontor AB,559163-0529,,"Mäster Palmsgatan 4 c, 211 58 Malmö"
Belline Invest AB,559172-3522,,"Kuttervägen 4, 183 53 Täby"
Lindell Arkitektur+Design AB,559172-6566,,"Selmedalsvägen 2, 129 36 Hägersten"
Stockholm Textildesign AB,559256-8900,,"Lövholmsgränd 12, 117 65 Stockholm"
Linkin Labs AB,559267-1639,,"Fridtunagatan 41, 582 13 Linköping"
Speljak Arkitekter AB,559453-3688,,"Kungsängsgatan 57 m, 753 17 Uppsala"
ARC Design Studio AB,559515-1183,,"Fiskare Öhrlunds Gata 8, 193 41 Sigtuna"
Iticomas AB,556209-2485,Telefon 08-84 91 71,"Fartygsgatan 14, 120 70 Stockholm"
Ahlstrand arkitekt & inredning Aktiebolag,556390-2435,Telefon 08-14 06 82,"Högbergsgatan 75 a, 118 54 Stockholm"
Purple Area AB,556709-8727,Telefon 040-43 99 66,"Åkervägen 6, 234 34 Lomma"
Carina Olander Photography AB,556908-2075,,"Persbo Mörkhagen, 461 95 Trollhättan"
Svensson&Partner Arkitekter AB,556933-5465,,"Rådjursvägen 4, 393 50 Kalmar"
Low Orbit AB,559043-5565,,"Finn Malmgrens Väg 3 b 3 Tr., 121 38 Johanneshov"
DIDIMA AB,559072-1675,Telefon 070-054 10 95,"Forsgränd 7 Lgh 1105, 611 32 Nyköping"
Karlavägen Inredning AB,559185-2339,,"Karlavägen 4, 861 43 Sörberge"
Monocron AB,559211-1578,,"Storgatan 15 d, 647 30 Mariefred"
Segura Tillgänglig Arkitektur AB,559278-1859,,"Steffenvägen 5 b, 439 31 Onsala"
Smedjan Arkitektur och Form AB,559287-5065,,"Stävievägen 101, 235 91 Vellinge"
Faremo Interior AB,559330-6094,,"Nedergårdsgatan 7, 416 54 Göteborg"
Fotograf F AB,559450-4689,,"Talldalsvägen 47 b, 141 69 Huddinge"
Happie Art & Consulting AB,559473-5333,,"Hamngatan 5, 456 51 Smögen"
SACH Sweden AB,559477-1346,,"Värmdövägen 240, 131 42 Nacka"
CLK Garden Fusion Design Studio AB,559510-8563,,"Mikrofonvägen 13 Lgh 1306, 126 28 Hägersten"
Julie & Clark AB,556677-1084,,"c/o Citadellet Likvidationer AB (15939), Strandgatan 7, 185 32 Vaxholm"
Innocube AB,556806-8620,Telefon 08-736 18 98,"Borgvägen 13, 192 55 Sollentuna"
Systembygg i Örebro AB,556860-3228,Telefon 070-359 55 79,"Mandelblomsgatan 17, 692 71 Kumla"
MH Homestyling and more AB,556890-9658,,"Vallersviksslingan 27, 184 91 Åkersberga"
Martin Hansson Arkitektur AB,556934-0754,,"c/o Citadellet Likvidationer AB (15644), Strandgatan 7, 185 32 Vaxholm"
Neud Production AB,556937-5776,,"Västra Stockholmsvägen 15, 762 31 Rimbo"
LIONARC AB,559151-6207,Telefon 073-996 87 56,"Vendernas Gata 5, 417 28 Göteborg"
Husart byggkonsult AB,559156-7986,,"Morgonvägen 2, 448 33 Floda"
FRONESIS Arkitektur och Akademi AB,559175-4576,,"Högaholmsvägen 20, 371 38 Karlskrona"
Möller & Möller i Skåne AB,559209-2836,,"Rya Ängaväg 29, 257 30 Rydebäck"
ALNAB Arkitektur & Bild AB,559217-8288,,"Grisslevägen 11, 227 32 Lund"
Italian Art Mikrocement 3D Aktiebolag,559239-6070,,"Sätraängsvägen 8 3 Tr, 182 36 Danderyd"
Fastighetsförmedling Syd AB,559241-1978,,Malmö
Josefines Trädgård AB,559301-8160,,"Björsbyvägen 380, 975 96 Luleå"
A & I Konsult AB,559310-8581,,"Göingevägen 5, 232 54 Åkarp"
Josefine Annerstedt AB,559392-7501,,"Gumshornsgatan 7, 114 60 Stockholm"
Petra Flyktman Consulting AB,559400-1215,,"Sätravägen 48, 155 91 Nykvarn"
Svante Åström Aktiebolag,556181-0150,,"Hjulmakarvägen 15, 735 31 Surahammar"
JJ design och detaljer AB,556618-5855,,"Espås Torpväg 28, 437 34 Lindome"
Wirstad Arkitektur Landskap Ljus AB,556837-4861,,"Snäckvägen 27, 414 75 Göteborg"
Anoria AB,556875-2801,,"Gårdskullavägen 37, 434 41 Kungsbacka"
m3m2 (kubik och kvadrat) AB,556878-8862,,"Långviken 60, 922 66 Tavelsjö"
Pnthaus AB,556943-5240,,"Fogdevreten 10, 171 65 Solna"
Sara Filippa AB,556943-8103,,"Finn Malmgrens Väg 4 b 4tr, 121 38 Johanneshov"
Feyrouz Abdel Baki arkitekter AB,556950-6032,,"Sköntorpsvägen 9, 120 38 Årsta"
Christer Ivemyr Arkitekt AB,559058-8892,,"Lospånga Byväg 48, 725 92 Västerås"
Aifoskela AB,559101-3635,,"Gumshornsgatan 5, 114 60 Stockholm"
Johnen Holding & Consulting AB,559116-4339,,"Gustav Iii:S Väg 115, 168 39 Bromma"
Archtico studio AB,559209-2265,,"Vasterled 43, 167 55 Bromma"
Proarch AB,559229-5116,,"Svarvargatan 17, 112 49 Stockholm"
FriSax AB,559248-0619,,Falun
Kollaget Studio AB,559298-7795,,"Maria Prästgårdsgata 15 a, 118 52 Stockholm"
Astilly Fastigheter AB,559306-1376,,"Ellaparksvägen 5, 187 32 Täby"
Licht arkitektur AB,559338-2616,,"Fredagsgatan 8, 261 61 Landskrona"
Octopus Cooperation Holding AB,559345-4340,,"Slåtterbalksgatan 13, 233 44 Svedala"
Wiss Project Development AB,559420-5147,,"Herdevägen 4, 131 50 Saltsjö-Duvnäs"
Gardipel AB,559423-1838,,"Olofsred Härsjögården 4, 511 98 Hyssna"
Kajsa Hamberg AB,559459-0183,,"Kängavägen 7, 475 45 Fotö"
Style by Tillberg Aktiebolag,559485-5628,,"Granvägen 21 b, 265 32 Åstorp"
ORDNING & INREDNING I BOLLNÄS AB,556694-8302,Telefon 0651-76 82 00,"Edstuga 4381, 821 93 Bollnäs"
Meljo AB,556706-8126,Telefon 046-13 09 13,"Lilla Kolborydsvägen 46, 443 92 Lerum"
ERLA Inredningar AB,556866-1002,Telefon 070-257 12 00,"Fältspatsgatan 2, 421 30 Västra Frölunda"
Archiatros AB,556970-2599,,"Klingsbergsgatan 17, 603 54 Norrköping"
Armicos AB,556996-1955,,"c/o Bolagspartner avveckling, Box 1067, 221 04 Lund"
DAILYROUTINE AB,559029-0861,,"Karlbergsvägen 73 2tr, 113 35 Stockholm"
weDRAW AB,559072-4026,,"Regeringsgatan 85 a, 111 39 Stockholm"
UnityWorks Connect Personnel Company AB,559117-4338,Telefon 076-888 08 78,"Carl-Gustaf Lindstedts Gata 10, 112 69 Stockholm"
Sofias Foto & Interiör AB,559163-7946,,"Romellsvägen 6, 703 56 Örebro"
Heymowski Arkitekter & Konsulter AB,559271-3019,,"Understensvägen 21, 121 53 Johanneshov"
Posterstar Sweden AB,559275-7404,,"Edsviksvägen 31 b, 182 33 Danderyd"
Dalens Livsenergi & Inrederi AB,559292-0333,,"Dalen 170, 442 73 Kärna"
Intexstil AB,559296-4356,,Göteborg
Celias room AB,559372-1128,,"Åsgårdsvägen 20 c, 191 45 Sollentuna"
Wollberg Arkitekt och Konsult AB,559476-5702,,"Korsövägen 10, 182 49 Enebyberg"
Lummete AB,559522-2091,,"Kolonivägen 7, 122 32 Enskede"
Intergarden Aktiebolag,556230-6786,,"Varamovägen 98, 591 52 Motala"
Grad Arkitekter AB,556608-8521,Telefon 08-641 65 40,"Skanörvägen 16, 121 52 Johanneshov"
SWECO Central Europe AB,556633-5831,,"Gjörwellsgatan 22, 112 60 Stockholm"
Meander Inredning AB,556804-4472,,"Sörgårdsvägen 10, 556 33 Jönköping"
Silverark Arkitekter AB,556895-9307,,"Tegvägen 10, 443 42 Gråbo"
Langaeble Stockholm AB,556932-2117,,"Ringarstigen 6 b, 168 58 Bromma"
Gagneur & Bramelid AB,556978-2237,,"Skurusundsvägen 120 a, 131 46 Nacka"
R & F Holding AB,556988-3563,,"Bergagårdsvägen 9 b, 468 31 Vargön"
LE GRAND AATELIER EXTRAORDINAIRE AB,559083-8800,,"Myrbäcksvägen 11, 436 42 Askim"
The Tight Collective AB,559287-8515,Telefon 076-313 85 56,"Bredablicksvägen 15 a, 181 42 Lidingö"
Hela Rum Arkitektur & Stadsbyggnad AB,559362-4686,,"Tullgränd 6 c, 311 30 Falkenberg"
Andersson Consulting AB,559391-4004,,"Venavägen 14, 703 65 Örebro"
Orzini Consulting AB,559450-0851,,Nacka Strand
Background Architecture AB,559474-0796,,"c/o Eamon Keane, Postvägen 5, 311 34 Falkenberg"
Fust Wellness AB,559495-8653,,"Valla Myran 2, 731 96 Köping"
HL Interiör Aktiebolag,556042-4847,Telefon 08-534 806 53,"Kungsgatan 58 1 Tr, 111 22 Stockholm"
Byström & Company Aktiebolag,556633-3182,,"Fågelstensvägen 220, 437 40 Lindome"
Fairwind arkitektur och design AB,556658-3364,Telefon 08-20 48 20,"Sjögrens Väg 1, 139 90 Värmdö"
Render Vision Europe AB,556762-6154,Telefon 070-978 08 88,"Askhult Per Larsgård 207, 311 90 Morup"
Mabilis AB,556773-0204,,"Gunnestorp 33, 432 95 Varberg"
& interiör Karlskrona AB,556773-3240,,"Fortifikationsgatan 9 c, 371 31 Karlskrona"
Nonsolus AB,556780-8471,Telefon 070-829 30 40,"Dadelvägen 15, 184 52 Österskär"
Nordic Art & Design AB,556840-1011,Telefon 070-611 84 03,"Herdegatan 5, 217 74 Malmö"
PWBor AB,556855-1625,Telefon 073-788 94 23,"Enspännargatan 70, 165 57 Hässelby"
Box Unit AB,556896-9025,,"Fredrikslundsvägen 5, 168 34 Bromma"
Tidens arkitekter AB,556943-7675,,"Brommösund Jordkulleviken 16, 542 91 Torsö"
Lo-Ka Comon Invest AB,559005-5603,,"Hagtornsvägen 9 a, 618 33 Kolmården"
Warung Stockholm AB,559046-8897,,"Förmansvägen 10, 117 59 Stockholm"
Tre Liljor Consulting AB,559070-3129,,"Drottning Kristinas Väg 12 b, 193 35 Sigtuna"
323LIVIN AB,559074-3000,,"Fäbovägen 20, 862 41 Njurunda"
Ekolution Technologies AB,559096-4366,,"Västanvägen, 245 42 Staffanstorp"
WAL Group AB,559109-3314,,"Stenhuggaregatan 14, 412 59 Göteborg"
Varghult Design AB,559217-0798,,"Vulseröd 118, 444 92 Jörlanda"
Grundet Design AB,559260-4937,,"c/o Grundet Design, Artillerigatan 77, 114 45 Stockholm"
JG Works AB,559289-8695,,"Ljungsgård 4021, 264 54 Ljungbyhed"
Carsjö Design AB,559307-5160,,"Sjöstigen 4 a, 181 62 Lidingö"
Hemqvist AB,559331-4510,,"Torfastleden 3, 136 65 Söderby"
"Nord Keramik, Form och Arkitektur AB",559348-7639,,"Sparbanksvägen 85, 129 30 Hägersten"
S Hjort AB,559405-8009,,"Stadsparken 6, 135 38 Tyresö"
Karolina Consulting AB,559467-5240,,"Solrosgatan 7, 242 34 Hörby"
Shekker AB,559470-3869,,"Viggengatan 12, 177 45 Järfälla"
Studio Va AB,559516-2735,,"c/o Peter Vallberg, Djupdalsvägen 53, 142 51 Skogås"
Ljunghem Interior AB,559516-6892,Telefon 073-399 29 79,"Kärnvedsgatan 57, 431 51 Mölndal"
Juglans Trädgårdar AB,559521-2761,,"Magle Stora Kyrkogata 12 b, 223 50 Lund"
M Hellberg-Gardner Aktiebolag,556384-4090,,"Fågelbovägen 24, 131 33 Nacka"
Smedshammar Arkitektur AB,556732-1871,,"Egilsvägen 10, 168 56 Bromma"
Lufttorkade Produkter i Sverige AB,556740-3737,,"Brogatan 31, 744 32 Heby"
FiJO Entreprenad AB,556793-6710,Telefon 031-28 15 28,"Östra Björnvägen 4, 429 30 Kullavik"
Teklanova AB,556806-4686,,"Putsegårdsgatan 2, 418 71 Göteborg"
KJEMAS AB,556825-5367,,"Björkbacksvägen 11, 791 94 Falun"
Åretotten AB,556864-4909,Telefon 063-381 54,"Tängvägen 30 a, 836 72 Ås"
John Galt & Partners AB,556882-2497,,"Liljegränd 42, 135 54 Tyresö"
Oakbay AB,556891-9897,Telefon 070-392 47 86,"Fenix Väg 28, 134 44 Gustavsberg"
Joy4Living AB,556898-5039,,"Löt Ågersta 6, 749 51 Grillby"
Simlångsfastigheter AB,556899-7745,Telefon 073-675 22 84,"Gamletullsgatan 10, 302 46 Halmstad"
Light Blue productions AB,556902-5694,,"Bägerstavägen 48, 120 47 Enskede Gård"
Lars Salonen Consult AB,556960-1213,,"Öxneredsvägen 52, 462 61 Vänersborg"
Danielsen Space Planning/Architecture AB,556971-7928,,"Erik Dahlbergsgatan 27, 115 32 Stockholm"
Monoloco AB,559026-5582,,"Hästebäcksvägen 25, 427 40 Billdal"
Labirent Architecture AB,559171-0016,Telefon 073-873 85 66,"Vitalisvägen 3, 112 55 Stockholm"
FBF AB,559273-7406,,"Valthornsvägen 7, 750 25 Uppsala"
JS Bygglov AB,559349-9584,,"Ödland 191, 832 93 Frösön"
Nestbo AB,559418-5125,,"Ödenäsvägen 150, 441 95 Alingsås"
Love Concepts AB,559477-7905,,"Odenvägen 15, 133 38 Saltsjöbaden"
LiOls TradgardsDesign AB,559535-7608,,"Bo Eriks Väg 2, 784 55 Borlänge"
KG Arkitektur & Design AB,559127-1589,,"Bojargatan 8, 452 37 Strömstad"
West-In Västerås AB,559125-1870,,"Götgatan 3 a, 724 62 Västerås"
TROLLE INVESTMENT AB,559260-1198,,"Karlsborgsvägen 19, 544 36 Hjo"
Carl Edman Arkitekter AB,559084-3883,,"Energigatan 4, 434 37 Kungsbacka"
H2Studio Projekt AB,559243-0242,,"Kungsgärdesplan 2, 752 38 Uppsala"
COLOFZON,950319-XXXX,Telefon +46 8 515 108 88,Västervik
Granbacka Bygg & Konsult,680118-XXXX,,"Juresta Östergården 2, 611 91 Nyköping"
DPK DETALJPLANEKONSULT,341125-XXXXRegistrerad verksamhet,,"Simmarvägen 12, 151 59 Södertälje"
K. DESAI ARKITEKTKONTOR,351212-XXXXRegistrerad verksamhet,,"Liljegatan 17 a, 587 31 Linköping"
Tage Hertzell arkitekt SAR,280308-XXXXRegistrerad verksamhet,,"Trollesunds Säteri, 611 91 Nyköping"
"Sören Burman, Arkitekt SAR",360129-XXXXRegistrerad verksamhet,,"Nytorgsgatan 3, 903 30 Umeå"
MALVA - MARKPLANERING JANA ZUPANC ARK LAR,360301-XXXXRegistrerad verksamhet,,"Tegelbruksvägen 9 d, 178 30 Ekerö"
ARKITEKTFIRMA TORSTEN EGERÖ,311207-XXXXRegistrerad verksamhet,,"Grindstuvägen 30, 167 33 Bromma"
ARCHOME,400131-XXXXRegistrerad verksamhet,,"Lyrbergsgatan 4a, 784 43 Borlänge"
Aspen Arkitekter,400629-XXXXRegistrerad verksamhet,,"Villavägen 7, 443 32 Lerum"
ENARK KONSULT,401220-XXXXRegistrerad verksamhet,,"c/o Kerstin Malmberg, Primusgatan 77, 112 67 Stockholm"
Rådmansö Interiör,390306-XXXXRegistrerad verksamhet,,"c/o Ylva Ringhagen, Västernäsv.90, 761 94 Norrtälje"
Jerry Hellström arkitekt MSA,390307-XXXXRegistrerad verksamhet,,"Saltsjögränd 6, 133 35 Saltsjöbaden"
BMNilsson Arkitekt,400709-XXXXRegistrerad verksamhet,,"Möllehus, Möllaregatan 3 a, 269 77 Torekov"
Vimar Krantz Arkitektkontor,390315-XXXXRegistrerad verksamhet,,"Brunkebergsåsen 36b, 192 66 Sollentuna"
"BO MALLANDER, ARKITEKT",420219-XXXXRegistrerad verksamhet,,"Ernst Josephsons Väg 3, 168 50 Bromma"
Arkitektkontoret i Blomstermåla,390328-XXXXRegistrerad verksamhet,,"Odelbergsvägen 9, 120 47 Enskede Gård"
Arkitekt Eleanor Hill Edward,421010-XXXXRegistrerad verksamhet,,"c/o Eleanor Hill Edwards, Nyängsvägen 53g, 619 34 Trosa"
Frost Arkitektbyrå,411018-XXXXRegistrerad verksamhet,,"Lönngränden 7, 598 36 Vimmerby"
gunilla norlund production,420623-XXXXRegistrerad verksamhet,,"Sockerbruksgr. 18 Lgh.00727, 118 42 Stockholm"
BARBRO ROOS ARKITEKTKONTOR,421011-XXXXRegistrerad verksamhet,,"Leifs v 21, 237 31 Bjärred"
A Konsult Kurt Kaarle,420308-XXXXRegistrerad verksamhet,,"Bodekullsvägen 13c, 374 35 Karlshamn"
PAUL WERNER navigator,410619-XXXXRegistrerad verksamhet,,"Tjärhovsgatan 34, 4 Tr, 116 21 Stockholm"
Arkitekt Sar Hatto Praun,400320-XXXXRegistrerad verksamhet,,"Finntorpsvägen 1, 131 36 Nacka"
Sirjes Arkitektur & Design,410712-XXXXRegistrerad verksamhet,,"Alphyddevägen 6, 131 35 Nacka"
YNGVE BOHM ARKITEKTKONTOR,400403-XXXXRegistrerad verksamhet,,"Finnbergsvägen 54, 2 Tr, 131 31 Nacka"
Gunnar Sjöberg Arkitektkontor,411120-XXXXRegistrerad verksamhet,,"Grevgatan 24, 114 53 Stockholm"
"GÖRAN JANSSON, ARKITEKT SAR",430213-XXXXRegistrerad verksamhet,,"Sandbacksgatan 7, 116 21 Stockholm"
CEWARKO,400920-XXXXRegistrerad verksamhet,,"Dalagatan 53, 113 31 Stockholm"
"Frisk Form, Pia Nordahl Frisk, Inredningsarkitekt SIR",430217-XXXXRegistrerad verksamhet,,"Kvartsgränd 8, 216 11 Limhamn"
MARIA SCHAD ART & ARCHITECTURE RITKONTORET,430220-XXXXRegistrerad verksamhet,,"Lilys Väg 12, 243 32 Höör"
BIRGITTA HOLM ARKITEKTKONTOR,411204-XXXXRegistrerad verksamhet,,"Murarvägen 11, 168 33 Bromma"
"PETER SCHMÖLZER, ARKITEKT SAR",400420-XXXXRegistrerad verksamhet,,"Gunnars Gård, 6404 Räknö, 761 93 Norrtälje"
GASK Arkitektkontor,411208-XXXXRegistrerad verksamhet,,"Centralgatan 2 C, 6 Tr, 149 32 Nynäshamn"
Bremme Arkitektur & Design,400930-XXXXRegistrerad verksamhet,,"Björkvägen 11 d, 191 41 Sollentuna"
Rombus Arkitekter,420409-XXXXRegistrerad verksamhet,,"Fjällstigen 25, 131 41 Nacka"
Emteruds Ritservice,420413-XXXXRegistrerad verksamhet,,"Södra Ämterud Der Västre, 673 91 Charlottenberg"
"PROJEKTPILOTEN, Hans Felixon",421126-XXXXRegistrerad verksamhet,,"c/o Hans Felixon, Timmermansgatan 39, 118 55 Stockholm"
Gebe Arkitektkontor,381231-XXXXRegistrerad verksamhet,,"Smältargatan 15, 644 31 Torshälla"
OKTOGON ORIENTMATTOR ÅSBERG,380618-XXXXRegistrerad verksamhet,,"Örlogsvägem 2, 426 71 Västra Frölunda"
GUNILLA LAUTHERS INREDNINGSARKITEKTKONTOR,411220-XXXXRegistrerad verksamhet,,"Engarns Byväg 3, 185 94 Vaxholm"
JANE WEHTJE DESIGN,421130-XXXXRegistrerad verksamhet,,"Lill-Jans Plan 8, 114 25 Stockholm"
Olle Juréen Arkitektkontor,420421-XXXXRegistrerad verksamhet,,"Norrstigen 40, 181 31 Lidingö"
Bergfelt Arkitekter,410824-XXXXRegistrerad verksamhet,,"Yddingsnäsvägen 77, 233 94 Svedala"
ARNE NILSSON DESIGN,400512-XXXXRegistrerad verksamhet,,"Pålsundsgatan 1, 117 31 Stockholm"
Open doors,430315-XXXXRegistrerad verksamhet,,"Hökegårdsgatan 65, 431 38 Mölndal"
G.R. Agentur Göran Rahm,420428-XXXXRegistrerad verksamhet,,"Idrottsvägen 1 e, 823 00 Kilafors"
Leif Ahlbom Arkitektkontor,420816-XXXXRegistrerad verksamhet,,"Vigernavägen 10, 451 79 Grundsund"
S.E.Holm Design Group,401116-XXXXRegistrerad verksamhet,,"Lillmalmsvägen 6 b, 147 71 Grödinge"
Joe Lindström Arkitektur & Planering,420121-XXXXRegistrerad verksamhet,,"Tengdahlsgatan 19, 116 48 Stockholm"
IN-SIGN,430430-XXXXRegistrerad verksamhet,,"Reimersholmsgatan 36, 117 40 Stockholm"
STUDIO BOO LIIFW,370616-XXXXRegistrerad verksamhet,,"Valhallavägen 22, 114 22 Stockholm"
SOLVEIG SENNERHOLM ARKITEKTKONTOR,431121-XXXXRegistrerad verksamhet,,"Vretavägen 16, 755 91 Uppsala"
LARS GUNNARS ARKITEKTKONTOR,390728-XXXXRegistrerad verksamhet,,"Badelundavägen 4, 168 56 Bromma"
"Inger Berggrén, Arkitekt SAR/MSA",430404-XXXXRegistrerad verksamhet,,"c/o Inger Berggrén, Strandvägen 18, 652 23 Karlstad"
KBS MEDICINKONSULT,450527-XXXXRegistrerad verksamhet,,"c/o BRANDÄNGE/, Sibyllegatan 26, 5 Tr, 114 42 Stockholm"
SMEDMARK ARKITEKTER,430407-XXXXRegistrerad verksamhet,,"Stockby Hällar 3, 179 62 Stenhamra"
SANDARK,440901-XXXXRegistrerad verksamhet,,"Sandreda Sjöviken, 363 91 Braås"
ARVID HORN,431130-XXXXRegistrerad verksamhet,,"Nybrogatan 25 a, 114 39 Stockholm"
Staffan Stenvall Planering och Projektering,440314-XXXXRegistrerad verksamhet,,"Körsbärsgatan 3, 745 63 Enköping"
ARLERT ARKITEKTKONTOR,450830-XXXXRegistrerad verksamhet,,"Snödroppsgränd 55, 165 74 Hässelby"
Arkitekt CK Jämtland,460227-XXXXRegistrerad verksamhet,,"Box 425, 831 26 Östersund"
BENGT FREDRIKSSON INREDNINGAR,450604-XXXXRegistrerad verksamhet,,"Anton Johanssons Väg 12, 176 69 Järfälla"
Bernd Janusch konstnär,431206-XXXXRegistrerad verksamhet,,"Vattnäs 6743, 792 97 Mora"
JAN WITTSTRÖM ARKITEKTKONTOR,440908-XXXXRegistrerad verksamhet,,"Päronvägen 2, 224 56 Lund"
NORDIC TRADE MARKETING AND CONSULTING TANERS KILIM MATTOR,441215-XXXXRegistrerad verksamhet,,"Grevgatan 7, 114 53 Stockholm"
Egalia konsult,431211-XXXXRegistrerad verksamhet,,"c/o Gunilla Lange, Måstaängsvägen 25, 633 48 Eskilstuna"
Sam Arkitekt,430417-XXXXRegistrerad verksamhet,,"Götgatan 99, 116 62 Stockholm"
Tengdalen media,460811-XXXXRegistrerad verksamhet,,"Tengdahlsgatan 21, 116 41 Stockholm"
Gunnar Brinck Arkitektkontor,450910-XXXXRegistrerad verksamhet,,"Kälvestavägen 137, 163 50 Spånga"
Holmqvist Leif SAR Arkitektateljé,431215-XXXXRegistrerad verksamhet,,"Gamla Sjukstugan, 796 00 Älvdalen"
"Attraktiva rum, Marie Eriksdotter Design",460305-XXXXRegistrerad verksamhet,,"Mikaelsvägen 10, 184 51 Österskär"
ART Halmstad,451210-XXXXRegistrerad verksamhet,,"Gymnasieg. 23, 302 31 Halmstad"
Färg är Liv Milis,460816-XXXXRegistrerad verksamhet,,"Stallgatan 12, 3 Tr, 702 26 Örebro"
Formiloge,430531-XXXXRegistrerad verksamhet,,"c/o Börje Mathiasson, Kindagatan 18, 582 47 Linköping"
TORBJÖRN EINARSSON ARKITEKT SAR,451212-XXXXRegistrerad verksamhet,,"Palettgränd 7, 168 50 Bromma"
Taxinge Wik 1:1,430603-XXXXRegistrerad verksamhet,,"Wiks Gård, 155 00 Nykvarn"
CMS DESIGN ASSOCIATES,451215-XXXXRegistrerad verksamhet,,"Riksdagsmannagården, Storgatan 1, 342 80 Alvesta"
Christer Nordström Art & Design,451216-XXXXRegistrerad verksamhet,,"Åsstigen 14, 436 45 Askim"
Mari-Ann Dahlkvist Inredning,450621-XXXXRegistrerad verksamhet,,"Floragatan 15 b Iii, 114 31 Stockholm"
Arkoplan,430606-XXXXRegistrerad verksamhet,,"Vesslevägen 4, 181 45 Lidingö"
Ulla Jacobsson Design,450919-XXXXRegistrerad verksamhet,,"c/o Ulla Jacobsson Design, Strandvägen 2, 827 51 Järvsö"
Broman Studio,440623-XXXXRegistrerad verksamhet,,"Hagafors Hagagatan 3, 567 93 Hok"
Jicab,460318-XXXXRegistrerad verksamhet,,"Box 7, 134 06 Ingarö"
SpacePlace,450623-XXXXRegistrerad verksamhet,,"Kommendörsgatan 8 C, Lgh 1304, 114 48 Stockholm"
Ingemar Gustafson Arkitekt- & byggkonsult,461109-XXXXRegistrerad verksamhet,,"c/o Ingemar Gustafson, Bellmansgatan 26, 118 47 Stockholm"
Jämtin Rit & Bygg,450407-XXXXRegistrerad verksamhet,,"Vedbormvägen 214, 387 73 Löttorp"
Gunnar Axinge Arkitektkonsult,460605-XXXXRegistrerad verksamhet,,"Österbyvägen 8, 733 73 Ransta"
H Wirström Byggprojektering,460322-XXXXRegistrerad verksamhet,,"Kistavägen 9 e, 192 67 Sollentuna"
Peter v Knorring Arkitektkontor,461111-XXXXRegistrerad verksamhet,,"Ytterbystrandsvägen 76 a, 185 94 Vaxholm"
NORBERT GEISTLINGER ARKITEKTKONTOR,440630-XXXXRegistrerad verksamhet,,"Tessins Väg 12, 217 58 Malmö"
Arkitekt Tommy Strandberg,460903-XXXXRegistrerad verksamhet,,"Ormbergsvägen 11, 471 31 Skärhamn"
ULF NYBERG ARKITEKTKONTOR,430615-XXXXRegistrerad verksamhet,,"Kantelevägen 5, 196 35 Kungsängen"
Järle Arkitektbyrå,460326-XXXXRegistrerad verksamhet,,"Kungsgatan 52, 713 32 Nora"
BERGENBLAD DESIGN,440111-XXXXRegistrerad verksamhet,,"Örsjö Boställe, 274 93 Skurup"
Kvasa Arkitektkontor,450412-XXXXRegistrerad verksamhet,,"Evavägen 39, 296 32 Åhus"
Eminger Design,451001-XXXXRegistrerad verksamhet,,"c/o Emingerdesign, Örmölla 172, 274 53 Skivarp"
Languagedecorum,440411-XXXXRegistrerad verksamhet,,"Kornhamnstorg 53, 111 27 Stockholm"
RT Mark och Landskap,450119-XXXXRegistrerad verksamhet,,"Boberg 6, 783 95 Gustavs"
Bodil Inredare,460331-XXXXRegistrerad verksamhet,,"Rödbetsvägen 2, 582 75 Linköping"
IDe Inredning & Design M. Österberg,431001-XXXXRegistrerad verksamhet,,"Storgatan 24, 972 32 Luleå"
"Inredningsterapeuten, Anita Albertsson",451007-XXXXRegistrerad verksamhet,,"Sandövägen 4, 653 38 Karlstad"
ARKITEKT ALF OLSSON,450129-XXXXRegistrerad verksamhet,,"Torreby 37, 455 93 Munkedal"
JESPER PERSSON BYGGDESIGN,460623-XXXXRegistrerad verksamhet,,"Allerums Kyrkväg 67, 260 35 Ödåkra"
Nätt Form och Funktion,441026-XXXXRegistrerad verksamhet,,"c/o Nätt, Mörtnäsvägen 11b, 139 36 Värmdö"
Svensk Ljusfakta,461126-XXXXRegistrerad verksamhet,,"Tomtebogatan 44, 113 38 Stockholm"
Mats Tormods Firma,461127-XXXXRegistrerad verksamhet,,"Varvsgatan 22 a, 951 33 Luleå"
Åsa arkitektkontor,440719-XXXXRegistrerad verksamhet,,"Gästgiverivägen 2, 439 54 Åsa"
O.M. INREDNING & CONSULT,440428-XXXXRegistrerad verksamhet,,"Svartträskvägen 15, 139 40 Värmdö"
J Prytz Arkitektfirma,460411-XXXXRegistrerad verksamhet,,"Pinnmovägen 26, 806 30 Gävle"
HolmPlan,461203-XXXXRegistrerad verksamhet,,"Gustav Möllers Gata 8, 211 51 Malmö"
Malena Larsvall Färg & Rum,440727-XXXXRegistrerad verksamhet,,"Måsvägen 6 b, 227 33 Lund"
Eva Herdin Inredningsarkitekt,450505-XXXXRegistrerad verksamhet,,"Bastugatan 33, 118 25 Stockholm"
EMMA ARKITEKTKONTOR,460419-XXXXRegistrerad verksamhet,,"Åsögatan 64, 118 29 Stockholm"
"KERSTIN LUNDÉN, BILDPSYKOTERAPEUT LANDSKAPSARKITEKT LAR",450217-XXXXRegistrerad verksamhet,,"Liljekonvaljens Väg 29, 132 45 Saltsjö-Boo"
Arkitektfirma K.E. Dudzik,440513-XXXXRegistrerad verksamhet,,"c/o Dudzik, Hässleholm 334, 281 35 Hässleholm"
Lars Öste Arkitektkontor,460424-XXXXRegistrerad verksamhet,,"Snöripsvägen 24, 125 56 Älvsjö"
ARKITEKT BO MALMLÖW,460201-XXXXRegistrerad verksamhet,,"Skatuddsvägen 15, 764 56 Grisslehamn"
Arkitekt SAR Olof Ohlsson,461007-XXXXRegistrerad verksamhet,,"Villavägen 11, 443 32 Lerum"
BUVICOM,461012-XXXXRegistrerad verksamhet,,"Stångjärnsgatan 87, 724 77 Västerås"
G Inredning & Design,450224-XXXXRegistrerad verksamhet,,"Stureplatån 19, 181 32 Lidingö"
Leifs arkitektkontor,450817-XXXXRegistrerad verksamhet,,"c/o Leif Andersson, Sätravägen 2, 184 52 Österskär"
INREDNINGSBYRÅN MAUD BRUNNBERG LINDROOS ARKITEKT SIR,450301-XXXXRegistrerad verksamhet,,"Nackagatan 29, 116 47 Stockholm"
ARKITEKT SAR OLA TORRÅNG ARKITEKTKONTOR,440523-XXXXRegistrerad verksamhet,,"Lyckevägen 8, 435 42 Mölnlycke"
Arkitektmagasinet,440524-XXXXRegistrerad verksamhet,,"Stordammen 100, 740 63 Österbybruk"
Björn Nilsson Arkitektkontor,440228-XXXXRegistrerad verksamhet,,"Pelikanbacken 5, 740 71 Öregrund"
Inredningskonsult Bo Westerdahl,470709-XXXXRegistrerad verksamhet,,"Bo Bergmans Gata 10, 115 50 Stockholm"
Arkitektkontoret arkitekt SAR Hans Lindberg,470209-XXXXRegistrerad verksamhet,,"Ängbytesgatan 3, 542 33 Mariestad"
Alldak,470429-XXXXRegistrerad verksamhet,,"c/o A-L Levin, Gamla Partillevägen 3, 438 91 Landvetter"
Restyle your home MF66,470105-XXXXRegistrerad verksamhet,,"Floragatan 2, 114 31 Stockholm"
Lightblond,470108-XXXXRegistrerad verksamhet,,"c/o Leif Lundh, Hemmesta Dalväg 55, 139 30 Värmdö"
LightStar Five,470216-XXXXRegistrerad verksamhet,,"Lugnetvägen 9, Tjärnö, 452 96 Strömstad"
Dan Johanssons Arkitektkontor,480619-XXXXRegistrerad verksamhet,,"Dunkehallavägen 39 a, 554 47 Jönköping"
Ölands Träd & Trädgård,471013-XXXXRegistrerad verksamhet,,"Stacketorpsvägen 107, 387 96 Köpingsvik"
Åsa Tunander Arkitektkontor,470111-XXXXRegistrerad verksamhet,,"Mårtensgatan 2, 272 38 Brantevik"
Gillark,490312-XXXXRegistrerad verksamhet,,"c/o Hans Gillgren, Östra Långgatan 7b, 852 36 Sundsvall"
Inredet Björn,470722-XXXXRegistrerad verksamhet,,"Plantagegränd 5, 554 52 Jönköping"
Mika,480409-XXXXRegistrerad verksamhet,,"Swedenborgsgatan 3, 753 34 Uppsala"
Arkitekt Tore Paulsrud,480410-XXXXRegistrerad verksamhet,,"Himarkavägen 10, 371 42 Karlskrona"
Brinkens Byggnadsvård,500212-XXXXRegistrerad verksamhet,,"Östra Björneröd 749, 472 93 Svanesund"
Kreaplan arkitektkontor,490317-XXXXRegistrerad verksamhet,,"c/o Per Andersson, Hagagatan 42, Lgh 1103, 113 47 Stockholm"
BULVERKET,470226-XXXXRegistrerad verksamhet,,"Döbelnsgatan 38 a, 113 52 Stockholm"
BYGGMÄSTAREN HÅKAN B. CARLSSON,480925-XXXXRegistrerad verksamhet,,"Stadsvallsvägen 6 b, 139 51 Värmdö"
DAVID & GRETA,490604-XXXXRegistrerad verksamhet,,"Beckombergavägen 141, 168 56 Bromma"
COORDA Interiör,470305-XXXXRegistrerad verksamhet,,"Ljuskärrsv. 27, 133 31 Saltsjöbaden"
Lennart Casteryd Ekonomi och Utbildning,490322-XXXXRegistrerad verksamhet,,"Bangårdsgatan 13, 2tr, 753 20 Uppsala"
RBB Gardininteriör Lena Reinolf,480419-XXXXRegistrerad verksamhet,,"Ångpannegatan 2e, 417 05 Göteborg"
Claessic-Produkter,470518-XXXXRegistrerad verksamhet,,"Kantarellgatan 11, 749 44 Enköping"
A A - ARKITEKTARBETEN THOMAS HELLQUIST,481008-XXXXRegistrerad verksamhet,,"Gyllenkroks Allé 3, 222 24 Lund"
Atelje Alfa Arkitekter,470812-XXXXRegistrerad verksamhet,,"Högestadsgatan 12, 216 19 Malmö"
INREDNINGSARKITEKT ANNA SANDBERG,500425-XXXXRegistrerad verksamhet,,"Gångv 2, 235 99 Vellinge"
"ANDERS BÄCKLANDER, ARKITEKT",490616-XXXXRegistrerad verksamhet,,"Tjustgatan 5, 118 27 Stockholm"
LWLJ-Arkitekt Konsult,490402-XXXXRegistrerad verksamhet,,"Pl 7094 Ingaberga, 281 92 Hässleholm"
Just Another Must,500304-XXXXRegistrerad verksamhet,,"c/o Bruneflod, Jungfrugatan 29, 114 44 Stockholm"
ANN MELANDER EDEVÅG INREDNINGSARKITEKT SIR,470602-XXXXRegistrerad verksamhet,,"Väktarstigen 9, 167 52 Bromma"
2 ENJOY,490914-XXXXRegistrerad verksamhet,,"Bertilsbergsvägen 9, 181 57 Lidingö"
Torp's Arkitektbyrå,500306-XXXXRegistrerad verksamhet,,"c/o Torp, Vings Torp 112 Sjövik, 523 98 Hökerum"
PA SVENSSON PLANKONSULT,480722-XXXXRegistrerad verksamhet,,"Västergatan 8, 534 30 Vara"
Arkitekt SAR K. Kenlind,480724-XXXXRegistrerad verksamhet,,"Box 188, 595 22 Mjölby"
Arkitekt SAR Håkan Larne,470603-XXXXRegistrerad verksamhet,,"Vårhögen 322, 310 40 Harplinge"
"Klart Lysande art in business, Oscar HeijkenskjöldArkitekt Sir",491216-XXXXRegistrerad verksamhet,,"Rådmansg 23 a Iv, 211 46 Malmö"
Svarteberga Rit & Rot,490628-XXXXRegistrerad verksamhet,,"Svarteberga 4155, 387 94 Borgholm"
Delisle Design Göteborg,470606-XXXXRegistrerad verksamhet,,"c/o Delisle Design Göteborg, Hammarvägen 42, 421 65 Västra Frölunda"
LK-Konsult,481027-XXXXRegistrerad verksamhet,,"c/o Leif Kratz, Övre Utbyvägen 6, 795 90 Rättvik"
Andersson Adm & Bokföring,480728-XXXXRegistrerad verksamhet,,"c/o Andersson, Bolstan 115, 815 94 Tierp"
"H-plan, arkitekt SAR Bengt Anefall",470329-XXXXRegistrerad verksamhet,,"S Centralgatan 14 a, 802 51 Gävle"
LISBETH ENANDER ARKITEKTKONTOR,471202-XXXXRegistrerad verksamhet,,"Roskildevägen 9c, 217 46 Malmö"
Fackverket arkitekter Ove Myrberg,490926-XXXXRegistrerad verksamhet,,"Pryssgränd 10 b, 118 20 Stockholm"
MPE Accomplishing,490415-XXXXRegistrerad verksamhet,,"c/o Antuna Gård, Antuna Skolstugan, 194 91 Upplands Väsby"
Kjell Åkerströms Arkitektkontor,500509-XXXXRegistrerad verksamhet,,"Östra Tullgatan 6, 824 32 Hudiksvall"
Team Arkitektur Lars Söderström,470614-XXXXRegistrerad verksamhet,,"Sunnemobacken 68, 123 48 Farsta"
Arkitekt SAR Anders L Björklund,490202-XXXXRegistrerad verksamhet,,"Box 126, 794 22 Orsa"
"HEC, Hasse Ericsson Consulting",471210-XXXXRegistrerad verksamhet,,"Pilbovägen 24, 791 61 Falun"
ORNÄSSTUGAN ARKITEKTBYRÅ,470406-XXXXRegistrerad verksamhet,,"Ulriksdal Ornässtugan Östra, 170 79 Solna"
KATRI LISITZIN ARKITEKT SAR/MSA,500102-XXXXRegistrerad verksamhet,,"Sysslomansgatan 24 b, 752 23 Uppsala"
ALA Kulturinredning,481109-XXXXRegistrerad verksamhet,,"Gladsax Bygata 49, 272 94 Simrishamn"
URBAN STERNBERG ARKITEKT,480810-XXXXRegistrerad verksamhet,,"Änggatan 23, 702 24 Örebro"
Lars Krantz,470916-XXXXRegistrerad verksamhet,,"Brunnsvägen 6, 382 91 Nybro"
Sverker Björklund Arkitektkontor,480813-XXXXRegistrerad verksamhet,,"Ringvägen 28, 554 54 Jönköping"
Birgitta Lindstrand Ny Form,490427-XXXXRegistrerad verksamhet,,"Rosenlund, Torkelsmåla, 361 94 Eriksmåla"
MAFRI Konsult & Förlag,490716-XXXXRegistrerad verksamhet,,"Särestad Vesteby 3, 467 91 Grästorp"
TOMAS BROMAN ARKITEKTKONTOR,500107-XXXXRegistrerad verksamhet,,"Uardavägen 53, 224 71 Lund"
Sven Åberg Arkitektkontor,480311-XXXXRegistrerad verksamhet,,"Tullkammaregatan 1, 791 31 Falun"
LARKON,481116-XXXXRegistrerad verksamhet,,"Finnboda Kajväg 8, 131 72 Nacka"
Bertil Eriksson Arkitekt,480527-XXXXRegistrerad verksamhet,,192 78 Sollentuna
Älgögatan 11 - styling & design,490720-XXXXRegistrerad verksamhet,,"Älgögatan 11, 257 31 Rydebäck"
Anders Ekengren Samhällsbyggnadskonsult,480821-XXXXRegistrerad verksamhet,,"Mårbackavägen 8, 135 54 Tyresö"
Möbelrenoveringen Kerstin Ljungh,500524-XXXXRegistrerad verksamhet,,"Freyvägen 1 e, 133 38 Saltsjöbaden"
Arkitekt Hans Eek,480601-XXXXRegistrerad verksamhet,,"Västermalmsgatan 10, 724 61 Västerås"
ARKITEKTKONTOR JAN-OLOV ZVANTESSON,480602-XXXXRegistrerad verksamhet,,"c/o Jan-Olov Zvantesson, Tegnérgatan 4, 561 32 Huskvarna"
Mats Gradh Arkitektkontor,500115-XXXXRegistrerad verksamhet,,"Lingonvägen 40, 824 33 Hudiksvall"
2xha ark,491016-XXXXRegistrerad verksamhet,,"c/o M Hargitai, Karl Dahlgrensgatan 3 Lgh 1301, 582 28 Linköping"
AVM Interiör,500117-XXXXRegistrerad verksamhet,,"c/o Malmström, Svampskogsvägen 39, Portkod 5050, 186 55 Vallentuna"
BoLeeMy,480608-XXXXRegistrerad verksamhet,,"Skogsvägen 15, 177 40 Järfälla"
Bygglovsassistans Maria Fischer,480324-XXXXRegistrerad verksamhet,,"Albatrossvägen 100, 136 66 Vendelsö"
PERSHAF ARKITEKTKONTOR,490802-XXXXRegistrerad verksamhet,,"Vasagatan 12, 291 53 Kristianstad"
Rodica Uschersohn Arkitekt SAR,500125-XXXXRegistrerad verksamhet,,"Högbergsgatan 26 a, 116 20 Stockholm"
Braesch-Andersen Arkitektkontor,510919-XXXXRegistrerad verksamhet,,"Apleröd 106, 444 96 Ödsmål"
A.S. MANNERFELT,500414-XXXXRegistrerad verksamhet,,"Trebackavägen 12, 182 65 Djursholm"
DBW Konsult,490516-XXXXRegistrerad verksamhet,,"c/o Dag Beskow, Hembyggarvägen 8, 121 33 Enskededalen"
Göran Borg Byggnadsing Hovmantorp,500605-XXXXRegistrerad verksamhet,,"Kronvägen 9, 365 41 Hovmantorp"
KSbyggdesign,490517-XXXXRegistrerad verksamhet,,"Ravinvägen 20, 775 54 Krylbo"
ARKIDÉ ARKITEKTKONTOR,520823-XXXXRegistrerad verksamhet,,"c/o Birgitta Lilja, Grevegatan 65, 216 22 Limhamn"
DGH Kontors & Fastighetsservice,500418-XXXXRegistrerad verksamhet,,"Sidensvansvägen 75, 192 55 Sollentuna"
Apertura,510412-XXXXRegistrerad verksamhet,,"Hildebrandsvägen 39, 168 56 Bromma"
Diana's Ergonomi & Inredning,520603-XXXXRegistrerad verksamhet,,"Årstag 20d, 754 34 Uppsala"
Louise Pouron Design och Konsult,510117-XXXXRegistrerad verksamhet,,"Tulegatan 47, 113 53 Stockholm"
Aros Construction,510118-XXXXRegistrerad verksamhet,,"c/o Hedi, Marmorvägen 1a, 752 44 Uppsala"
Butik Annorlunda Ting för Hem o Trädgård i Malmö,510703-XXXXRegistrerad verksamhet,,"Femtorpsvägen 10, 212 91 Malmö"
Affärshuset i Ystad,510704-XXXXRegistrerad verksamhet,,"Box 4011, 203 11 Malmö"
Allan Gunnarsson Landskapsarkitekt,510705-XXXXRegistrerad verksamhet,,"Iliongränden S-354, 224 71 Lund"
NINA JANSON ARKITEKT,520605-XXXXRegistrerad verksamhet,,"c/o Nina Lundblad Janson, Södra Viktoriagatan 27, 411 25 Göteborg"
LENA ANDERSSON DESIGN KONSULT,520326-XXXXRegistrerad verksamhet,,"Gissle Bergavägen 36, 261 94 Annelöv"
Vattumannen 2002,510122-XXXXRegistrerad verksamhet,,"Föreningstorget 2 d, 241 32 Eslöv"
"ROLF HELMERS, ARKITEKT",510417-XXXXRegistrerad verksamhet,,"Gröndalsvägen 171, 117 69 Stockholm"
Laila Reppen Arkitektkontor,520609-XXXXRegistrerad verksamhet,,"Bergsgatan 57, 112 31 Stockholm"
WENNERBERG ARKITEKTKONTOR,520612-XXXXRegistrerad verksamhet,,"Blå Ankaret 40, 439 92 Onsala"
Plansund,511009-XXXXRegistrerad verksamhet,,"Renstiernas Gata 27, 116 31 Stockholm"
Portal Arkitektkontor,500616-XXXXRegistrerad verksamhet,,"Bankerudsgatan 3, 247 71 Genarp"
LizaBé,530501-XXXXRegistrerad verksamhet,,"Vintervägen 2, 182 74 Stocksund"
Sidéns Byggservice i Sollefteå,530719-XXXXRegistrerad verksamhet,,"Åsbäcksvägen 8, 881 35 Sollefteå"
Åke Månsson Arkitektur m.m.,520910-XXXXRegistrerad verksamhet,,"Åvägen 2, 845 31 Svenstavik"
Patio Arkitektur och Inredning,530721-XXXXRegistrerad verksamhet,,"Gottskärsvägen 89, 439 31 Onsala"
Susan Paget Landskapsarkitekt,530725-XXXXRegistrerad verksamhet,,"Aspdungevägen 19, 743 40 Storvreta"
MARGARETA KÖNIG INREDNINGAR,520919-XXXXRegistrerad verksamhet,,"Parkvägen 22, 183 52 Täby"
Wallander Arkitekter,510212-XXXXRegistrerad verksamhet,,"Valhallavägen 158, 115 24 Stockholm"
LaGra,500826-XXXXRegistrerad verksamhet,,"Hantverksgatan 11, 343 30 Älmhult"
Lernvall Arkitekt & Design,520625-XXXXRegistrerad verksamhet,,"Iskällareliden 5 a, 416 55 Göteborg"
graj arkitektur & form,520627-XXXXRegistrerad verksamhet,,"c/o Larsson, Lövångersgatan 5, 162 63 Vällingby"
MARK & LANDSKAP - Åke Andersson,510507-XXXXRegistrerad verksamhet,,"Källeberg 3, 518 42 Sjömarken"
SUSANNE HEIGARD ARKITEKTUR & DESIGN,530306-XXXXRegistrerad verksamhet,,"Rindögatan 38, 115 35 Stockholm"
Kiark byggkonsult,530516-XXXXRegistrerad verksamhet,,"Edenberga 448, 312 95 Laholm"
Södermalms akvarieaffär,530802-XXXXRegistrerad verksamhet,,"Kocksgatan 50, 116 29 Stockholm"
Agneta Hammer Senior konsult,521220-XXXXRegistrerad verksamhet,,"Norra Spolegatan 1 y, 222 40 Lund"
L&L Pedagog,520926-XXXXRegistrerad verksamhet,,"c/o Salomonsson, Holmenvägen 3, 352 50 Växjö"
Iwish,501126-XXXXRegistrerad verksamhet,,"c/o Thofelt, Smedsbacksgatan 6, 113 59 Stockholm"
Eva Engman MEX,520415-XXXXRegistrerad verksamhet,,"Bohusgatan 26, 1 Tr, 411 39 Göteborg"
CH Byggtjänst,520203-XXXXRegistrerad verksamhet,,"Granö 2, 333 78 Burseryd"
Stefan.Mark.Rit,511108-XXXXRegistrerad verksamhet,,"c/o Ahlqvist, Hospitalsgatan 5, 211 33 Malmö"
c wiklander consulting,510226-XXXXRegistrerad verksamhet,,"c/o Claes Wiklander, Hamnåkern 3, 442 65 Marstrand"
FACON LQT,520418-XXXXRegistrerad verksamhet,,"Torkel Högs Gränd 1, 224 75 Lund"
Erik Möller Arkitektbyrå,530315-XXXXRegistrerad verksamhet,,"Martinvägen 22, 168 51 Bromma"
IK Markkonsult,520204-XXXXRegistrerad verksamhet,,"c/o Ingrid Karlsson, Skredsviks Hede 205, 451 95 Uddevalla"
ARKITEKTBYRÅ FRI FORM,511112-XXXXRegistrerad verksamhet,,"Skärmarboda 207, 713 91 Nora"
Anders Bodin Arkitektkontor,510301-XXXXRegistrerad verksamhet,,"Skaraborgsgatan 12, 118 46 Stockholm"
OM Arkitektur,530317-XXXXRegistrerad verksamhet,,"Åttevägen 14, 245 62 Hjärup"
Aminders Consulting,520711-XXXXRegistrerad verksamhet,,"c/o Anders Hölne, Vivsta 110, 864 91 Matfors"
ROOMSCAPE,520206-XXXXRegistrerad verksamhet,,"Kyrkbacken 2, 263 61 Viken"
Hus & Bild Hans Boman,520422-XXXXRegistrerad verksamhet,,"Tunnebergavägen 9, 263 71 Jonstorp"
TÅRD ÖIANGENS INREDNINGAR,520424-XXXXRegistrerad verksamhet,,"Vegagatan 3, 113 29 Stockholm"
AnnMarie Grind Design,520713-XXXXRegistrerad verksamhet,,"Hosjöstrand 177, 791 47 Falun"
Annika John Inredn.ark.,520211-XXXXRegistrerad verksamhet,,"Hornsgatan 134 Iii, 117 28 Stockholm"
ARKITEKTFIRMAN LLL,500915-XXXXRegistrerad verksamhet,,"Artillerigatan 86, 115 30 Stockholm"
Hässelby Gård 2:3,530820-XXXXRegistrerad verksamhet,,"Hässelby Gård 1, 725 92 Västerås"
PETER LUNDBLADH ARKITEKTKONTOR INREDNINGSARKITEKT S.I.R.,521013-XXXXRegistrerad verksamhet,,"Hyregatan 7, 211 21 Malmö"
GAMMA DESIGN,530324-XXXXRegistrerad verksamhet,,"Orrvägen 17, 135 53 Tyresö"
Växhuset - ord & jord,520717-XXXXRegistrerad verksamhet,,"Mobodarne 857, 826 93 Söderhamn"
Lennart Ilke enskild firma,531008-XXXXRegistrerad verksamhet,,"Bellmansgatan 54, 754 26 Uppsala"
GROMARK KONSULT,510528-XXXXRegistrerad verksamhet,,"Lövskogsåsen 7, 427 38 Billdal"
Veda arkitekter,521016-XXXXRegistrerad verksamhet,,"c/o Bölevägen 2, Näsviken, 824 65 Näsviken"
A 1 ARKITEKTKONSULT,530326-XXXXRegistrerad verksamhet,,"Kämpegatan 28, 431 39 Mölndal"
JUHL design & arkitektur,520218-XXXXRegistrerad verksamhet,,"Skygränd 3, 163 55 Spånga"
Firma Gunilla von Platen,520219-XXXXRegistrerad verksamhet,,"Banergatan 13, 115 22 Stockholm"
Arkitektbyggen Arkitektkontor Rolf Gustafsson,530825-XXXXRegistrerad verksamhet,,"c/o Rolf Gustafsson, Rommele Gunnarsgård 3, 461 97 Sjuntorp"
ARKITEKT SAR ANDERS ENGBERG,530113-XXXXRegistrerad verksamhet,,"Fiskaruddsvägen 68, 144 62 Rönninge"
Ljus Idé Sävedalen,500926-XXXXRegistrerad verksamhet,,"Mellanvägen 22, 433 61 Sävedalen"
Bernt Perssons Bygg o Timmerhus,531012-XXXXRegistrerad verksamhet,,"Dalagatan 12, 777 31 Smedjebacken"
IG Inomhusguiden,510314-XXXXRegistrerad verksamhet,,"c/o Eva-Lena Tjernberg, Ringgatan 3, 447 30 Vårgårda"
Cramér Arkitektbyrå,520505-XXXXRegistrerad verksamhet,,"Sovögatan 93, 164 41 Kista"
WELLART,521020-XXXXRegistrerad verksamhet,,"Södra Örjansvägen 32, 433 50 Öjersjö"
ÖRJAN HÖGBERG ARKITEKTKONTOR,530328-XXXXRegistrerad verksamhet,,"c/o Örjan Högberg, Sparrisbacken 33, 165 61 Hässelby"
Kriisin Coffeé,500928-XXXXRegistrerad verksamhet,,"Persgatan 10 b, 416 58 Göteborg"
Ruzzin,530831-XXXXRegistrerad verksamhet,,"Börjesonsv. 57, 168 50 Bromma"
Tengman Stadsutveckling,501226-XXXXRegistrerad verksamhet,,"Hillarpsvägen 85, 269 91 Båstad"
TL arkitekt och antikvarisk konsult,531017-XXXXRegistrerad verksamhet,,"c/o Thomas Löfberg, Ytterbyvägen 6, 3tr, 442 30 Kungälv"
Lundberg arkitektur,520509-XXXXRegistrerad verksamhet,,"c/o Lundberg arkitektur, plan och bygglov, Runda Vägen 6, 167 51 Bromma"
space and replace ritah lazar,520802-XXXXRegistrerad verksamhet,,"Drottninggatan 88 b, 111 36 Stockholm"
Perante arkitektur,520513-XXXXRegistrerad verksamhet,,"c/o Anders Högberg, Ångloksgatan 5, 461 54 Trollhättan"
NovoForm,520302-XXXXRegistrerad verksamhet,,"c/o Ericson, Runristarvägen 1 b, 741 42 Knivsta"
I-FORM,530905-XXXXRegistrerad verksamhet,,"c/o Pålstam, Torsplan 10, 113 65 Stockholm"
Helena Rääf Inredning,531022-XXXXRegistrerad verksamhet,,"Linnégatan 88, 115 23 Stockholm"
Chess J-Konsult,510326-XXXXRegistrerad verksamhet,,"Villa Söderro Bunn, 563 93 Gränna"
DS Projektkonsult,510831-XXXXRegistrerad verksamhet,,"c/o Andy Peter Muszkowski, Djäknevägen 40, 187 36 Täby"
Nina Erro Sweden,530615-XXXXRegistrerad verksamhet,,"Jälund Ekliden 1, 646 96 Stjärnhov"
Collste Arkitektur och Funktion,510328-XXXXRegistrerad verksamhet,,"Karl Dahlgrensgatan 11, 582 28 Linköping"
Arkitekt Magnus Dahl,530619-XXXXRegistrerad verksamhet,,"Kabeluddsvägen 6 Lgh 1302, 187 67 Täby"
Elizabeth Hatz Arkitektkontor,530620-XXXXRegistrerad verksamhet,,"Greve Von Essens Väg 43b, 115 27 Stockholm"
Hepicat Sweden,510401-XXXXRegistrerad verksamhet,,"c/o Thomas Nathorst-Böös, Hägerstensvägen 151, 126 48 Hägersten"
Hexagone Arkitektkontor,540320-XXXXRegistrerad verksamhet,,"c/o Patrick Anselm, Trollstigen 21, 611 45 Nyköping"
WFORM Wiveca Hall,511219-XXXXRegistrerad verksamhet,,"Backmansvägen 16, 511 57 Kinna"
mira arkitektur,530914-XXXXRegistrerad verksamhet,,"Örnsätrabacken 48, 127 36 Skärholmen"
Henrik Johannesson Arkitektkontor,520313-XXXXRegistrerad verksamhet,,"Kungsgatan 32, 211 49 Malmö"
Studio 22,511222-XXXXRegistrerad verksamhet,,"Åmmebergsgatan 12/2, 124 70 Bandhagen"
Ljusgården,531025-XXXXRegistrerad verksamhet,,"Hultet, Gamla Handelsboden, 438 95 Hällingsjö"
"Arkitektkontor, Lena Lundkvist",540604-XXXXRegistrerad verksamhet,,"Pl 1056, Vintersjöhöjden, 680 96 Lesjöfors"
"Håkan Qvarnström, Landskapsarkitekt",530409-XXXXRegistrerad verksamhet,,"Almstigen 3, 756 53 Uppsala"
Arkitekt Göran Skoog,540609-XXXXRegistrerad verksamhet,,"Tullgatan 15, 252 69 Råå"
INREDA'N BEATRICE ERIKSSON,510907-XXXXRegistrerad verksamhet,,"Tomtebogatan 4, 113 39 Stockholm"
eva buske - garden design,530917-XXXXRegistrerad verksamhet,,"Körtinge Gård, 694 95 Vretstorp"
Jan Hedberg Arkitektkontor,540826-XXXXRegistrerad verksamhet,,"Tranbärsvägen 5, 459 32 Ljungskile"
Next Project,540105-XXXXRegistrerad verksamhet,,"Sjötorpsvägen 33 a, 236 34 Höllviken"
Pål Reijer Projekt,530628-XXXXRegistrerad verksamhet,,"Kyhlsvägen 7, 276 30 Borrby"
FONA Konsult EF,541117-XXXXRegistrerad verksamhet,,"Aspnäsvägen 36, 177 37 Järfälla"
Bengt Isling Landskapsarkitektur,541118-XXXXRegistrerad verksamhet,,"Slätbaksvägen 28, 120 51 Årsta"
Ulf Tomner Arkitekt,540612-XXXXRegistrerad verksamhet,,"Korphoppsgatan 42, 120 65 Stockholm"
Hedengren Måleri och Design,530212-XXXXRegistrerad verksamhet,,"Viktoriavägen 9 a, 125 34 Älvsjö"
Space Studio Måns Hallén,541123-XXXXRegistrerad verksamhet,,"Dybecksgatan 14, 412 70 Göteborg"
Studio Lentini,540330-XXXXRegistrerad verksamhet,,"Söder Mälarstrand 20, 118 20 Stockholm"
INREDNINGSARKITEKT SIR DORIS JOSEFSBERG ZELWAK,520819-XXXXRegistrerad verksamhet,,"Box 17545, 200 10 Malmö"
CHG Classic Home&Garden,550217-XXXXRegistrerad verksamhet,,"c/o Birger Karlsson, Junibacksgatan 24, 598 32 Vimmerby"
In-Blick Eva Bergholm,521115-XXXXRegistrerad verksamhet,,"Eriksbergsgatan 32, 114 30 Stockholm"
Ester-Adele Interior,540401-XXXXRegistrerad verksamhet,,"Sankt Paulsgatan 22 a, 118 48 Stockholm"
BERENSSON BYGGSERVICE,541201-XXXXRegistrerad verksamhet,,"Pl 1568, 760 45 Grisslehamn"
Ritningar i Bergslagen,530421-XXXXRegistrerad verksamhet,,713 72 Gyttorp
Björn Haglund Trädgårdsinspiratör,540408-XXXXRegistrerad verksamhet,,"Södra Hunnetorpsvägen 92 c, 256 62 Helsingborg"
BMJarkitekter,530424-XXXXRegistrerad verksamhet,,"Strålgatan 11, 112 63 Stockholm"
Louise Sköld's Inredningar,550505-XXXXRegistrerad verksamhet,,"Rörstrandsgatan 33 a, 113 40 Stockholm"
"Byrån för Modern Arkitektur, BMA",550929-XXXXRegistrerad verksamhet,,"c/o Elde, Skånegatan 68a, 116 37 Stockholm"
ABCS Trade and Consulting,540919-XXXXRegistrerad verksamhet,,"Piluddsvägen 11, 645 94 Strängnäs"
Monalis Swenson Design,551221-XXXXRegistrerad verksamhet,,"Reutersgatan 19, 598 30 Vimmerby"
Kreative workshop Larisa Flora,550712-XXXXRegistrerad verksamhet,,"Ludvigsgatan 8, 382 34 Nybro"
PAF ARKITEKTKONTOR,531118-XXXXRegistrerad verksamhet,,"Bergvägen, 15, 131 50 Saltsjö-Duvnäs"
"DÉJA VU STOCKHOLM ANTIK, KURIOSA & STYLING PIA ERIXON",540920-XXXXRegistrerad verksamhet,,"c/o /ERIXON/, Tegnérgatan 17, 111 40 Stockholm"
Arkitekt SIR Leo Johannsson,560504-XXXXRegistrerad verksamhet,,"c/o Uhlin och Malm Arkitektkontor AB, Kungsholmstorg 10, 112 21 Stockholm"
"ARKITEKTTJÄNST, URDS",540703-XXXXRegistrerad verksamhet,,"Hattran Hörningsnäs, 632 33 Eskilstuna"
Dynamo Design,551227-XXXXRegistrerad verksamhet,,"Smedjegatan 5, 291 54 Kristianstad"
PLARC,550405-XXXXRegistrerad verksamhet,,"Margretelundsvägen 80, 167 36 Bromma"
Peder Gunnarsson Arkitektkontor,550721-XXXXRegistrerad verksamhet,,"Randersbo Pl 2711, 740 63 Österbybruk"
Björn Ohlin:s finsnickeri,560508-XXXXRegistrerad verksamhet,,"c/o Björn Ohlin, Skotvägen 11, 618 34 Kolmården"
CONVALJ,550515-XXXXRegistrerad verksamhet,,"Svartvidegatan 5, 212 32 Malmö"
Arkitektkontor Hans Christersson,550406-XXXXRegistrerad verksamhet,,"Kompanigatan 9, 254 38 Helsingborg"
MARIE NORELL DESIGN,550725-XXXXRegistrerad verksamhet,,"Korsvägen 1, 181 32 Lidingö"
Bo Klevsten Arkitektkontor,550517-XXXXRegistrerad verksamhet,,"Lunden Glumsevägen, 511 92 Örby"
Barrett Design & Landscape,531129-XXXXRegistrerad verksamhet,,"Iduns Väg 13, 754 40 Uppsala"
Romantiska Ting,541220-XXXXRegistrerad verksamhet,,"Ekolodsgatan, 9, 603 75 Norrköping"
FGMS / Fjällman Golf Design,550728-XXXXRegistrerad verksamhet,,"c/o Peter Fjällman, Seglaregatan 2, 302 38 Halmstad"
Abskissa arkitekter,540207-XXXXRegistrerad verksamhet,,"Villa Fenix, 237 36 Bjärred"
"Mokarremis Fönsterputs, Städ och SOL Arkitekter",550520-XXXXRegistrerad verksamhet,,"Ängeltoftagatan 32, 216 22 Limhamn"
Gunilla Wirén Arkitektbyrå,551013-XXXXRegistrerad verksamhet,,"Gillsätragränd 72, 127 36 Skärholmen"
Berg och Form,551014-XXXXRegistrerad verksamhet,,"Uardavägen h 215, 224 71 Lund"
SUNDARK,560928-XXXXRegistrerad verksamhet,,"Vattmyragränd 79, 177 39 Järfälla"
Assia Divisions,560105-XXXXRegistrerad verksamhet,,"Lugnets Allé 41, 120 66 Stockholm"
ARKEATER,540428-XXXXRegistrerad verksamhet,,"c/o Paul Moerman, Sten Bergmansväg 13, 144 62 Rönninge"
Splint96,540213-XXXXRegistrerad verksamhet,,"Nordhemsgatan 69c, 413 09 Göteborg"
Aasma Arkitektkontor,550802-XXXXRegistrerad verksamhet,,"Husebergsgatan 14, 451 53 Uddevalla"
BLOMMIGT OCH RANDIGT,550803-XXXXRegistrerad verksamhet,,"Mjölnarstigen 5, 181 46 Lidingö"
Eleanor Wahlberg Arkitekt,560518-XXXXRegistrerad verksamhet,,"Karlbergsvägen 54, 113 37 Stockholm"
Nils Odén Landskapsarkitekt,560519-XXXXRegistrerad verksamhet,,"Kungsgatan 16, 753 32 Uppsala"
CMM Arkitekt,550418-XXXXRegistrerad verksamhet,,"Östra Banvägen 8, 182 46 Enebyberg"
Löfvenbergs Göteborg,560728-XXXXRegistrerad verksamhet,,"Furugatan 8, 413 21 Göteborg"
Blue Flame,551018-XXXXRegistrerad verksamhet,,"Åsen 1112, 830 70 Hammerdal"
MORUD PRODUKTION,540721-XXXXRegistrerad verksamhet,,"Sankt Olofsgatan 48, 521 35 Falköping"
Hållbar Arkitektur Stockholm,560520-XXXXRegistrerad verksamhet,,"c/o Urban Jällhage, Torsby Gökväg 2, 139 51 Värmdö"
Go Arkitektur & Design,550527-XXXXRegistrerad verksamhet,,"c/o Thomas Andersson, Göhamnsvägen 13, 372 94 Listerby"
Arkitekt- & Byggservice Christina Mankovsky,551022-XXXXRegistrerad verksamhet,,"Grönfinksvägen 6, 132 45 Saltsjö-Boo"
Sarastri arkitektur och design,560522-XXXXRegistrerad verksamhet,,"Mejramgången 32, 312 36 Laholm"
"Stil Inredning & Trädgård, I Sandgren",560801-XXXXRegistrerad verksamhet,,"c/o Ingrid Sandgren, Stöcksjö Svartnäsväg 37, 905 80 Umeå"
Akantus Inredningar,551024-XXXXRegistrerad verksamhet,,"Gasverksgatan 49, 252 45 Helsingborg"
"Michael Perlmutter, Arkitekt & Fotograf",551027-XXXXRegistrerad verksamhet,,"Vidargatan 7, 113 27 Stockholm"
Johan Nicklasson Arkitektkontor,540727-XXXXRegistrerad verksamhet,,"Helgalunden 1, Iii, 118 58 Stockholm"
Arkitektfirman Carin Johanson,540728-XXXXRegistrerad verksamhet,,"Österg 12, 239 40 Falsterbo"
Firma Ulla-Hassel,540222-XXXXRegistrerad verksamhet,,"Köpmangatan 25b, 692 30 Kumla"
Arkitektur och KA Mats Tevall,540505-XXXXRegistrerad verksamhet,,"c/o Tevall, Tegnérlunden 6, 113 59 Stockholm"
MICO Byggadministration,560325-XXXXRegistrerad verksamhet,,"Hästskovägen 26, 645 42 Strängnäs"
Onalta,541018-XXXXRegistrerad verksamhet,,"Kocksgatan 27 A, 1 Tr, 116 24 Stockholm"
ChristinaAhlström Coaching,561222-XXXXRegistrerad verksamhet,,"Nils Mattssons Väg 36, 427 38 Billdal"
Tinktank consulting,560527-XXXXRegistrerad verksamhet,,"c/o Kellermann, Timmermansgatan 2 a, 118 25 Stockholm"
Advantum Arkitekter,550604-XXXXRegistrerad verksamhet,,"c/o Elisabeth Lundgren, Seneby 24, 186 91 Vallentuna"
ADS-Ronner,531218-XXXXRegistrerad verksamhet,,"Gärdesvägen 2, 285 34 Markaryd"
GUNILLA BRAATHEN ARKITEKTFIRMA,560329-XXXXRegistrerad verksamhet,,"Hyregatan7, 211 21 Malmö"
Studio Krafts torg 2,561226-XXXXRegistrerad verksamhet,,"Krafts Torg 2, 223 50 Lund"
Birgitta Lööf arkitektur & design,561227-XXXXRegistrerad verksamhet,,"Blåsutgatan 21, 414 56 Göteborg"
Arkitektur o Inredning i Borlänge,540808-XXXXRegistrerad verksamhet,,"Piper Eriks Väg 5, 784 56 Borlänge"
Trädgårdsmästare Lars Krans,541028-XXXXRegistrerad verksamhet,,"Strömbacka 11, 816 94 Ockelbo"
arkitekt Tomas Carlin,561229-XXXXRegistrerad verksamhet,,"Storebackegatan 14 a, 413 18 Göteborg"
ArkHus Arkitektkontor,560402-XXXXRegistrerad verksamhet,,"Dalgatan 3, 681 32 Kristinehamn"
Britt Monti Design,560126-XXXXRegistrerad verksamhet,,"Sigtunag. 11, 113 22 Stockholm"
Swewalls Consulting,540308-XXXXRegistrerad verksamhet,,"c/o Robert Sahlberg, Klostervägen 1, 132 46 Saltsjö-Boo"
TAD,550117-XXXXRegistrerad verksamhet,,"Apelvägen 34, 182 75 Stocksund"
gLL rooke,561024-XXXXRegistrerad verksamhet,,"c/o Gunilla Rooke, Banérsgatan 12, 211 48 Malmö"
Ritbyrån Margareta Jonsson arkitekt,560819-XXXXRegistrerad verksamhet,,"Tunvägen 10, 433 64 Sävedalen"
DELA SIGN,570302-XXXXRegistrerad verksamhet,,"Östgötagatan 47, 116 25 Stockholm"
Huskonsult A.Gyllecrantz,560605-XXXXRegistrerad verksamhet,,"Fäbodvägen 4, 952 51 Kalix"
ARKODESIGN,561028-XXXXRegistrerad verksamhet,,"c/o Chaker Halila, Grangärdesvägen 6d, 445 56 Surte"
LIARK,550617-XXXXRegistrerad verksamhet,,"c/o LIARK, Sankt Eriksgatan 10, 112 39 Stockholm"
Lars Nilsson Arkitektkontor,540524-XXXXRegistrerad verksamhet,,"Tittut Skäpparp, 310 40 Harplinge"
Schysst!,540818-XXXXRegistrerad verksamhet,,"c/o Agnieszka Rolka, Häggviksvägen 8 a, 191 50 Sollentuna"
TOMAS ENGBLOM ARKITEKTKONTOR,540315-XXXXRegistrerad verksamhet,,"Morkullevägen 8, 175 64 Järfälla"
Billes Textil och Inredning,550902-XXXXRegistrerad verksamhet,,"Slussvägen 3, 360 40 Rottne"
Annex Z,570107-XXXXRegistrerad verksamhet,,"Trädgårdsgatan 1, 312 30 Laholm"
Åke Brandin Konsult & Förvaltning,561103-XXXXRegistrerad verksamhet,,"Voxtorp 302, 388 96 Hagby"
Borgström Arkitektur,560204-XXXXRegistrerad verksamhet,,"Ådalsvägen 8, 355 71 Ingelstad"
Trädgårdsscenografen Ingela Edkvist,570506-XXXXRegistrerad verksamhet,,"Valbovägen 197, 818 31 Valbo"
Arkitektbyrå A Runebjörk,551120-XXXXRegistrerad verksamhet,,"Granlidenvägen 13, 865 51 Ankarsvik"
DEVARC,560207-XXXXRegistrerad verksamhet,,"c/o /JÖNSSON/, Gjutarg. 4 a, 112 48 Stockholm"
Jim Forsberg Arkitektkontor,561108-XXXXRegistrerad verksamhet,,"Åbergssonsväg 19 Nb, 171 73 Solna"
Åsa Borgcrantz Blixt Måleri & Design,570719-XXXXRegistrerad verksamhet,,"Parkgatan 26, 541 52 Skövde"
Dina Rum Stockholm,570826-XXXXRegistrerad verksamhet,,"Östermalmsgatan 64, 2 Tr, 114 50 Stockholm"
NYLAN,551128-XXXXRegistrerad verksamhet,,"Värpatorparensväg 1a, 281 38 Hässleholm"
H.O.F. Arkitektbyrå,570116-XXXXRegistrerad verksamhet,,"c/o Katarina Frändberg, Amneredsvägen, 15, 462 61 Vänersborg"
Ailiark,551130-XXXXRegistrerad verksamhet,,"Mastringen 2, 973 41 Luleå"
Fasal,551201-XXXXRegistrerad verksamhet,,"c/o Utövägen 46 A, 13771 Dalarö, 137 71 Dalarö"
JAN MOESCHLIN ARKITEKTKONTOR,560907-XXXXRegistrerad verksamhet,,"Vasagatan 21, 4 Tr, 411 24 Göteborg"
Olde Monnikhof Arkitektur & Design,560625-XXXXRegistrerad verksamhet,,"Kastellgatan 20, 413 07 Göteborg"
Pierre Nestlog Landskap & Så,570319-XXXXRegistrerad verksamhet,,"Fjärdinggatan 8 Kastlösa, 386 61 Mörbylånga"
Wedman Arkitektateljé,551203-XXXXRegistrerad verksamhet,,"Norrby, 644 36 Torshälla"
Badman Consulting,560627-XXXXRegistrerad verksamhet,,"c/o Badman, Västmannagatan 27, 113 25 Stockholm"
JOHAN WIDOFF,560419-XXXXRegistrerad verksamhet,,"Hemmawid, Dåderö 4, 153 93 Mörkö"
GRÄDDE,570904-XXXXRegistrerad verksamhet,,"Olof Palmes Gata 39, 903 23 Umeå"
Hamre Landskap & Miljö,560423-XXXXRegistrerad verksamhet,,"Fjelievägen 31, 227 36 Lund"
Åsa Conradsson Inredningsarkitekt,571015-XXXXRegistrerad verksamhet,,"Dianavägen 29, 115 43 Stockholm"
KE Design,571017-XXXXRegistrerad verksamhet,,"Pepparvägen 20 Lgh 1102, 123 56 Farsta"
Böjrn,571227-XXXXRegistrerad verksamhet,,"c/o Björn Wikmark, Arkitektvägen 85, 168 32 Bromma"
Dick Dernhagen Design,560428-XXXXRegistrerad verksamhet,,"Stationsgatan 23 c, 195 42 Märsta"
Sirkén Arkitektur & Design,570913-XXXXRegistrerad verksamhet,,"Bangatan 8 Lgh 1802, 151 32 Södertälje"
Tesa Spetz P.A.E.H,560921-XXXXRegistrerad verksamhet,,"c/o Spetz, Fagningsgatan 9, 115 44 Stockholm"
THE RIGHT STUFF,570807-XXXXRegistrerad verksamhet,,"c/o Svante Lundqvist, Utmarksvägen 55, 225 92 Lund"
Trädgårdsfröjd,570327-XXXXRegistrerad verksamhet,,"c/o Annett Larsson, Torpgatan 8, 262 62 Ängelholm"
STEFAN SÖDER,570328-XXXXRegistrerad verksamhet,,"Malmskogsvägen 3, 184 63 Åkersberga"
R. Thord Fastigheter,571025-XXXXRegistrerad verksamhet,,"c/o Akifa förvaltning AB, Brunnsgatan 6, 111 38 Stockholm"
Tapetserare Verkstaden Gunilla Fredriksson,560922-XXXXRegistrerad verksamhet,,"Walkeskroken 14 d, 451 42 Uddevalla"
FORSBERGS ARKITEKTBYRÅ,580509-XXXXRegistrerad verksamhet,,"Mellangatan 9d, 413 01 Göteborg"
"Carla van Linge, arkitekt",580311-XXXXRegistrerad verksamhet,,"Torstorpsvägen 49, 612 34 Finspång"
Hela i Arjeplog,581006-XXXXRegistrerad verksamhet,,"c/o Lena Rönnholm, Hildas Holme 1, 938 31 Arjeplog"
L Månsson Arkitektur & Design,580107-XXXXRegistrerad verksamhet,,"Emmasro Pl 6241, 255 92 Helsingborg"
Antonius van Arkels Enskilda,580516-XXXXRegistrerad verksamhet,,"Pontonjärgatan 35 6 Tr, 112 37 Stockholm"
Partium Möbler,570209-XXXXRegistrerad verksamhet,,"c/o Nicholas Müller, Norra Fjädermolnsgatan 22, 418 42 Göteborg"
Marie Nordin Arkitektkontor,580318-XXXXRegistrerad verksamhet,,"Surbrunnsgatan 39, 113 48 Stockholm"
Ingrid Svetoft Arkitektkontor,590307-XXXXRegistrerad verksamhet,,"Dressyrvägen 5, 254 83 Helsingborg"
Per Oskar Design,570403-XXXXRegistrerad verksamhet,,"c/o Per Oskar Design, Lilla Djurgården 4, 757 53 Uppsala"
Jungmark Landskapsarkitekt,570818-XXXXRegistrerad verksamhet,,"Stjärngatan 4, 224 57 Lund"
Maria Uddén Arkitektkontor,570608-XXXXRegistrerad verksamhet,,"St Paulsgatan 20, 118 48 Stockholm"
id vision,580731-XXXXRegistrerad verksamhet,,"c/o Loxvi, Förmansvägen 4, 117 58 Stockholm"
ET projekt & interiör,581013-XXXXRegistrerad verksamhet,,"Kronobergsgatan 8, 371 41 Karlskrona"
GIMLE FASTIGHETSBYRÅ,581014-XXXXRegistrerad verksamhet,,"c/o Småstaden Synergi AB, Elfviksvägen 11 a, 181 47 Lidingö"
CHALAS MORFOFORM,570612-XXXXRegistrerad verksamhet,,"c/o Jacek Chalas, Granats Väg 29, 231 79 Smygehamn"
Sten Lundberg Arkitektkontor,561212-XXXXRegistrerad verksamhet,,"Klostergången 5, 413 18 Göteborg"
Prosit Design & Produktion,561215-XXXXRegistrerad verksamhet,,"Österlenvägen 966-11, 271 77 Löderup"
CABRAT Architecture & Experience,580806-XXXXRegistrerad verksamhet,,"c/o Aronsen, Skansvägen 45, 246 57 Barsebäck"
Ishoel Art,570930-XXXXRegistrerad verksamhet,,"Birger Jarlsgatan 69, Lgh 1403, 113 56 Stockholm"
L.U.M.A Design,580323-XXXXRegistrerad verksamhet,,"Ljusslingan 36, 120 64 Stockholm"
Lerbergets Keramik,590719-XXXXRegistrerad verksamhet,,"Tutaryd, Berget, 341 96 Ljungby"
OPAL FILM/ANNIKA LUNDVALL,580524-XXXXRegistrerad verksamhet,,"c/o Studio 22, Wittstocksgatan 4, 115 24 Stockholm"
Arkitekt Lars Redegard,580808-XXXXRegistrerad verksamhet,,"Björkekulla 6, 512 61 Kalv"
K.M. Thisner,580810-XXXXRegistrerad verksamhet,,"Olof Jönssons Gränd 19, 165 53 Hässelby"
Dekoratör - Inredningskonsult Ingela Halvarsson,571207-XXXXRegistrerad verksamhet,,"Malmgatan 15, 241 31 Eslöv"
Peter Hermelin Arkitektkontor,580327-XXXXRegistrerad verksamhet,,"Riddargatan 38, 114 57 Stockholm"
COL arkitekt,580528-XXXXRegistrerad verksamhet,,"Hasslebrovägen 3, 241 74 Stehag"
AM Landskap,580124-XXXXRegistrerad verksamhet,,"Boo Kapellväg 2, 132 47 Saltsjö-Boo"
Ateljé Benesse. Interiors by Tina,591009-XXXXRegistrerad verksamhet,,"Strandvägen 22, 182 60 Djursholm"
Alegni Interiors,581028-XXXXRegistrerad verksamhet,,"Mellangårdsvägen 9, 191 44 Sollentuna"
Marina Lindgren Konst & Arkitektur,600229-XXXXRegistrerad verksamhet,,"Erik Dahlbergs Gata 27, 254 39 Helsingborg"
RÄTTA VINKLAR,600504-XXXXRegistrerad verksamhet,,"Sätterstavägen 24, 124 32 Bandhagen"
Mats Johansson Arkitektkontor,570627-XXXXRegistrerad verksamhet,,"c/o Mats Johansson, Gösta Wahlströms Väg 16 Lgh 1302, 752 31 Uppsala"
Håtö syatelje,580608-XXXXRegistrerad verksamhet,,"Insjövägen16, 761 97 Norrtälje"
Axso-Form,590325-XXXXRegistrerad verksamhet,,"Grävarvägen 10, 227 30 Lund"
Rum D Arkitektbyrå,600104-XXXXRegistrerad verksamhet,,"Allmänningsgatan 6, 256 56 Helsingborg"
Backmans Inredningslust,570702-XXXXRegistrerad verksamhet,,"c/o Monika Backman, Arkitektvägen 36, 168 32 Bromma"
Tom Radway production,580406-XXXXRegistrerad verksamhet,,"Ekhagsvägen 4, 114 18 Stockholm"
Mälardalens Trädgårds- & Landskapsplanering,600105-XXXXRegistrerad verksamhet,,"Hov 113, 755 96 Uppsala"
Trollerihatten Textil & Design,600106-XXXXRegistrerad verksamhet,,"Sidensvansvägen 53, 192 55 Sollentuna"
Min fåtölj & Vackra tyger STHLM,580829-XXXXRegistrerad verksamhet,,"Västerviksvägen 20, 182 34 Danderyd"
CM19 Design,580613-XXXXRegistrerad verksamhet,,"Truskärsvägen 21, 442 75 Lycke"
FORMULERA Arkitektur & Bild,590331-XXXXRegistrerad verksamhet,,"Grevevägen 13, 331 52 Värnamo"
ERIKA P.,570706-XXXXRegistrerad verksamhet,,"Stagneliusvägen 33, 5tr, 112 59 Stockholm"
Svenska AllergiStäd Företaget,590603-XXXXRegistrerad verksamhet,,"c/o Ingrid André, Torkelsgatan 8, 416 58 Göteborg"
vip home,591025-XXXXRegistrerad verksamhet,,"Parmmätargatan 13, 112 24 Stockholm"
"MIN FÅTÖLJ, LENA NORTE",580901-XXXXRegistrerad verksamhet,,"Sturegatan 47a, 172 31 Sundbyberg"
Carl Richard Söderström,600311-XXXXRegistrerad verksamhet,,"Repslagargatan 11, 118 46 Stockholm"
Gladiolusen i Sundsvall,590403-XXXXRegistrerad verksamhet,,"c/o Kerstin Lindeberg, Bruksgatan 23, 856 31 Sundsvall"
Inredning & Måleri Peggy F Ekström,590129-XXXXRegistrerad verksamhet,,"Stöpafors 402, 686 93 Sunne"
Sagrén Huskultur,590606-XXXXRegistrerad verksamhet,,"Oxelvägen 23, 141 41 Huddinge"
Ingelas ateljé,600516-XXXXRegistrerad verksamhet,,"Västra Torggatan 3, 962 31 Jokkmokk"
Tuulas HelaSjälen,590131-XXXXRegistrerad verksamhet,,"Överbybacken 17, 811 95 Järbo"
Malung Sälen DISPLAY,591030-XXXXRegistrerad verksamhet,,"Päbelvägen 6, 782 75 Malungsfors"
Hortografen,600519-XXXXRegistrerad verksamhet,,"Berga Skolväg 4, 137 91 Västerhaninge"
Apricus Arkitekter,590611-XXXXRegistrerad verksamhet,,"c/o Jenny Stenberg, Storebackegatan 10 f, 413 18 Göteborg"
Ina Calmanovici Arkitektur och Data,580911-XXXXRegistrerad verksamhet,,"Hovstagränd 13, Bv, 124 70 Bandhagen"
TOMAS TÄGIL ARKITEKT SAR,580912-XXXXRegistrerad verksamhet,,"Kung Oskars v 1, 222 40 Lund"
HBK Arkitekt och Konstruktör,581121-XXXXRegistrerad verksamhet,,"Sotaregatan 4, 603 62 Norrköping"
MOL,590613-XXXXRegistrerad verksamhet,,"Fågelstigen 11, 904 21 Umeå"
casa nova,581124-XXXXRegistrerad verksamhet,,"Stadsallén 2, 239 40 Falsterbo"
STOCKVIKE,580916-XXXXRegistrerad verksamhet,,"Stockvike Öja, 620 10 Burgsvik"
Vipmåleri,581127-XXXXRegistrerad verksamhet,,"Parmmätargatan 13, 112 24 Stockholm"
ABC Inredning i Stockholm rb,581128-XXXXRegistrerad verksamhet,,"Västerviksvägen 23 a, 182 35 Danderyd"
Arkitekt blå Monica Hof,600525-XXXXRegistrerad verksamhet,,"Västerängsvägen 30, 182 47 Enebyberg"
Inom Hus & Inredning Mia Thörn,600526-XXXXRegistrerad verksamhet,,"c/o annmarie thörn, Kärrsvägen 32, 566 32 Habo"
Verdesign,580219-XXXXRegistrerad verksamhet,,"Åsa Bäckväg 105c, 439 54 Åsa"
Mikael Gustafsson Arkitektkontor,590209-XXXXRegistrerad verksamhet,,"Falsterbovägen 22b, 239 41 Falsterbo"
"Claudia Zuniga, Arkitektur & Design",600127-XXXXRegistrerad verksamhet,,"Vimpelgatan 21, 211 14 Malmö"
Almus,581129-XXXXRegistrerad verksamhet,,"Drottninggatan 49 a, 662 33 Åmål"
Cameo Hälsa & Inredning,581130-XXXXRegistrerad verksamhet,,"Vasavägen 57a, 582 33 Linköping"
LA DESIGN,600528-XXXXRegistrerad verksamhet,,"Pildalen, 274 00 Skurup"
Storegård Form,600323-XXXXRegistrerad verksamhet,,"Dunshult Storegård 37, 362 95 Urshult"
Inger Torstensson Do-It,590830-XXXXRegistrerad verksamhet,,"Mörtviksvägen 89, 142 43 Skogås"
Johanna Uddén,590831-XXXXRegistrerad verksamhet,,"Torkelsgatan 19 a, 753 29 Uppsala"
Blue Sage,600128-XXXXRegistrerad verksamhet,,"c/o Lars-Olle Svensson, Hantverksgränd 3, 312 30 Laholm"
Krusmynta Lust och Fägring Ulla Friberg,590420-XXXXRegistrerad verksamhet,,"c/o ulla friberg, Erik Dahlbergsgatan 23, 115 32 Stockholm"
Eva Littorin stil & text,600602-XXXXRegistrerad verksamhet,,"c/o Littorin-Lagercrantz, Östgötagatan 62, 116 64 Stockholm"
SKAPA inredning i Stockholm,581206-XXXXRegistrerad verksamhet,,"Källtorpsvägen 132, 136 70 Vendelsö"
Ljusrum Lotta Löfgren,600329-XXXXRegistrerad verksamhet,,"Juvelvägen 1, 131 31 Nacka"
Camilla Fürst Inredning,601002-XXXXRegistrerad verksamhet,,"c/o Camilla Furst, Sjöbjörnsvägen 16, 117 67 Stockholm"
Mats Aldén Design,580707-XXXXRegistrerad verksamhet,,"Urvädersgränd 5, 116 46 Stockholm"
Leif Jacobsson Artlab,590218-XXXXRegistrerad verksamhet,,"c/o Leif Jakobsson, Karlbergsvägen 54, 113 37 Stockholm"
Lena M Design,600603-XXXXRegistrerad verksamhet,,"Långviken 217, 890 54 Trehörningsjö"
K-Konsult Karlskoga,600605-XXXXRegistrerad verksamhet,,"Stolpgränd 1, 703 45 Örebro"
a christenson consulting,600606-XXXXRegistrerad verksamhet,,"c/o Christenson, Finnboda Kajväg 2b, 131 72 Nacka"
SW MULTI MAN,580714-XXXXRegistrerad verksamhet,,"Terserusvägen 12, 168 59 Bromma"
Arkitekt Kalle Johansson,590222-XXXXRegistrerad verksamhet,,"Klockarvägen 14 f, 821 40 Bollnäs"
Feng Shui Home and Office Uppsala,590630-XXXXRegistrerad verksamhet,,"S:T Persgatan 32 C, Nb, 753 29 Uppsala"
DS.Studio architecture & design,581002-XXXXRegistrerad verksamhet,,"Tempelriddarvägen 2, 127 61 Skärholmen"
Lagercrantz Form,600404-XXXXRegistrerad verksamhet,,"Elfviks Uddväg 12, 181 90 Lidingö"
Tusenkonstnär'n Bengt Lagerberg,581214-XXXXRegistrerad verksamhet,,"Fiskaregatan 30, 302 38 Halmstad"
TURBIN FORM,590913-XXXXRegistrerad verksamhet,,"Linnégatan 90, 115 23 Stockholm"
Homehome,610117-XXXXRegistrerad verksamhet,,"Katarina Kyrkobacke 3, 116 20 Stockholm"
Havstams Arkitektkontor,600611-XXXXRegistrerad verksamhet,,"Gamla Strandgatan 39, 453 31 Lysekil"
MONYANS,601012-XXXXRegistrerad verksamhet,,"c/o Monica Anselius, Brunnsvägen 34, 791 43 Falun"
Doghouse Design,610224-XXXXRegistrerad verksamhet,,"Fridhemsgatan 68, 3 Tr Ög, 112 46 Stockholm"
Bofixaren018,600212-XXXXRegistrerad verksamhet,,"Lilla Bångsnåret 8, 743 87 Bälinge"
"Skalstock & Norrpil, Malmö",591201-XXXXRegistrerad verksamhet,,"Sergelsväg 12 b, 217 57 Malmö"
OliveGreen Design,610227-XXXXRegistrerad verksamhet,,"Röstångavägen 75, 241 95 Billinge"
Hannerz Hantverkare,590707-XXXXRegistrerad verksamhet,,"Pyrolavägen 29, 181 60 Lidingö"
Gabriella Hansen arkitekt/designer,600806-XXXXRegistrerad verksamhet,,"Davidshallsgatan 25 b, 211 45 Malmö"
ARKITEKT C,581221-XXXXRegistrerad verksamhet,,"Dalviksringen 17, 554 45 Jönköping"
Anne Lindhusen Arkitekt,590505-XXXXRegistrerad verksamhet,,"Linnegatan 104 Nb, 115 23 Stockholm"
Arkitekt Laila Strunke,590709-XXXXRegistrerad verksamhet,,"c/o Laila Strunke, Nackagatan 20, 116 47 Stockholm"
Style Inredning Långedrag,600808-XXXXRegistrerad verksamhet,,"c/o Linda Nyberg, Ängholmsgatan 9, 426 76 Västra Frölunda"
Micio Design,610501-XXXXRegistrerad verksamhet,,"Frölandsvägen 41, 861 34 Timrå"
Arkitekt Blå,601019-XXXXRegistrerad verksamhet,,"Västerängsvägen 30, 182 47 Enebyberg"
Rönnerholms Design,610916-XXXXRegistrerad verksamhet,,"Hooversvägen 6b, 790 20 Grycksbo"
Matilda Arkitektur,590506-XXXXRegistrerad verksamhet,,"Qvantenborgsvägen 45, 227 38 Lund"
Interior Design,591209-XXXXRegistrerad verksamhet,,"Frösåkers Gård, 725 97 Västerås"
Peppess.se Golf Consulting,591210-XXXXRegistrerad verksamhet,,"Bråta Allé 6, 619 33 Trosa"
Christer Engdahl Arkitektur,600218-XXXXRegistrerad verksamhet,,"c/o Christer Engdahl, Skeppsmäklargatan 7, 120 69 Stockholm"
Rosenlöf Arkitektkontor,601021-XXXXRegistrerad verksamhet,,"c/o Christer Rosenlöf, Sallerup 7232, 242 91 Hörby"
farel media,610706-XXXXRegistrerad verksamhet,,"c/o Mikael Hådell, Mailbox 161, 111 73 Stockholm"
Yusuf Pektas Arkitektbyrå,610711-XXXXRegistrerad verksamhet,,"Sankt Göransgatan 81, 4 Tr, 112 45 Stockholm"
TUVAN ART & DESIGN,611201-XXXXRegistrerad verksamhet,,"c/o Thufvesson, Ugglestigen 8, 139 41 Värmdö"
Johan Koch Service &Konsult,591214-XXXXRegistrerad verksamhet,,"Fågelögatan 15, 619 32 Trosa"
Li Broms Dekor,601028-XXXXRegistrerad verksamhet,,"Upplandsgatan 76, 113 44 Stockholm"
Socioteknisk Kunskap - Jaan-Henrik Kain,600419-XXXXRegistrerad verksamhet,,"c/o Kain, Björholmsvägen 113, 471 91 Klövedal"
Building Culture PLA,610310-XXXXRegistrerad verksamhet,,"c/o Peter Lynch, Bergsundsgatan 5 Lgh 1202, 117 37 Stockholm"
Husbiten,610924-XXXXRegistrerad verksamhet,,"Skansenvägen11, 434 31 Kungsbacka"
Johan Hamarin Arkitektkontor,591219-XXXXRegistrerad verksamhet,,"Skolgatan 4, 263 37 Höganäs"
Antiklinjen Lars Ernström,610514-XXXXRegistrerad verksamhet,,"Heimdalsvägen 24, 132 48 Saltsjö-Boo"
Retail Optimizing & Display of Syd,610717-XXXXRegistrerad verksamhet,,"Tellusgatan 12, 224 57 Lund"
Ditt välmående Norrköping,620817-XXXXRegistrerad verksamhet,,"c/o Anne Pettersson, Järnmalmsvägen 17, 618 31 Kolmården"
Sober Sthlm,601102-XXXXRegistrerad verksamhet,,"Roslagsgatan 48, 113 54 Stockholm"
AP Köksplanering,610929-XXXXRegistrerad verksamhet,,"c/o Anna Persson, Lillhagens Sandlycka 3b, 422 50 Hisings Backa"
J Söderman Produktion,611213-XXXXRegistrerad verksamhet,,"c/o Johan Söderman, Korsuddsvägen 5, 132 42 Saltsjö-Boo"
Allvin Design,610315-XXXXRegistrerad verksamhet,,"Ängstigen 6, 598 34 Vimmerby"
Jan Liedström Arkitektur o Form,610211-XXXXRegistrerad verksamhet,,"Vetegatan 7, 118 59 Stockholm"
PR-Consult Britten Anderson,620415-XXXXRegistrerad verksamhet,,"Holländargatan 11, 111 36 Stockholm"
Hälsingebodar,610114-XXXXRegistrerad verksamhet,,"Pl 3278, Kungsgården, 826 94 Norrala"
Colorcontrol.cc,620824-XXXXRegistrerad verksamhet,,"Åshagavägen 1, 511 59 Kinna"
MONICA EKBLOM ARKITEKTKONTOR,621027-XXXXRegistrerad verksamhet,,"Wallingatan 37, 111 24 Stockholm"
Miljö & Design L Wennberg,610320-XXXXRegistrerad verksamhet,,"c/o L Wennberg, Tibeliusgatan 8a, 761 50 Norrtälje"
Izabela Knochenhauer hus och trädgård,610321-XXXXRegistrerad verksamhet,,"Kyrkvägen 20, 196 30 Kungsängen"
"Syster Grön - trädgårdsdesign, rådgivning och Skötsel",610217-XXXXRegistrerad verksamhet,,"Kulls Väg 5, 432 95 Varberg"
Hem ljuva hem TM,630108-XXXXRegistrerad verksamhet,,"Västergatan 18a, 211 21 Malmö"
Addera Arkitektkontor,600501-XXXXRegistrerad verksamhet,,"Bredgatan 7, 302 45 Halmstad"
Lili Öst production,620620-XXXXRegistrerad verksamhet,,"c/o Lili Öst, Per Hallströmsväg 2, 9 Tr, 131 39 Nacka"
Playgraphics Jörgen Melin,610525-XXXXRegistrerad verksamhet,,"Artillerigatan 33, 114 45 Stockholm"
Staffan Gezelius Arkitektkontor,601110-XXXXRegistrerad verksamhet,,"Sandbacksgatan 7, 116 21 Stockholm"
Haqvinsson Design,610731-XXXXRegistrerad verksamhet,,"Primulavägen 19, 435 31 Mölnlycke"
Studio Lindberg,620828-XXXXRegistrerad verksamhet,,"c/o Lindberg, Mariebergsvägen 16, 652 29 Karlstad"
Ann Pyk Arkitektur,620830-XXXXRegistrerad verksamhet,,"Lillängsvägen 20, 131 41 Nacka"
Arkitekturstudio Sassi,630314-XXXXRegistrerad verksamhet,,"Sandgatan 14 f, 223 53 Lund"
InLove Design,610804-XXXXRegistrerad verksamhet,,"Box 103, 701 42 Örebro"
oxid designbyrå,610220-XXXXRegistrerad verksamhet,,"c/o Hans Cullberg, Prosten Cullbergs Väg 14, 429 44 Särö"
CBL Studio17,620424-XXXXRegistrerad verksamhet,,"Bråvallagatan 7, Lgh 1201, 113 36 Stockholm"
Design 5,611224-XXXXRegistrerad verksamhet,,"c/o Wiman, Bantorget 3, 222 24 Lund"
"Arkitex, Dag Thulin",611225-XXXXRegistrerad verksamhet,,"c/o Dag Thulin, Hyttstigen 2, 262 68 Ängelholm"
Henry Cardona A3D-Projection,620225-XXXXRegistrerad verksamhet,,"Wittstocksgatan 30, 115 27 Stockholm"
ACB Design,610805-XXXXRegistrerad verksamhet,,"Furusundsgatan 13, 115 37 Stockholm"
B.O.T Arkitektkontor,610806-XXXXRegistrerad verksamhet,,"Inedalsgatan 13, 112 33 Stockholm"
Jie Zhao Arkitektateljé,630317-XXXXRegistrerad verksamhet,,"Källparksvägen 9, 187 67 Täby"
Ana Betancour,630113-XXXXRegistrerad verksamhet,,"c/o Ana Betancour, De Geersgatan 12, 115 29 Stockholm"
Bricks and Blocks,600907-XXXXRegistrerad verksamhet,,"c/o Anneli Linder, Lundbygatan 19, 703 58 Örebro"
SK Arkitekt,630510-XXXXRegistrerad verksamhet,,"Rombergsgatan 8, 1tr, 745 33 Enköping"
NilssonSierra,620904-XXXXRegistrerad verksamhet,,"Slamstensgatan 19, 216 11 Limhamn"
Katarina Abrahamsson Interior,621107-XXXXRegistrerad verksamhet,,"c/o Katarina Abrahamsson, Solbasgränd 4, 131 41 Nacka"
MiN Designstudio Skåne,621108-XXXXRegistrerad verksamhet,,"c/o Susanne Ek, Kockumsgatan 10, 211 42 Malmö"
ART - EVA-LENA MARTINSON,620630-XXXXRegistrerad verksamhet,,"Artursv 9, 439 52 Åsa"
"Nils Consulting, NCO",610602-XXXXRegistrerad verksamhet,,"Andra Vallåsgatan 11, 511 58 Kinna"
A.C.H Consultation,620303-XXXXRegistrerad verksamhet,,"Svandammsvägen 13 1tr, 126 35 Hägersten"
Tomas Lewan Arkitekt SAR,620907-XXXXRegistrerad verksamhet,,"Liljeholmsvägen 8, 117 61 Stockholm"
Studio Björling,621110-XXXXRegistrerad verksamhet,,"Syréngatan 14, 234 31 Lomma"
Nina Carlsson trädgårdskonsult,620502-XXXXRegistrerad verksamhet,,"Källarhagen 8, 147 92 Grödinge"
Sandblomman Interior & Design,630118-XXXXRegistrerad verksamhet,,"Södra Äppelrosvägen 16, 272 95 Simrishamn"
SALVIANNA,630119-XXXXRegistrerad verksamhet,,"Hamngatan 11, 594 32 Gamleby"
TRÄDGÅRDSLYFTET,600913-XXXXRegistrerad verksamhet,,"Westerlynga Gård Ranarpsv 200, 269 71 Förslöv"
K Hedvall Inredning & Projektledning,620102-XXXXRegistrerad verksamhet,,"John Ericssonsgatan 7, 112 22 Stockholm"
Interior by GH,630514-XXXXRegistrerad verksamhet,,"Häljebolsta 5, 755 91 Uppsala"
Konkret Inredningsarkitekt Gerhard Rehm,601121-XXXXRegistrerad verksamhet,,"Odalvägen 13, 174 49 Sundbyberg"
Katarina,601122-XXXXRegistrerad verksamhet,,"c/o Bramme, Båtklubbsgatan 3, 120 71 Stockholm"
inredadirekt i Landskrona,610404-XXXXRegistrerad verksamhet,,"Vadensjö Backe 10, 261 91 Landskrona"
DINA EL MIDANI ARCHITECT,630325-XXXXRegistrerad verksamhet,,"Vedeby Gård, 640 20 Björkvik"
"Johanna Högberg, Inredningsarkitekt SIR",630123-XXXXRegistrerad verksamhet,,"Helmfeltsgatan 3, 211 48 Malmö"
Forssell Change,620706-XXXXRegistrerad verksamhet,,"Saltkällan 11, 455 92 Munkedal"
Styling Homes by Ann Blanchester,601125-XXXXRegistrerad verksamhet,,"c/o Ann Blanchester, Törnrosvägen 32, 181 61 Lidingö"
Inside & Outside,630518-XXXXRegistrerad verksamhet,,"Daljunkaregatan 10c, 791 37 Falun"
Ebba Högström Arkitektkontor,610406-XXXXRegistrerad verksamhet,,"Eggegrundsvägen 10, 121 56 Johanneshov"
Abyt,620914-XXXXRegistrerad verksamhet,,"Åbäcksgatan 4b, 431 67 Mölndal"
style by axelsson,630326-XXXXRegistrerad verksamhet,,"Fyrmästaregatan 16 j, 451 41 Uddevalla"
boelzachrisson måleri & inredning,620108-XXXXRegistrerad verksamhet,,"c/o Boel Zachrisson, Stjärngatan 1, 441 31 Alingsås"
Myr-a projektutveckling,620109-XXXXRegistrerad verksamhet,,"c/o Myr Ullhammar, Storgatan 46, 114 55 Stockholm"
Norrströms i Skummeslöv,620508-XXXXRegistrerad verksamhet,,"Vegavägen 12, Skummeslöv, 312 72 Skummeslövsstrand"
PLANRÅDET Pernilla Jacobsson,620710-XXXXRegistrerad verksamhet,,"Södra Kärra 215, 591 99 Motala"
JoMi Consulting Innovation & Technology Expert,610615-XXXXRegistrerad verksamhet,,"Näset 408, 841 97 Erikslund"
Hemma hos Elsa i Ringarum,620510-XXXXRegistrerad verksamhet,,"Sörby 2, 615 75 Ringarum"
Odlagrönt Stockholm,611104-XXXXRegistrerad verksamhet,,"c/o Annika Runnerstam, Vivelvägen 14a, 125 33 Älvsjö"
Svanpennan,620715-XXXXRegistrerad verksamhet,,"Anneholmsg. 4, 412 67 Göteborg"
GreenHouse InfoMedia,610620-XXXXRegistrerad verksamhet,,"c/o Sörensen, 1:A Villagatan 5, 653 41 Karlstad"
IwonA's Rainbow Den Nya Tidens Design,610415-XXXXRegistrerad verksamhet,,"Hedenhösv. 33, 141 33 Huddinge"
Matilda Stannow,630403-XXXXRegistrerad verksamhet,,"Odelbergsvägen 40, 120 47 Enskede Gård"
UD-sign & Arkitektur,610828-XXXXRegistrerad verksamhet,,"Lindesbergsvägen 2, 516 77 Målsryd"
Skandinavium 02,630205-XXXXRegistrerad verksamhet,,"Västra Stationsgatan 31, 212 36 Malmö"
Cilla Form,630531-XXXXRegistrerad verksamhet,,"Repslagargatan 11, 118 46 Stockholm"
Elisabeth,620122-XXXXRegistrerad verksamhet,,"c/o Elisabeth Nilsson, Limavägen 8, 167 76 Bromma"
Riitta Östberg Coaching & Consulting,610831-XXXXRegistrerad verksamhet,,"c/o Riitta Östberg, Wollmar Yxkullsgatan 7, 118 50 Stockholm"
SÖLVESBORGS BYGGKONSULT Monica Svensson,620520-XXXXRegistrerad verksamhet,,"Hellerströmsgatan 28, 294 33 Sölvesborg"
wasabi,630916-XXXXRegistrerad verksamhet,,"Krombyvägen 77, 238 41 Oxie"
Today Design,630211-XXXXRegistrerad verksamhet,,"Fogelsångsgatan 10, 263 61 Viken"
Inbe,630410-XXXXRegistrerad verksamhet,,"Korallstigen 5, 184 92 Åkersberga"
Smedslättens Arkitekter,610423-XXXXRegistrerad verksamhet,,"c/o Henrik Öhlin, Friherregatan, 69, 165 58 Hässelby"
"nydahl, present & inredning",630213-XXXXRegistrerad verksamhet,,"Erik Dahlbergsgatan 24a, 211 48 Malmö"
Lelih - städ fix rens,621005-XXXXRegistrerad verksamhet,,"c/o Lena Lihmonzér, Olof Palmes Gata 12, 111 37 Stockholm"
Feng shui - Loving Living i Jämtland,630216-XXXXRegistrerad verksamhet,,"Böle 330, 832 93 Frösön"
Cariabeth Concrete Design,611120-XXXXRegistrerad verksamhet,,"c/o Carina Stenhällen, S:T Larsgatan 8 B, Lgh 1204, 753 11 Uppsala"
Ann-Sofie Lakso Creative Solutions,630722-XXXXRegistrerad verksamhet,,"Sjövägen 1, 133 36 Saltsjöbaden"
Saxen Gardinservice,630725-XXXXRegistrerad verksamhet,,"c/o Marie Saxenhag, Sandstuguvägen 18, 147 60 Uttran"
Tripod S o D,630919-XXXXRegistrerad verksamhet,,"Kullabergsvägen 110, 263 77 Mölle"
Amaize,630920-XXXXRegistrerad verksamhet,,"c/o Aiyana Mantel, Lillskogsvändan 12, 139 54 Värmdö"
Arkhipelago Design,620130-XXXXRegistrerad verksamhet,,"Ersdalsvägen 37, 475 41 Hönö"
Viking Bild,620528-XXXXRegistrerad verksamhet,,"Engelbreksgatan 33, 114 32 Stockholm"
Gul & Grön,621215-XXXXRegistrerad verksamhet,,"c/o Lotten Hedlund, Liljan5, 791 93 Falun"
Marias Arkitektur & Byggnadsvård,630726-XXXXRegistrerad verksamhet,,"Allsjömåla Gård 1, 373 45 Rödeby"
Utform,630220-XXXXRegistrerad verksamhet,,"Alfreds Mosseväg 2, 271 93 Ystad"
mimer business,620805-XXXXRegistrerad verksamhet,,"c/o Jonas Haettner, Egnahemsgatan 14c, Lgh 1602, 432 42 Varberg"
Stalteri Marcus Arkitektur och Kommunikation,620402-XXXXRegistrerad verksamhet,,"Sant Paulsgatan 35b, 118 48 Stockholm"
WRM Sweden,640206-XXXXRegistrerad verksamhet,,"c/o Bruno Tolic, Stålgatan 34, 302 51 Halmstad"
Biztrade Vaxholm,630731-XXXXRegistrerad verksamhet,,"Vasavägen 11 a, 185 34 Vaxholm"
Lingensjö Consulting,621221-XXXXRegistrerad verksamhet,,"Södra Skogsrundan 73, 184 64 Åkersberga"
Marie Barthelson Holistisk Inredningsdesign,620403-XXXXRegistrerad verksamhet,,"Frubacka 225, Segerstad, 664 94 Vålberg"
Mikael Eriksson Golf,630923-XXXXRegistrerad verksamhet,,"Skepparegatan 5 a, 302 38 Halmstad"
TeaterIntelligens,620603-XXXXRegistrerad verksamhet,,"c/o Mats Andersson, Rosengatan 3b, 413 10 Göteborg"
PEM DESIGN,630804-XXXXRegistrerad verksamhet,,"Vistlöt Lyckebo, 585 63 Linghem"
marie andersson.arkitekt,621016-XXXXRegistrerad verksamhet,,"Garagegatan 16d, 212 51 Malmö"
Bjarnebys Stockholm,640525-XXXXRegistrerad verksamhet,,"c/o Bjarne Törsleff, Linnégatan 96, 115 23 Stockholm"
Dima 4HOMEstyling,640401-XXXXRegistrerad verksamhet,,"Gustav Adolfsgatan14, 504 56 Borås"
"Djurgårdsstaden Arkitekter, Erika Wörman",640528-XXXXRegistrerad verksamhet,,"c/o Wörman, Bromsebyvägen 90, 184 93 Åkersberga"
Ulrica Rudnäs Design & Art,630807-XXXXRegistrerad verksamhet,,"c/o Ulrika Rudnäs, Kammakargatan 58, 111 60 Stockholm"
Arkitekt-Meri,621021-XXXXRegistrerad verksamhet,,"c/o Meri Söderqvist, Södra Rådmansgatan 29d, 802 51 Gävle"
Trincadeira,630621-XXXXRegistrerad verksamhet,,"Vasavägen 26, Lgh 1201, 169 58 Solna"
Mabäck Media,630427-XXXXRegistrerad verksamhet,,"c/o Mabäck, Bagges Torg 1 b, 443 30 Lerum"
De l'Est,630428-XXXXRegistrerad verksamhet,,"Farkostvägen 4, 181 35 Lidingö"
Helhetsgrepp i Blekinge,640405-XXXXRegistrerad verksamhet,,"c/o Lotta C Widerstedt, Apotekarevägen 10, 371 42 Karlskrona"
ÖPPNARUM,640731-XXXXRegistrerad verksamhet,,"Gistviksvägen 6, 184 63 Åkersberga"
"A Styling, Agnetha Tranberg",631210-XXXXRegistrerad verksamhet,,"Strandvägen 18 a, 444 31 Stenungsund"
Ralf Hanicke Arkitekt & Designer,640531-XXXXRegistrerad verksamhet,,"c/o Ralf Hanicke, Sulvägen 46, 126 40 Hägersten"
MoreTex,630102-XXXXRegistrerad verksamhet,,"c/o Michael Edergren, Bökesåkra 1051, 247 99 Genarp"
moddarna,630812-XXXXRegistrerad verksamhet,,"c/o Tapper, Hjärtonemålavägen 21, 372 96 Backaryd"
Genial,630306-XXXXRegistrerad verksamhet,,"Sjökumla Norrgården 215, 591 92 Motala"
Lisa Johansson STHLM,641201-XXXXRegistrerad verksamhet,,"c/o Lisa Johansson, Yrsavägen 3, 182 55 Djursholm"
Firma Gröna Tråden,630816-XXXXRegistrerad verksamhet,,"Rö 166, 870 15 Utansjö"
EQUALLS,640802-XXXXRegistrerad verksamhet,,"c/o Anette Ekvall, Torslanda Mellangård 30, 423 49 Torslanda"
DETTE Form & Fast,641202-XXXXRegistrerad verksamhet,,"c/o Elizabeth Brännström Jacobson, Stampgatan 8, 411 03 Göteborg"
"Grundströmer Design, Inredning och Styling",641204-XXXXRegistrerad verksamhet,,"c/o Katarina Grundströmer, Nybrogatan 75, 114 40 Stockholm"
Maho Inredning,630504-XXXXRegistrerad verksamhet,,"Hult 16, 332 92 Gislaved"
Rådografen,630701-XXXXRegistrerad verksamhet,,"c/o Susanne Jendel Stenberg, Hustoftavägen 95, 263 91 Höganäs"
DragonFly Feng Shui,640807-XXXXRegistrerad verksamhet,,"c/o Kerstin Wilhelmsson, Lille Kärrnorra 2, 425 34 Hisings Kärra"
bk design,650405-XXXXRegistrerad verksamhet,,"Hedenhösvägen 4, 141 33 Huddinge"
Flake White,641006-XXXXRegistrerad verksamhet,,"c/o Sarah Bergh, Västra Bodarnavägen 61, 441 60 Alingsås"
Applerose Trädgård Design & Arkitektur,650722-XXXXRegistrerad verksamhet,,"Skansvägen 45, 246 57 Barsebäck"
Rönnehill Hem & Trädgård,650523-XXXXRegistrerad verksamhet,,"Prästgården 1, 264 54 Ljungbyhed"
Artemia Hus och trädgård,650406-XXXXRegistrerad verksamhet,,"c/o Svartsjö Slott, Svartsjövägen 2, 179 95 Svartsjö"
Metell arkitekttjänster,650208-XXXXRegistrerad verksamhet,,"c/o Robert Metell, Garmgränd 7f, 187 77 Täby"
Leg. Tandhygienist Anneli Elowson,630824-XXXXRegistrerad verksamhet,,"Regentvägen 22, 132 37 Saltsjö-Boo"
Brunell's Event,640417-XXXXRegistrerad verksamhet,,"c/o Agneta Brunell, Orsavägen 9 b, 192 71 Sollentuna"
Gest Design,630706-XXXXRegistrerad verksamhet,,"Markvardsgatan 2, 113 53 Stockholm"
f karlsson arkitektur,631015-XXXXRegistrerad verksamhet,,"Götgatan 25, 116 46 Stockholm"
Visions with Style,650407-XXXXRegistrerad verksamhet,,"Källtorpsvägen 56, 136 70 Vendelsö"
Lindmark konsult,650210-XXXXRegistrerad verksamhet,,"c/o Ulrika Lindmark, Stenshuvudsvägen 55, 277 35 Kivik"
Form & Arkitektur Mats Edlund,640229-XXXXRegistrerad verksamhet,,"Bellmansgatan 5, 118 20 Stockholm"
STHLM IN DETAIL,640813-XXXXRegistrerad verksamhet,,"c/o Anette Ottosson, Fasanvägen 34, 131 44 Nacka"
Pecan Studio,641011-XXXXRegistrerad verksamhet,,"Väpplingvägen 2 e, 227 38 Lund"
FiNAS WEB OCH FORM,640101-XXXXRegistrerad verksamhet,,"Törnrosvägen 23, 181 61 Lidingö"
Svenshults Blommor & Sånt,640816-XXXXRegistrerad verksamhet,,"Svenshult Natanaels, 511 98 Hyssna"
ANDERS FOLKESSON LANDSKAPSARKITEKTUR,640617-XXXXRegistrerad verksamhet,,"Sövrödsvägen 5, 243 94 Höör"
Sofia Uddén Arkitekt,640304-XXXXRegistrerad verksamhet,,"Artillerigatan 20, 114 51 Stockholm"
Stilmagasinet i Örebro,650731-XXXXRegistrerad verksamhet,,"Tryffelvägen 3, 705 10 Örebro"
Farmors Trädgård,651205-XXXXRegistrerad verksamhet,,"c/o Yvonne Rinman, Seatons Strand 13, 443 32 Lerum"
"Catherinés, antik & Inredning",640422-XXXXRegistrerad verksamhet,,"Styrbjörnsgatan 14 a, 753 35 Uppsala"
Inzpiration & Harmoni i Kungsbacka,641218-XXXXRegistrerad verksamhet,,"Mariedalsvägen 234, 439 34 Onsala"
Maud Bexelius art,641219-XXXXRegistrerad verksamhet,,"Kompanivägen 25, 961 43 Boden"
Sania Hedengren Inredning & Design,650413-XXXXRegistrerad verksamhet,,"Hornsgatan 64b, 118 21 Stockholm"
Borgviks form & idé,630902-XXXXRegistrerad verksamhet,,"Strömsborg, 664 95 Borgvik"
SignCILLA trädgård & landskap,640306-XXXXRegistrerad verksamhet,,"Korallstigen17, 184 92 Åkersberga"
"TIBI, Ann-Christine Fahlander",640424-XXXXRegistrerad verksamhet,,"Smyge Strandväg 101, 231 79 Smygehamn"
Hälsa o Handkraft i Hovås,640822-XXXXRegistrerad verksamhet,,"Högfältsgatan 18, 312 53 Hishult"
Lilla Vind,640823-XXXXRegistrerad verksamhet,,"c/o Anja Rosén, Jutas Backe 1, 111 39 Stockholm"
Hootchi-Kootchi Home,630906-XXXXRegistrerad verksamhet,,"Bruksvägen 4, 595 95 Mjölby"
Almnäs Fastighetsservice,640105-XXXXRegistrerad verksamhet,,"c/o Eila Nyström Vaskelainen, Hanstavik 26, 151 52 Södertälje"
CADTECH Byggkonsult i Halmstad,631028-XXXXRegistrerad verksamhet,,"c/o Erik Nordlander, Timmermansgatan 18 b Lgh 1201, 302 36 Halmstad"
Peters Form & Design,650604-XXXXRegistrerad verksamhet,,"Sandnäset 107 b, 975 94 Luleå"
Mi Lou's trädgård & örter,641224-XXXXRegistrerad verksamhet,,"Åbro Skolväg 16, 816 90 Ockelbo"
E-City Landscape & Art,640107-XXXXRegistrerad verksamhet,,"Box 26, 953 21 Haparanda"
AKC INREDNINGSKONSULT,640623-XXXXRegistrerad verksamhet,,"Mönstringsvägen 46, 184 33 Åkersberga"
MASIKA,651002-XXXXRegistrerad verksamhet,,"Hedenv 33, 821 33 Bollnäs"
Wahlihr,650809-XXXXRegistrerad verksamhet,,"c/o Pär Ihr, Knipprotsvägen 2b, Lgh 1303, 294 40 Sölvesborg"
Kerstin Svenson Radio- och ljudproduktion,640625-XXXXRegistrerad verksamhet,,"Köpmangatan 15, 633 43 Eskilstuna"
Angulus,651214-XXXXRegistrerad verksamhet,,"Karl Xi:S Gata 3 a, 222 20 Lund"
Klättebo,630912-XXXXRegistrerad verksamhet,,"c/o Johan Ekström, Stöpafors 402, 686 93 Sunne"
unnu arkitektur och design,630913-XXXXRegistrerad verksamhet,,"c/o Ulrika Nordkvist, Korngatan 7, 212 20 Malmö"
JCS-Innovation,650226-XXXXRegistrerad verksamhet,,"Lösen 136, 371 94 Lyckeby"
Arrhenius Produktion,640628-XXXXRegistrerad verksamhet,,"Rosenlundsgatan 18, 118 53 Stockholm"
EFVAs HEM &TRÄDGÅRD,650611-XXXXRegistrerad verksamhet,,"Perstorp 358, 305 97 Eldsberga"
BoHus Inredning Göteborg,640114-XXXXRegistrerad verksamhet,,"Föreningsgatan 3, 411 27 Göteborg"
Venditto Import,651008-XXXXRegistrerad verksamhet,,"c/o Alessandro Venditto, Signalistgatan 16, 169 72 Solna"
Kulturbyggnadsbyrån Sven Olof Ahlberg,651221-XXXXRegistrerad verksamhet,,"Saleby, Forsa Kvarn, 531 93 Lidköping"
Form och Funktion-Arkitekt Peter Stockenberg,650612-XXXXRegistrerad verksamhet,,"Sankt Eriksgatan 104, 113 31 Stockholm"
Tant Bruhns Homestyling,640504-XXXXRegistrerad verksamhet,,"c/o Lina Bruhn, Hornsgatan 119, 117 28 Stockholm"
Inredningskonsult Åsa Wiklund,640701-XXXXRegistrerad verksamhet,,"c/o Åsa Wiklund, Växjövägen 19, 382 90 Örsjö"
greasy spoon,660208-XXXXRegistrerad verksamhet,,"Tegelbruksvägen 2, 126 32 Hägersten"
by LO,640704-XXXXRegistrerad verksamhet,,"Kungsätravägen 29a, Bv, 127 37 Skärholmen"
Marsh Design & Inredning,650818-XXXXRegistrerad verksamhet,,"Malmabacke 6h, 756 47 Uppsala"
Ullis DrömStil,650819-XXXXRegistrerad verksamhet,,"c/o Ulrika Malmberg, Tingstad Halltorp 5, 605 94 Norrköping"
Jamtastig kulturmåleri,640319-XXXXRegistrerad verksamhet,,"c/o Forsberg Ylva, Genvalla 260, 832 93 Frösön"
Kulan Arkitekt,640320-XXXXRegistrerad verksamhet,,"c/o Tomas Carlsson, Erikslundsvägen 260, 187 53 Täby"
HYPATIA,650104-XXXXRegistrerad verksamhet,,"Värtavägen 17, 115 53 Stockholm"
nordarc arkitektur och fotografi,660211-XXXXRegistrerad verksamhet,,"Styrbjörnsvägen 7, 126 51 Hägersten"
M:s Room Creations,640906-XXXXRegistrerad verksamhet,,"c/o Martina Kramsova, Humlegårdsvägen 10, 621 46 Visby"
BOBRA Catharina Westin,640908-XXXXRegistrerad verksamhet,,"Klevbergsvägen 4, 179 60 Stenhamra"
Delfina,651228-XXXXRegistrerad verksamhet,,"Karlavägen 13, 181 32 Lidingö"
Make Green Art,640509-XXXXRegistrerad verksamhet,,"c/o Katrine Wallberg, Finnboda Parkväg 8, 131 72 Nacka"
Proceed Now,640909-XXXXRegistrerad verksamhet,,"c/o Äppelluden, Sabbatsbergsvägen 6, 1tr, 113 61 Stockholm"
Maria Berglund Design,660213-XXXXRegistrerad verksamhet,,"Upplandsgatan 28, 113 28 Stockholm"
Arketyp Design,650307-XXXXRegistrerad verksamhet,,"Vasavägen 5, 181 42 Lidingö"
Stay Young Kliniken Lena Thomé,640709-XXXXRegistrerad verksamhet,,"Kommendörsgatan 15, 114 48 Stockholm"
LLinteriör HBG,640322-XXXXRegistrerad verksamhet,,"Halalid 30 b, 254 40 Helsingborg"
Unnegårds Mat & Design,640510-XXXXRegistrerad verksamhet,,"Tjärnvägen 5, 828 31 Edsbyn"
reden-home,640511-XXXXRegistrerad verksamhet,,"Sigurdvägen 9a, 182 54 Djursholm"
electroscope design,651018-XXXXRegistrerad verksamhet,,"c/o Pien, Ringvägen 127 b, 116 61 Stockholm"
Nordic School of Feng Shui,641107-XXXXRegistrerad verksamhet,,"c/o Susanna Qvarfordt, Vinkelvägen 10, 475 41 Hönö"
servo stockholm,660215-XXXXRegistrerad verksamhet,,"Rosenlundsgatan 18, 2 Tr, 118 53 Stockholm"
Tajga Arkitektur,650502-XXXXRegistrerad verksamhet,,"Kennedygatan 9 c, 414 73 Göteborg"
Ingela Design & Consulting EF,650618-XXXXRegistrerad verksamhet,,"Strömsund 203, 955 92 Råneå"
OAgentur,650620-XXXXRegistrerad verksamhet,,"Svaluddsvägen 4, 760 15 Gräddö"
Spirit of Fashion Stockholm,650308-XXXXRegistrerad verksamhet,,"Råsundavägen 104, 1305, 169 50 Solna"
Maria Åkesdotter,640324-XXXXRegistrerad verksamhet,,"c/o Maria Åkesdotter, Annebergsgatan 34, 667 31 Forshaga"
Mara Arkitektur,640129-XXXXRegistrerad verksamhet,,"John Erikssons Gata 7, 112 64 Stockholm"
Andrum,640512-XXXXRegistrerad verksamhet,,"c/o ANDRUM Kristin Alteby, Lindsbro 124, 740 48 Östervåla"
Subrosa Produktioner,640513-XXXXRegistrerad verksamhet,,"Parkgatan 14, 112 30 Stockholm"
Hedenblads Trädgård,660217-XXXXRegistrerad verksamhet,,"Vintervägen 13a, 146 52 Tullinge"
BMV Studio,660218-XXXXRegistrerad verksamhet,,"c/o B Besada, Gustav Iii:S Boulevard 63, 169 73 Solna"
JG Landskapsarkitektur,651021-XXXXRegistrerad verksamhet,,"Kaptensgatan 7 a, 392 36 Kalmar"
Eriks mek & data,640914-XXXXRegistrerad verksamhet,,"Tussmötevägen 142, 122 64 Enskede"
Zetterberg Arkitektur,640714-XXXXRegistrerad verksamhet,,"Polhemsgatan 9, 112 36 Stockholm"
CONPAC-t,650112-XXXXRegistrerad verksamhet,,"Mjörnbacken 12, 443 72 Gråbo"
Mahp Produktion,641113-XXXXRegistrerad verksamhet,,"Hagby Gård 6188, 388 96 Ljungsbyholm"
Made by Janckan,660219-XXXXRegistrerad verksamhet,,"c/o Jannicke Eek Erikson, Gråkullevägen 69, 444 47 Stenungsund"
Maria Falks Byrå,640916-XXXXRegistrerad verksamhet,,"Nynäsvägen 310, 1 Tr, 122 34 Enskede"
Eco Art Home of Sweden,640718-XXXXRegistrerad verksamhet,,"Norra Ingeshult Långås, 515 93 Seglora"
niklas dahlman design,650901-XXXXRegistrerad verksamhet,,"Ribevägen 13 a, 217 46 Malmö"
Ateljé TONDO,650626-XXXXRegistrerad verksamhet,,"Flistadsvägen 3a, 549 31 Tidan"
Mirjam Korn,640917-XXXXRegistrerad verksamhet,,"Västerlånggatan 22, 542 30 Mariestad"
Exakt Area Stockholm,660407-XXXXRegistrerad verksamhet,,"Östgötagatan 47a, 116 25 Stockholm"
Art by Rimsberg,660408-XXXXRegistrerad verksamhet,,"Villagatan 30, 393 51 Kalmar"
Hjelm 2002,660605-XXXXRegistrerad verksamhet,,"Ivar Wikers Väg 6, 436 58 Hovås"
Northcomp,651024-XXXXRegistrerad verksamhet,,"Flygfältsvägen 23 c, 952 61 Kalix"
Gessi,640920-XXXXRegistrerad verksamhet,,"Horneviken 1, 827 31 Ljusdal"
Grön Glädje,651027-XXXXRegistrerad verksamhet,,"Kumla Vad 160, 733 98 Ransta"
thomas lingsell enskilda,660409-XXXXRegistrerad verksamhet,,"c/o lingsell, Karlbergsvägen 16, 113 27 Stockholm"
Krogstorps Gård,660607-XXXXRegistrerad verksamhet,,"Krogstorp 2, 646 94 Björnlunda"
Anette Mörner Inredning och Design,660225-XXXXRegistrerad verksamhet,,"Runebergsgatan 6, 114 29 Stockholm"
Inredning å Sånt i Linköping,660226-XXXXRegistrerad verksamhet,,"c/o Annika Fagerlund, Jägarevägen 19, 587 29 Linköping"
Raffolt inredning & Styling,650905-XXXXRegistrerad verksamhet,,"Gesundaplan 50, 167 43 Bromma"
Susanna Wiklund Produktion,640922-XXXXRegistrerad verksamhet,,"Mosebacke Torg 16, 116 20 Stockholm"
Anders Johansson Arkitekturstudio,660609-XXXXRegistrerad verksamhet,,"c/o Anders Johansson, Rosenlundsgatan 30b 3tr Lgh 1303, 118 53 Stockholm"
GreveGarden,641123-XXXXRegistrerad verksamhet,,"N Härene Grevegården, 531 92 Lidköping"
Charlotte Miöen Fastighetsmäkleri,660228-XXXXRegistrerad verksamhet,,"Torsvikssvängen 9, 181 34 Lidingö"
Perstorps Gård 101,650121-XXXXRegistrerad verksamhet,,"Pilgatan 6, 311 68 Slöinge"
Yvonne Larsson Design,670220-XXXXRegistrerad verksamhet,,"Leipojärvi 22, 982 92 Gällivare"
Studio MIA Mark Inredning Arkitektur,661221-XXXXRegistrerad verksamhet,,"Bringshultsvägen 29, 439 75 Fjärås"
"Rum för alla, Feng shui och homestaging",660811-XXXXRegistrerad verksamhet,,"c/o Susanne Nilsjö, Harvstigen 3, 611 46 Nyköping"
Form by Larsson,660812-XXXXRegistrerad verksamhet,,"c/o Maria Larsson, Reimersholmsgatan 8, 117 40 Stockholm"
Wiecked Production,661015-XXXXRegistrerad verksamhet,,"c/o Pia Wieck, Holmiavägen 11a, 181 31 Lidingö"
madebyannika,661016-XXXXRegistrerad verksamhet,,"Mimergatan 3, 262 44 Ängelholm"
Minnas Lada,670223-XXXXRegistrerad verksamhet,,"c/o Minna Tamminen Blomberg, Stora Söderby 737, 195 93 Märsta"
Zalkov3 Arkitektur & Design,670224-XXXXRegistrerad verksamhet,,"Bokenäs Norra Klev 108, 451 97 Uddevalla"
Whoopsiedaisy's WDEE,670225-XXXXRegistrerad verksamhet,,"Rörstrandsgatan 33 b, 113 40 Stockholm"
LIKE art and design Sweden,651108-XXXXRegistrerad verksamhet,,"Smörviksvägen 2b, 562 50 Månsarp"
Byggfirma Stefan Mattsson,651109-XXXXRegistrerad verksamhet,,"Fänkålsgatan 31, 754 47 Uppsala"
EV Design,660307-XXXXRegistrerad verksamhet,,"Fasanvägen 20, 746 34 Bålsta"
Design och Teknik i Skåne,660122-XXXXRegistrerad verksamhet,,"Sjökaptensvägen 2, 286 72 Åsljunga"
Decorative Room i Kalmar,660617-XXXXRegistrerad verksamhet,,"Västerlånggatan 31 c, 392 33 Kalmar"
arkitop arkitekter,650710-XXXXRegistrerad verksamhet,,"Sofies Väg 10, 434 94 Vallda"
AgDah Form,670227-XXXXRegistrerad verksamhet,,"c/o Agneta Dahlgren, Söderköpingsgatan 26, 252 51 Helsingborg"
Line by Maria,651111-XXXXRegistrerad verksamhet,,"c/o Maria Andersson, Råsundavägen 156, 6tr, 169 36 Solna"
Studio JonKi,671107-XXXXRegistrerad verksamhet,,"Råsundavägen 121 b, 169 50 Solna"
Ålsten Arkitektbyrå,661231-XXXXRegistrerad verksamhet,,"c/o Niclas Hedin, Blackebergsbacken 1 Lgh 1203, 168 52 Bromma"
Complimenti,670101-XXXXRegistrerad verksamhet,,"Stigbergsgatan 27, 116 28 Stockholm"
de Gysser Arkitekt,670427-XXXXRegistrerad verksamhet,,"Strandvägen 3, 623 65 Ljugarn"
Gröna Uterum Stockholm,660620-XXXXRegistrerad verksamhet,,"c/o Susanne Olsson, Pukslagargatan 49, 125 58 Älvsjö"
Ingrid Backman Design,660310-XXXXRegistrerad verksamhet,,"Höggeröd 463, 473 92 Henån"
art&architecture bomans,660819-XXXXRegistrerad verksamhet,,"Trädgårdstorget 2 d, 582 24 Linköping"
Roslagens MPT,670903-XXXXRegistrerad verksamhet,,"Gläntvägen 2, Lgh 1403, 183 63 Täby"
Salong Pausen,670428-XXXXRegistrerad verksamhet,,"Helgedalsvägen 1, 141 60 Huddinge"
Claesson Green Design,661025-XXXXRegistrerad verksamhet,,"c/o Maria Claesson, Fågelviksvägen 95, 134 64 Ingarö"
anna ulrica ericsson firma arkitektur,660311-XXXXRegistrerad verksamhet,,"Södermannag. 53, 116 66 Stockholm"
Peter Ehrlin grafisk form,660312-XXXXRegistrerad verksamhet,,"Ösmogatan 14, 122 48 Enskede"
Syntolkspoolen Sverige,650920-XXXXRegistrerad verksamhet,,"Limhamnsvägen 12 a, 217 59 Malmö"
Praktwerk,660823-XXXXRegistrerad verksamhet,,"c/o Rolf Svartström, Hövdingagatan 23, 126 52 Hägersten"
Nj 07 i Finspång,670907-XXXXRegistrerad verksamhet,,"Berganäsvägen 4, 612 91 Finspång"
Infinite Design SoB,651115-XXXXRegistrerad verksamhet,,"c/o Gun Nilsson, Sköntorpsvägen 1, 120 38 Årsta"
EKID,660424-XXXXRegistrerad verksamhet,,"c/o Per Blomberg, Sofiaparken 3b, 222 41 Lund"
Formbolaget Gezelius,660129-XXXXRegistrerad verksamhet,,"Jumkilsgatan 17, 752 18 Uppsala"
DogButler,651117-XXXXRegistrerad verksamhet,,"Kvarndammsvägen 19, 442 97 Kode"
F&G Konsult,651118-XXXXRegistrerad verksamhet,,"c/o Ernesto Fuentes, Larsbergsvägen 27 Lgh 1104, 181 38 Lidingö"
Katarina Ehn Samtalsterapeut och samtalscoach,671115-XXXXRegistrerad verksamhet,,"Vasaloppsvägen 96, 129 45 Hägersten"
MB Bygg & Inredning,670307-XXXXRegistrerad verksamhet,,"Tennisvägen 16 a, 192 77 Sollentuna"
c/o Anna Sedin,660427-XXXXRegistrerad verksamhet,,"c/o Anna Sedin, Neptunistigen 38, 165 71 Hässelby"
Sannalin,660130-XXXXRegistrerad verksamhet,,"Sjöfartsgatan 11, 120 62 Stockholm"
Humlegårdens Inredning och Design,670502-XXXXRegistrerad verksamhet,,"c/o Fransson/Tan, Karlavägen 62 b, 114 49 Stockholm"
Arklab Stockholm,661029-XXXXRegistrerad verksamhet,,"Lorensbergsgatan 3, 117 33 Stockholm"
Kreativ Ordning Rölle,660315-XXXXRegistrerad verksamhet,,"Andra Långgatan 34, Lgh 1201, 413 27 Göteborg"
Mango ark.,680329-XXXXRegistrerad verksamhet,,"c/o Mikael Bäckman, Syrénvägen 1, 371 62 Lyckeby"
Vedevågs Trädgård,660429-XXXXRegistrerad verksamhet,,"Östra Borsvägen 17, 711 72 Vedevåg"
Decorsia,670308-XXXXRegistrerad verksamhet,,"Stadsskogsgatan 26e, 441 44 Alingsås"
Nido,670505-XXXXRegistrerad verksamhet,,"Alviksvägen 93, 167 53 Bromma"
KJELL NORD PRODUKTION,670704-XXXXRegistrerad verksamhet,,"Stuartsgatan 6, Lgh1401, 412 60 Göteborg"
MammutDesign,670105-XXXXRegistrerad verksamhet,,"Bossevägen 1e, 393 64 Kalmar"
easy living by mia,660317-XXXXRegistrerad verksamhet,,"c/o Maria Korva Johansson, Bergsmansgränd 30, 791 73 Falun"
Kubik Arkitekter Madeleine Nobis,660502-XXXXRegistrerad verksamhet,,"Järnåkravägen 15a, 222 25 Lund"
KONSYS,670705-XXXXRegistrerad verksamhet,,"Lisselbovägen 18, 791 96 Falun"
Styled by CL,680129-XXXXRegistrerad verksamhet,,"Kvarnvägen 8, 756 55 Uppsala"
Helena Johansson Arkitektur,671125-XXXXRegistrerad verksamhet,,"c/o Helena Johansson, Sköndalsvägen 125, 128 68 Sköndal"
Curtain House,670917-XXXXRegistrerad verksamhet,,"Gästabudsvägen 6, 141 30 Huddinge"
Gisela Inreder,661107-XXXXRegistrerad verksamhet,,"Industrivägen 5, 746 40 Bålsta"
Kruse Arkitektkontor,670708-XXXXRegistrerad verksamhet,,"Stampgatan 8, 411 01 Göteborg"
Växande Design,680404-XXXXRegistrerad verksamhet,,"Kyrkvägen 7, 913 42 Obbola"
PAD arkitekter,651126-XXXXRegistrerad verksamhet,,"Ringvägen 87 A, 1 Tr, 118 61 Stockholm"
Nordstrands Nya i Djupvik,670314-XXXXRegistrerad verksamhet,,"Lund 2, 471 98 Fagerfjäll"
Nödinge Ekonomitjänst,670710-XXXXRegistrerad verksamhet,,"c/o Annelie Hedbom, Änggårdsvägen 8, 449 40 Nol"
Lena Johanson arkitektkontor,661109-XXXXRegistrerad verksamhet,,"Soltorpsvägen 12, 182 33 Danderyd"
One Creation,680201-XXXXRegistrerad verksamhet,,"Norrholmsvägen 186, 132 31 Saltsjö-Boo"
THE WEISS HOUSE,680202-XXXXRegistrerad verksamhet,,"Valhallavägen 152 c, 115 24 Stockholm"
Stockholm Akupressur,680203-XXXXRegistrerad verksamhet,,"Tallgatan 10, 172 69 Sundbyberg"
Arkitekturverkstan Stockholm,671128-XXXXRegistrerad verksamhet,,"c/o Therese Sonehag, Själsö Själsövägen 5, Brucebo, 622 76 Visby"
malou artform,671129-XXXXRegistrerad verksamhet,,"c/o Malou Anna Maritta Nevhage, Nygatan 6, 233 31 Svedala"
Åre Vodka,680605-XXXXRegistrerad verksamhet,,"c/o Charlotte Bladh, Blekingegatan 40 b, 116 62 Stockholm"
Jens Löfstedt Bygg & Inredning,680606-XXXXRegistrerad verksamhet,,"Högklint, Storklevsvägen 5, 622 61 Visby"
FENJA färg & interiör,660507-XXXXRegistrerad verksamhet,,"Florettvägen 2, 184 60 Åkersberga"
A2M Fastighet & Projekt,680407-XXXXRegistrerad verksamhet,,"c/o Antonio Ameijenda, Lilla Aspuddsvägen 2 Lgh 1201, 126 49 Hägersten"
Stockholms Ordning & Inreda,680819-XXXXRegistrerad verksamhet,,"Vitvingevägen 48, 141 37 Huddinge"
Ljust nu,670115-XXXXRegistrerad verksamhet,,"c/o Tomas Fridborg, Tegelmästargården 17, 703 50 Örebro"
Batalov Pics,670116-XXXXRegistrerad verksamhet,,"Finnbergsvägen 32, 131 31 Nacka"
Nettans,670923-XXXXRegistrerad verksamhet,,"Fredhällsgatan 11, 112 54 Stockholm"
Jelena,670516-XXXXRegistrerad verksamhet,,"c/o Jelena Rundqvist, Norra Bro 110, Almbro Gård, 705 94 Örebro"
Ellinor Garden,680608-XXXXRegistrerad verksamhet,,"c/o Ellinor Carlén, Gladövägen 56, 141 91 Huddinge"
Desicon,660508-XXXXRegistrerad verksamhet,,"Vasagatan 13 a, 541 50 Skövde"
ENGSROOM,670714-XXXXRegistrerad verksamhet,,"Alvik Alviksvägen 109, 793 97 Siljansnäs"
camilla h - färg form & funktion,670317-XXXXRegistrerad verksamhet,,"c/o Camilla Hassbjer, Sundsliden 13, 254 81 Helsingborg"
NLS N.L. Söderlind,660328-XXXXRegistrerad verksamhet,,"Box 1089, 269 21 Båstad"
Södra Tullens Diversehandel Östhammar,670925-XXXXRegistrerad verksamhet,,"c/o Charlotte Köhler, Södra Tullportsgatan 7, 742 32 Östhammar"
Y Arkitekt,671206-XXXXRegistrerad verksamhet,,"c/o Ylva Kvist Trelje, Fasanvägen 14, 647 93 Mariefred"
Brave Productions,670718-XXXXRegistrerad verksamhet,,"Benestad, 273 91 Tomelilla"
Ulrika Höglund Form,661115-XXXXRegistrerad verksamhet,,"Gustavsbo 7, 783 93 Stora Skedvi"
K-STRUCT,660914-XXXXRegistrerad verksamhet,,"Förrådsgatan 18, 169 39 Solna"
Lindén design by Ulrika,680823-XXXXRegistrerad verksamhet,,"Kristoffersväg 4, 448 33 Floda"
MaxJohan,670120-XXXXRegistrerad verksamhet,,"c/o Jacobsson, Stockholm, 112 69 Stockholm"
Olivero Gård,670927-XXXXRegistrerad verksamhet,,"Lyckebovägen 386-6, 231 93 Trelleborg"
Eriksdal Trädgård & Design,660714-XXXXRegistrerad verksamhet,,"c/o Lena Boskär-Lööf, Finnshyttan Eriksdal 144, 713 94 Nora"
Diana Larsson Konsult,660715-XXXXRegistrerad verksamhet,,"c/o Diana Larsson, Storängens Strandväg 7, 131 41 Nacka"
Gislev of Sweden,660716-XXXXRegistrerad verksamhet,,"Motellvägen 9, 439 54 Åsa"
Monello Interiör,680824-XXXXRegistrerad verksamhet,,"c/o Thérèse Strand, Erik Dahlbergsgatan 35, 115 32 Stockholm"
Fa. Arkitekt Thomas Marcks,670122-XXXXRegistrerad verksamhet,,"Ullerudsbacken 62, 123 73 Farsta"
ODYSSEASART,670520-XXXXRegistrerad verksamhet,,"Österlånggatan 63, 503 37 Borås"
Alvedahl Design & Byggnadsrenovering,670521-XXXXRegistrerad verksamhet,,"Friggavägen 15, 187 77 Täby"
atomark,671211-XXXXRegistrerad verksamhet,,"Gaveliusgatan 4, 116 41 Stockholm"
Homestyleväst,680615-XXXXRegistrerad verksamhet,,"Granvägen 57 Varberg, 432 33 Varberg"
Maries interior & design,670723-XXXXRegistrerad verksamhet,,"Berghamnsvägen 68, 165 71 Hässelby"
Cushion me happy!,680214-XXXXRegistrerad verksamhet,,"c/o Cecilia Neuman, Karlavägen 70, 114 59 Stockholm"
AK Blomarkitekt,680827-XXXXRegistrerad verksamhet,,"Danderydsvägen 16a, 182 66 Djursholm"
Krealorum,670725-XXXXRegistrerad verksamhet,,"c/o Jonas Haglund, Skacksjö 13, 686 96 Östra Ämtervik"
Black Swan designstudio,671001-XXXXRegistrerad verksamhet,,"Granskullegatan 1, 504 61 Borås"
Mark Architecture,680215-XXXXRegistrerad verksamhet,,"Sollentunavägen 285, Lgh 102, 191 36 Sollentuna"
Stetter formgivning & inredning,670525-XXXXRegistrerad verksamhet,,"Löpargränd 4, 178 36 Ekerö"
MGUS Innovation,680622-XXXXRegistrerad verksamhet,,"c/o Michael Jurén, Magnoliavägen 1, 762 93 Rö"
Mia Erlandsson grafisk form två plus två,671004-XXXXRegistrerad verksamhet,,"Västergatan 18a, 211 21 Malmö"
Almberg Form & planering,671218-XXXXRegistrerad verksamhet,,"c/o Almberg, Torbjörn Klockares Gata 14, 113 30 Stockholm"
inredmedmig i Stockholm,671005-XXXXRegistrerad verksamhet,,"c/o Erika Drotte, Häggkullevägen 10, 184 39 Åkersberga"
Västibyns Tapetseri & Inredning,660725-XXXXRegistrerad verksamhet,,"Lindhagensplan 45, 5 Tr, 112 43 Stockholm"
Creative by Annika,660520-XXXXRegistrerad verksamhet,,"c/o Annika Lindskog, Skalla Hamnväg 16e, 647 35 Mariefred"
PRETTY HOME,660922-XXXXRegistrerad verksamhet,,"Flygtornsvägen 9, 423 36 Torslanda"
"LUPA - landskap, urbanism och arkitektur",671008-XXXXRegistrerad verksamhet,,"Danska Vägen 30, 226 39 Lund"
Syntes förlag Stockholm,680625-XXXXRegistrerad verksamhet,,"c/o Pär Eliaeson, Vidängsvägen 34, 167 36 Bromma"
Emelie Production,680908-XXXXRegistrerad verksamhet,,"Regeringsgatan 91, 111 39 Stockholm"
Jentzen Arkitektkontor och Produkt Studio,681105-XXXXRegistrerad verksamhet,,"c/o Kristina Jentzen, Bränningestrandsv. 47, 151 39 Södertälje"
Migrointerior,680424-XXXXRegistrerad verksamhet,,"c/o Charlotte Rosqvist, Morkullevägen 14, 218 32 Bunkeflostrand"
Gouttes de Beauté Advanced Skincare,680911-XXXXRegistrerad verksamhet,,"c/o Noémi Csilla Csiki, Skomakarebyn 7f Lgh1212, 218 41 Bunkeflostrand"
ma design,670602-XXXXRegistrerad verksamhet,,"c/o Markus Andersson, Linnedalsvägen 11, 438 96 Hällingsjö"
Morgan Rudberg Arkitektur & Design,660926-XXXXRegistrerad verksamhet,,"Husabyvägen 23, 126 50 Hägersten"
Åsa Fröberg Homestyling,681111-XXXXRegistrerad verksamhet,,"c/o Åsa Fröberg, Vintervägen 10, 182 74 Stocksund"
TB Productions,680228-XXXXRegistrerad verksamhet,,"Slättnevägen 12 d, 680 60 Sysslebäck"
Better Living Stockholm,680427-XXXXRegistrerad verksamhet,,"c/o Walton, Heleneborgsgatan 36a, 117 32 Stockholm"
Finemagnus produktion & projekt,660930-XXXXRegistrerad verksamhet,,"c/o Ählström, Ekoxegränd 26, 187 41 Täby"
Uddagumman,680916-XXXXRegistrerad verksamhet,,"c/o Carin Theorell Järudd, Erstaviks Kvarnväg 8, 133 36 Saltsjöbaden"
viken design,670811-XXXXRegistrerad verksamhet,,"Backalyckan 13, 263 65 Viken"
Själ form & inredning,680430-XXXXRegistrerad verksamhet,,"Kulla-Nyby 8, 749 62 Örsundsbro"
Scentcommunications,661003-XXXXRegistrerad verksamhet,,"Korallstigen 23, 184 92 Åkersberga"
Icon Architecture,680917-XXXXRegistrerad verksamhet,,"c/o BOLLTER, Brunbärsvägen 8, 114 21 Stockholm"
JORDNÄRA arkitektur Jenny Andersson,681118-XXXXRegistrerad verksamhet,,"Endre Stenstugu 424, 621 77 Visby"
SSEV Kakel & Bygg,680305-XXXXRegistrerad verksamhet,,"Mockasinvägen 4, 126 39 Hägersten"
Karin Lindström Inredning,661005-XXXXRegistrerad verksamhet,,"Sundbyvägen 6 b, 645 51 Strängnäs"
By Frick,670206-XXXXRegistrerad verksamhet,,"c/o Rydell, Birger Jarlsgatan 104, 114 21 Stockholm"
Per Söderberg Arkitektkontor,681119-XXXXRegistrerad verksamhet,,"Lundagatan 39, 117 27 Stockholm"
BladRum Trädgårdsdesign,661213-XXXXRegistrerad verksamhet,,"Sjöutsikten 31, 178 40 Ekerö"
ARKITEXT & FORM,670411-XXXXRegistrerad verksamhet,,"Styrljusvägen 14, 423 40 Torslanda"
Elleightdesign,661007-XXXXRegistrerad verksamhet,,"Follingbo Slättflishage 417, 621 91 Visby"
Style Up Your Home Stockholm,671022-XXXXRegistrerad verksamhet,,"Solbackavägen 17, 191 49 Sollentuna"
MostadStäd o service,680309-XXXXRegistrerad verksamhet,,"c/o Mia Mostad, Västrabyvägen 29, 254 70 Kattarp"
Sweet Magnolia,710519-XXXXRegistrerad verksamhet,,"c/o Jenny Tejle, Mjärdesvägen 47, 271 71 Nybrostrand"
Scenario (Hanna Heilborn FA),680922-XXXXRegistrerad verksamhet,,"c/o Story AB, Kocksgatan 31, 116 24 Stockholm"
Fabrika GBG,680507-XXXXRegistrerad verksamhet,,"c/o Magdalena Forshamn, Lilla Risåsgatan 22 Lgh 1501, 413 04 Göteborg"
finsnickeri S,661008-XXXXRegistrerad verksamhet,,"Skattungbyn 1412, 794 91 Orsa"
PEONY INTERIOR,690903-XXXXRegistrerad verksamhet,,"Fyrvaktarkroken 30, 121 32 Enskededalen"
Mystilo,670210-XXXXRegistrerad verksamhet,,"Lövbergavägen 5, 132 39 Saltsjö-Boo"
Molnhavet,681126-XXXXRegistrerad verksamhet,,"Restalundsvägen 93, 702 16 Örebro"
FORMORAMA,710523-XXXXRegistrerad verksamhet,,"Krikonvägen 3 a, 432 32 Varberg"
LUVLAB,661218-XXXXRegistrerad verksamhet,,"Platåvägen 18, 132 48 Saltsjö-Boo"
Viveka Gil PR och Kostymservice,661010-XXXXRegistrerad verksamhet,,"Torkel Knutssonsgatan 9, 118 25 Stockholm"
Arkitekt Olga Altug,750108-XXXXRegistrerad verksamhet,,"Kommendörsgatan 8 P, 3 Tr, 114 48 Stockholm"
Interius,681128-XXXXRegistrerad verksamhet,,"Valutavägen 37, 129 34 Hägersten"
NOGGRANN i Östergötland,730215-XXXXRegistrerad verksamhet,,"Brandmästarvägen 4, 618 30 Kolmården"
Sonja Olsson Berring trädgårdsdesign,681130-XXXXRegistrerad verksamhet,,"Gömmebergsvägen 34, 472 31 Svanesund"
Knippla Easytech,770418-XXXXRegistrerad verksamhet,,"Box 70, 475 13 Källö-Knippla"
Jacob Sivander Arkitektur,710528-XXXXRegistrerad verksamhet,,"Gamla Sjökarbyvägen 3, 184 33 Åkersberga"
Annika Brunnberg Design och Screentryck,671102-XXXXRegistrerad verksamhet,,"Tycke 150, 694 94 Vretstorp"
de Belder design,770421-XXXXRegistrerad verksamhet,,"Nåntuna Backe 29,, 757 59 Uppsala"
Granbacka Bygg & Konsult,680118-XXXXRegistrerad verksamhet,,"c/o Joakim Lundqvist, Förola 2, 611 93 Nyköping"
Pretty Paper,791220-XXXXRegistrerad verksamhet,,"c/o Hansen, Fasanvägen 29, 131 44 Nacka"
"Studio N - Inredning, Styling & Textil",750116-XXXXRegistrerad verksamhet,,"c/o Studio N, Alviksvägen 67, 167 53 Bromma"
Lillemor Johansson Design,681208-XXXXRegistrerad verksamhet,,"c/o Lillemor Joansson, Bollmoravägen 35, 135 42 Tyresö"
Studio Hertzell,680321-XXXXRegistrerad verksamhet,,"Banérgatan 27, 115 22 Stockholm"
Silfverskiöld Design,770427-XXXXRegistrerad verksamhet,,"Artillerigatan 20, 114 51 Stockholm"
RailRoad,681005-XXXXRegistrerad verksamhet,,"Valfrid Brodds Väg 31, 165 71 Hässelby"
MA Reklam,920603-XXXXRegistrerad verksamhet,,"c/o Emma Hellgren, Parkgatan 9, 784 32 Borlänge"
Shades by Victoria,920605-XXXXRegistrerad verksamhet,,"c/o Victoria Starkhammar, Svartviksslingan 15, 167 38 Bromma"
Kerttu Design Studio,730221-XXXXRegistrerad verksamhet,,"c/o Kerttu Heiskanen, Fränstavägen 361, 840 12 Fränsta"
Kungsladugården vint but mint consulting,730222-XXXXRegistrerad verksamhet,,"Fogdegårdsvägen 2, 736 93 Kungsör"
Prägel Arkitektur Linnea Gillberg,861205-XXXXRegistrerad verksamhet,,"Ekastorp 4451, 242 94 Hörby"
Sjöstedt arkitektur och natur,750121-XXXXRegistrerad verksamhet,,"c/o Malin Sjöstedt, Östergatan 37, 462 31 Vänersborg"
Korrektiv - Larsdotter,681209-XXXXRegistrerad verksamhet,,"Fristad, 610 24 Vikbolandet"
Sofia Sandqvist Landskapsarkitektur,681210-XXXXRegistrerad verksamhet,,"Ingvarsgatan 31, 753 34 Uppsala"
Mattias Palme Arkitektkontor,680518-XXXXRegistrerad verksamhet,,"c/o Rothschild, Prästgatan 44 a, 111 29 Stockholm"
Niski Nowa,681007-XXXXRegistrerad verksamhet,,"Midnattssolsvägen 3a, 981 30 Kiruna"
Bets Space,920611-XXXXRegistrerad verksamhet,,"c/o Gunarsson, Inteckningsvägen 43, 129 31 Hägersten"
A.T. Inredning & design,920612-XXXXRegistrerad verksamhet,,"Skogsklockevägen 56, 181 57 Lidingö"
Daniel Starnberg Design & Engineering,770501-XXXXRegistrerad verksamhet,,"c/o Daniel Starnberg, Dammsjöstigen 8, 805 97 Gävle"
Mettes blommor och styling,830128-XXXXRegistrerad verksamhet,,"Bomelstorp 1 Björsäter, 597 94 Åtvidaberg"
Blank Space Arkitekter,830129-XXXXRegistrerad verksamhet,,"Gösta Ekmans Väg 15, 129 35 Hägersten"
Josea,920620-XXXXRegistrerad verksamhet,,"Honungsvägen 29, 302 76 Halmstad"
Bonlee Interiör,920621-XXXXRegistrerad verksamhet,,"Solbacka 21, 781 90 Borlänge"
ALEXA Café & Interiör,920626-XXXXRegistrerad verksamhet,,"Östra Vadje 21, 685 93 Torsby"
Näsets Marcusgård,681009-XXXXRegistrerad verksamhet,,"c/o Willem Terstegen, Näset Timmervägen 28, 790 70 Furudal"
By Jonas Bygg & Interiör,690921-XXXXRegistrerad verksamhet,,"Marknadsvägen 39, 183 78 Täby"
TÄNK - arkitektur och gestaltning,690922-XXXXRegistrerad verksamhet,,"c/o Örjan Bodin, Roslagsgatan 37, 113 54 Stockholm"
Ekoplan arkitekt,710608-XXXXRegistrerad verksamhet,,"c/o Csaba Dér, Gröndalsvägen 148, 1708, 117 68 Stockholm"
Sanelma,680327-XXXXRegistrerad verksamhet,,"c/o Hall, Arenav. 5, 191 35 Sollentuna"
EyeForDesign MN,770508-XXXXRegistrerad verksamhet,,"Enbärsvägen 4, 266 52 Vejbystrand"
Viona Haven Academy,830131-XXXXRegistrerad verksamhet,,"c/o Viona Kali Haven Mattsson, Bergsvägen 37, 444 42 Stenungsund"
Letsgrow,830204-XXXXRegistrerad verksamhet,,"c/o Lets Grow, Djäknegatan 24, 754 25 Uppsala"
Staver Home,920702-XXXXRegistrerad verksamhet,,"Bigarråslingan 2, 269 44 Båstad"
Gestaltningsbyrån Små Stories,920719-XXXXRegistrerad verksamhet,,"c/o Martina Antonino, Länsmansgatan 2, 724 75 Västerås"
PM Trädgård & Design,680804-XXXXRegistrerad verksamhet,,"Ryttmästarevägen 5, 302 35 Halmstad"
Sandy Meneses Polo,861230-XXXXRegistrerad verksamhet,,"Eriksdalsgatan 3b 1505, 212 16 Malmö"
Magnolia Design & inredning,750130-XXXXRegistrerad verksamhet,,"Upplanda 345, 740 46 Östervåla"
Anna Fogelklou landskapsarkitektur,830207-XXXXRegistrerad verksamhet,,"c/o Anna Fogelklou, Konsulns Väg 11b, 254 82 Helsingborg"
LYCKLIGA RUM,681017-XXXXRegistrerad verksamhet,,"Matrosgränd 4, 452 36 Strömstad"
Örnkonsult,920806-XXXXRegistrerad verksamhet,,"Hagävgen 3, 911 33 Vännäs"
Homestyling by LC,710609-XXXXRegistrerad verksamhet,,"Tegnersgatan 9a, 412 52 Göteborg"
Olivers DesignInredningsLab,690926-XXXXRegistrerad verksamhet,,"Lindhagensgatan 144, 112 15 Stockholm"
Karin Uggla Dekoratör & Inredare,730307-XXXXRegistrerad verksamhet,,"Anbudsvägen 87, 187 50 Täby"
Mona Ouamer AB,920814-XXXXRegistrerad verksamhet,,"Stationsgatan 1, 172 68 Sundbyberg"
LENA GRAN DESIGN,830212-XXXXRegistrerad verksamhet,,"Älggatan 18 a Lgh 1202, 216 13 Limhamn"
Tornedalen park & trädgård,680530-XXXXRegistrerad verksamhet,,"Matarengivägen 33, 957 31 Övertorneå"
Brow & Wow STOCKHOLM,870113-XXXXRegistrerad verksamhet,,"c/o Sofia Sendow, C/O Uniiq Slättgårdsvägen 1, 129 41 Hägersten"
Hälsa Hem,681225-XXXXRegistrerad verksamhet,,"Järvstigen 11, 343 36 Älmhult"
OPERO Plan & Bygg,920822-XXXXRegistrerad verksamhet,,"c/o Tomas Eriksson, Staffansgatan 11a, 802 82 Gävle"
KASIA ENTREPRENAD,800120-XXXXRegistrerad verksamhet,,"Ljungvagen 17, 343 35 Älmhult"
Inredningskreatören Lotta Jansson,770517-XXXXRegistrerad verksamhet,,"Rönnaräcksvägen 26, 429 34 Kullavik"
CKe Design,750205-XXXXRegistrerad verksamhet,,"Nysätersvägen 22b, 741 42 Knivsta"
MONSIEUR PASSEPARTOUT,830219-XXXXRegistrerad verksamhet,,"Berghällsv 5, 163 45 Spånga"
T.Vintage,830221-XXXXRegistrerad verksamhet,,"Äspetsskola 171, 247 99 Genarp"
Foton Design Ulrika Wänström,691002-XXXXRegistrerad verksamhet,,"Träringen 30, 416 79 Göteborg"
Projekt Egenart,681229-XXXXRegistrerad verksamhet,,"Droskvägen 3, 218 53 Klagshamn"
Björnsdotter Design STHLM,800125-XXXXRegistrerad verksamhet,,"c/o Ewa Björnsdotter, Tjäderslingan 32, 148 40 Segersäng"
Room Ideas,750210-XXXXRegistrerad verksamhet,,"c/o Helena Hedkvist, Pär-Lars Gata 5, 941 46 Piteå"
Elli de Val,830222-XXXXRegistrerad verksamhet,,"Rörstrandsgatan 15, 113 40 Stockholm"
Jofre Casanovas Studio,870123-XXXXRegistrerad verksamhet,,"c/o Söderhielm, Södermannagatan 66 a Lgh 1001, 116 65 Stockholm"
IAG Byggteknik & Arkitektur,870128-XXXXRegistrerad verksamhet,,"c/o Ivar Anås Gunnemark, Svanvik 556, 471 72 Hjälteby"
Aldén Arkitektur,920916-XXXXRegistrerad verksamhet,,"Doktor Liborius Gata 20a, 413 23 Göteborg"
Frida Rosenberg Studio,750213-XXXXRegistrerad verksamhet,,"Egnahemsvägen 61, 141 37 Huddinge"
Studio Ryda,920923-XXXXRegistrerad verksamhet,,"Eling Brodalen 1, 534 61 Vedum"
Jim Brunnestom Arkitektur,800131-XXXXRegistrerad verksamhet,,"c/o Jim Brunnestom, Sankt Knuts Väg 9, 211 57 Malmö"
Arkitektfirma Fredrik Zachrisson,770531-XXXXRegistrerad verksamhet,,"c/o Fredrik Zachrisson, Jungfrugatan 26, 114 44 Stockholm"
Konsultbyrån NikOli,710623-XXXXRegistrerad verksamhet,,"c/o Najic, Lurvägen 8, 152 59 Södertälje"
TF Kreativtt Design,921004-XXXXRegistrerad verksamhet,,"Vetegatan 19, 942 35 Älvsbyn"
Doms,921021-XXXXRegistrerad verksamhet,,"Vitemöllegatan 12 c, 214 42 Malmö"
Grönare Grönt i Sverige,800205-XXXXRegistrerad verksamhet,,"Nordreviksvägen 15a, 427 37 Billdal"
Nikou design,800208-XXXXRegistrerad verksamhet,,"Sörskogsvägen 22 Bv, 141 33 Huddinge"
Sylinder,830313-XXXXRegistrerad verksamhet,,"Ripans Väg 12, 139 71 Stavsnäs"
Fanny Stenberg Studio,730321-XXXXRegistrerad verksamhet,,"c/o OUR, Heleneborgsgatan 38, N.b, 117 32 Stockholm"
Originéa,691013-XXXXRegistrerad verksamhet,,"Åsögatan 89, 118 29 Stockholm"
Regal Panel,870213-XXXXRegistrerad verksamhet,,"c/o Nikola Krstic, Albyvägen 19, 145 57 Norsborg"
MR. Figure,750219-XXXXRegistrerad verksamhet,,"Sveas Väg 10, 261 94 Annelöv"
RONA,921025-XXXXRegistrerad verksamhet,,"c/o Johanna Salomonsson, S:T Knuts Väg 10 a, 211 57 Malmö"
Studio ELW,870219-XXXXRegistrerad verksamhet,,"Aspekärr 146, 459 93 Ljungskile"
Smedsuddsbacken,800215-XXXXRegistrerad verksamhet,,"Smedsuddsvägen 10, 112 35 Stockholm"
Topical Island,830320-XXXXRegistrerad verksamhet,,"Bjurholmsplan 21, 116 63 Stockholm"
ZoyArt Studio,830321-XXXXRegistrerad verksamhet,,"Flygkårsvägen 41 d, 183 62 Täby"
Habitat by Anna,730326-XXXXRegistrerad verksamhet,,"Solviksvägen 20, 236 33 Höllviken"
Fond arkitektkontor,690109-XXXXRegistrerad verksamhet,,"c/o wennerbergsgatan 2, Wennerbergsgatan 2, 112 58 Stockholm"
Rehn Advisory Arkitektur & Strategi,691020-XXXXRegistrerad verksamhet,,"c/o Mattias Rehn, Storgatan 26, 703 61 Örebro"
Merde,870302-XXXXRegistrerad verksamhet,,"c/o Rachel Lachenardiere, Katarina Bangata 19, 116 39 Stockholm"
Sara Gärdén Design,800219-XXXXRegistrerad verksamhet,,"Edsgatan 24 e, 462 30 Vänersborg"
Hybrido Artwork,800223-XXXXRegistrerad verksamhet,,"Sofielundsplan 55, 121 35 Johanneshov"
VILDA WALLS,921123-XXXXRegistrerad verksamhet,,"c/o Alvia Elfstrand, Artillerigatan 79, 114 45 Stockholm"
Mana studio,921128-XXXXRegistrerad verksamhet,,"c/o Max Sandström, Domargränd 7, 129 47 Hägersten"
NAWECO design & service,770616-XXXXRegistrerad verksamhet,,"Holmestad Stenstan 3, 533 91 Götene"
J Inredning & Design,730330-XXXXRegistrerad verksamhet,,"c/o Malin Juhlin, Gultbrunnsvägen 26, 633 47 Eskilstuna"
Petra Karsenbarg Arkitektur och Design,690111-XXXXRegistrerad verksamhet,,"c/o Zumo, Åsögatan 140, Ög, 116 24 Stockholm"
Tentwentytwo,691022-XXXXRegistrerad verksamhet,,"c/o Eva Ununger, Mariatorget 7 Lgh 1203, 118 48 Stockholm"
Djurgårdsgrinds inredning,870307-XXXXRegistrerad verksamhet,,"c/o Frida Rosenlind, Södertäljevägen 120c, 137 93 Tungelsta"
Lina Westsjö,870308-XXXXRegistrerad verksamhet,,"c/o Lina Westsjö, Ranelidsgatan 21, 432 53 Varberg"
Amabilis form & natur,750226-XXXXRegistrerad verksamhet,,"Kadettvägen 14, 237 32 Bjärred"
Koia arkitektur,921213-XXXXRegistrerad verksamhet,,"Breviksvägen 48, 135 68 Tyresö"
HOME BY YOU,770617-XXXXRegistrerad verksamhet,,"Brastad 118, 454 91 Brastad"
The pink midget,710708-XXXXRegistrerad verksamhet,,"c/o Nilsson, Västerplana Stålarp 1, 531 95 Källby"
By Kirkegaard,830330-XXXXRegistrerad verksamhet,,"Bispvägen 22, 239 41 Falsterbo"
Interior Design Factory Sweden,730331-XXXXRegistrerad verksamhet,,"c/o Victoria Blixt, Västra Kyrkogatan 3 a, 621 56 Visby"
Studio Scheibe,691026-XXXXRegistrerad verksamhet,,"Rosenhällsvägen 7, 611 35 Nyköping"
Terräng,830406-XXXXRegistrerad verksamhet,,"c/o Anders Gustafsson, Lilla Varvsgatan 24, 211 75 Malmö"
Torill Deco,691028-XXXXRegistrerad verksamhet,,"Sveavägen 102, 113 50 Stockholm"
Stjärnmagnolias design,870320-XXXXRegistrerad verksamhet,,"Kjällstorpsgatan 15, 254 58 Helsingborg"
Pepita,750302-XXXXRegistrerad verksamhet,,"c/o Johanna Augustinson, Brennervägen 24, 168 55 Bromma"
BlEmma Design,730404-XXXXRegistrerad verksamhet,,"Sunderbyvägen 45, 954 42 Södra Sunderbyn"
Valizadeh City Concept,770625-XXXXRegistrerad verksamhet,,"Skarpnäcks Alle' 19 Lgh 1403, 128 35 Skarpnäck"
Ekhögens Bygg,930103-XXXXRegistrerad verksamhet,,"Ärtemarks Bön Ekhögen 1, 666 91 Bengtsfors"
Lantligt & Blommor Entreprenad Helgö,690119-XXXXRegistrerad verksamhet,,"Västgårdsvägen 16, 178 54 Ekerö"
Ifwers Form,710712-XXXXRegistrerad verksamhet,,"Söderarmsvägen 14, 121 54 Johanneshov"
Jensark,750306-XXXXRegistrerad verksamhet,,"Drottningholmsvägen 31, 112 42 Stockholm"
Hudsmedjan,770629-XXXXRegistrerad verksamhet,,"c/o Strandberg, Simonsbovägen 27, 777 91 Smedjebacken"
Concept Stories,930115-XXXXRegistrerad verksamhet,,"Vinkelvägen 1, 761 50 Norrtälje"
Simon Schmidt Arkitektur,930119-XXXXRegistrerad verksamhet,,"c/o Schmidt, Strandstigen 1, 181 50 Lidingö"
LenLis Design,830414-XXXXRegistrerad verksamhet,,"Morik 109, 471 95 Skärhamn"
Simon Aulis Kallioinen EF,830416-XXXXRegistrerad verksamhet,,"c/o Simon Kallioinen, Rottnerosbacken 34, 123 48 Farsta"
Arkitekt Viveca Risberg,710716-XXXXRegistrerad verksamhet,,"Färgaregatan 6 a, 411 02 Göteborg"
VICIOUS MERCHANDISING,800313-XXXXRegistrerad verksamhet,,"Vikingagatan 3, 113 42 Stockholm"
Paradis Trädgårdsdesign,690125-XXXXRegistrerad verksamhet,,"Paviljonggången 8, 254 51 Helsingborg"
Rum för Rum,750312-XXXXRegistrerad verksamhet,,"Kastanjevägen 6, 245 32 Staffanstorp"
Gartneri Nathalie,710718-XXXXRegistrerad verksamhet,,"c/o Nathalie Stridsberg, Trollsjögatan 5a, 241 31 Eslöv"
Old Feeling,691108-XXXXRegistrerad verksamhet,,"Vibyvägen 66 d, 192 73 Sollentuna"
Studio Björnsdotter,870407-XXXXRegistrerad verksamhet,,"Sigurd Rings Gata 14, 126 51 Hägersten"
Arkitekt Emma Broberg,930204-XXXXRegistrerad verksamhet,,"Västberga Allé 20, 126 30 Hägersten"
CWK Camilla Werme Konsulting,690127-XXXXRegistrerad verksamhet,,"Ortalavägen 196, 764 91 Väddö"
Amanda Hedman Arkitektur,830427-XXXXRegistrerad verksamhet,,"Drakenbergsgatan 6, 117 41 Stockholm"
11 KVADRAT,710720-XXXXRegistrerad verksamhet,,"c/o Katarina Kvernplassen, Gipsvägen 4, 746 33 Bålsta"
4RK arkitektkontor,710721-XXXXRegistrerad verksamhet,,"c/o Magnus Wahlgren, Tegnérgatan 14a, Lghnr 1101, 113 58 Stockholm"
Plan T trädgårdsform,691111-XXXXRegistrerad verksamhet,,"Södra Promenaden 25 b, 211 38 Malmö"
INN interiör och styling,870411-XXXXRegistrerad verksamhet,,"c/o Linn Segge Gillerud, Liljegatan 58, 262 57 Ängelholm"
Engeströms Allservice,870412-XXXXRegistrerad verksamhet,,"c/o Emil Engeström, Ljusdalsgatan 14, 162 74 Vällingby"
Room by S,750319-XXXXRegistrerad verksamhet,,"Svensborgsvägen 14, 141 38 Huddinge"
COSYCRAFT,691114-XXXXRegistrerad verksamhet,,"c/o Vinsa, Slåttervägen 25, 981 43 Kiruna"
Johan Strand Arkitektur,770715-XXXXRegistrerad verksamhet,,"Kastellgatan 13, 211 48 Malmö"
colourmad,770718-XXXXRegistrerad verksamhet,,"Räntmästaregatan 4a, 416 58 Göteborg"
i bruk Alingsås,870417-XXXXRegistrerad verksamhet,,"Lekgatan 7, 441 40 Alingsås"
EbbaBo,870423-XXXXRegistrerad verksamhet,,"Tibaststigen 18, 605 80 Svärtinge"
August Wiklund Arkitektkontor,690201-XXXXRegistrerad verksamhet,,"Riddargatan 8, 114 35 Stockholm"
Home of Aira,730418-XXXXRegistrerad verksamhet,,"c/o Nina Grapenmyr, Åkerbyvägen 214, 187 34 Täby"
Styleinsto,750323-XXXXRegistrerad verksamhet,,"Måsgatan 2, 444 55 Stenungsund"
Fredrik Stenberg,710725-XXXXRegistrerad verksamhet,,"Flintbacken 6, 118 42 Stockholm"
RUDEBARK HOME STYLING,710726-XXXXRegistrerad verksamhet,,"Engelbrektsgatan 33, 114 32 Stockholm"
MARIA SAMUELSSON,770722-XXXXRegistrerad verksamhet,,"Herr Stens Väg 39 d, 125 30 Älvsjö"
FHstilsam,870428-XXXXRegistrerad verksamhet,,"c/o Frida Hästbacka, Violavägen 63, 647 31 Mariefred"
Iris städ och stajl i Örebro,690203-XXXXRegistrerad verksamhet,,"c/o Hede 156, 46372 Lödöse, Klockarbacken 4, Lgh.Nr. 1101, 692 38 Kumla"
SH Design,750324-XXXXRegistrerad verksamhet,,"Riksvägen 35 c, 795 32 Rättvik"
Juneborgs Inredning,710728-XXXXRegistrerad verksamhet,,"Protusgränd 3, 512 53 Svenljunga"
KILELE ENTERPRISES,800404-XXXXRegistrerad verksamhet,,"c/o Aisha Yussuph, Sandeslätt 50, 424 36 Angered"
Manteus Produktion,750327-XXXXRegistrerad verksamhet,,"Småbåtsgatan 9, 426 71 Västra Frölunda"
Krumelur Arkitektur,750328-XXXXRegistrerad verksamhet,,"c/o Cathrine Brunzell, Norra Korpåsberget 47, 456 47 Bovallstrand"
Arkitekt Per Franson AIA,710731-XXXXRegistrerad verksamhet,,"Sankt Paulsgatan 3 Lgh 1102, 118 46 Stockholm"
Hus & lada,710802-XXXXRegistrerad verksamhet,,"Rotebergsvägen 60, 828 34 Edsbyn"
Kymera Studio,770729-XXXXRegistrerad verksamhet,,"Roddargatan 32, 931 54 Skellefteå"
Himla Trädgård,691124-XXXXRegistrerad verksamhet,,"c/o Åsa Dolk, Fridhemsgatan 70, 2 Tr, 112 46 Stockholm"
Archie projects,870508-XXXXRegistrerad verksamhet,,"Bygatan 2a, 263 61 Viken"
"KHD, Kristiina Haataja Design",730425-XXXXRegistrerad verksamhet,,"Egils Gränd 43, 432 31 Varberg"
"Destil, Form & Landskapsarkitektur",730427-XXXXRegistrerad verksamhet,,"c/o Kristofer Håkansson, Sillgränd 6, 263 77 Mölle"
Ahlskogs Inredning,830520-XXXXRegistrerad verksamhet,,"Skebokvarnsvägen 83, 124 51 Bandhagen"
Krisselys interior & design,930417-XXXXRegistrerad verksamhet,,"Östra Madenvägen 9b, 174 54 Sundbyberg"
Carika design,710803-XXXXRegistrerad verksamhet,,"c/o PBAB Redovisning och Rev. AB, Box 442, 128 06 Sköndal"
Spirello Design,691126-XXXXRegistrerad verksamhet,,"c/o Spirello Design, Kungsvägen 35, 302 70 Halmstad"
AL-Accounting i Stockholm,690211-XXXXRegistrerad verksamhet,,"Berglinds Väg 17, 139 34 Värmdö"
G A Arkitekt,690212-XXXXRegistrerad verksamhet,,"Lövskogsgatan 4 a, 413 20 Göteborg"
NOSHKA INTERIORS,870517-XXXXRegistrerad verksamhet,,"c/o Ylva Aminoff, Tranhusgatan 8, 621 55 Visby"
MÅLERIAN,830525-XXXXRegistrerad verksamhet,,"Önevägen 80, 832 53 Frösön"
Jennifer Norström,830527-XXXXRegistrerad verksamhet,,"Selmedalsvägen 44, 129 37 Hägersten"
Fireblad Interiör,830529-XXXXRegistrerad verksamhet,,"Ejdergatan 10b, 416 68 Göteborg"
BB Home,800415-XXXXRegistrerad verksamhet,,"Björn Barkmans Väg 40, 148 32 Ösmo"
Nimark Studio,870523-XXXXRegistrerad verksamhet,,"c/o Marina Ninic, Bodalsvägen 11, 181 36 Lidingö"
Oblivion Architecture,870525-XXXXRegistrerad verksamhet,,"c/o pontus edrén dahlgren, Hagastigen 15, 234 35 Lomma"
Villa Sol Bed&Breakfast,830604-XXXXRegistrerad verksamhet,,"Slottsgatan 30, 387 32 Borgholm"
By Brevitz Elin Events & Services,930501-XXXXRegistrerad verksamhet,,"c/o Elin Brevitz & Anton Törnkvist, Östnoravägen 7a, 137 91 Västerhaninge"
elsArk,930506-XXXXRegistrerad verksamhet,,"Blommensbergsvägen 156, 126 55 Hägersten"
Play Life Consciously,930509-XXXXRegistrerad verksamhet,,"Åkantsvägen 6, 123 52 Farsta"
Arboristen Syd,930510-XXXXRegistrerad verksamhet,,"Smyge Fyrväg 131, 231 78 Smygehamn"
Kaleva trade mark,710809-XXXXRegistrerad verksamhet,,"Aratorpsvägen 58, 511 71 Fritsla"
Studio Hilda,770811-XXXXRegistrerad verksamhet,,"c/o Sara Rydberg Nilsson, Surbrunnsgatan 31a, 113 49 Stockholm"
GT Sweden Consulting,691204-XXXXRegistrerad verksamhet,,"Bällstalundsvägen 12, 186 51 Vallentuna"
Härliga Rum,691205-XXXXRegistrerad verksamhet,,"c/o Anna Blomen, Stensnäsvägen 50, 184 63 Åkersberga"
Wass Konst & Konsult,690217-XXXXRegistrerad verksamhet,,"c/o Jonas Wass, Sandstensvägen 12, 811 52 Sandviken"
Viktoria Baronik - Hälsa & utveckling,750409-XXXXRegistrerad verksamhet,,"Lundsholm 5, 681 95 Kristinehamn"
STUDIO REHOME,830607-XXXXRegistrerad verksamhet,,"Lotsgatan 26 a, 374 34 Karlshamn"
OWEA,930521-XXXXRegistrerad verksamhet,,"Långängen 8a, 417 22 Göteborg"
Ebba Hallin,770817-XXXXRegistrerad verksamhet,,"Bjurholmsplan 27, 116 63 Stockholm"
L-MH Designs,800422-XXXXRegistrerad verksamhet,,"Mickelbergsvägen 139 a, 125 54 Älvsjö"
Svall Arkitektur,870607-XXXXRegistrerad verksamhet,,"Saltholmsgatan 82, 426 76 Västra Frölunda"
Nejvdesign,870609-XXXXRegistrerad verksamhet,,"Östra Förstadsgatan 19b, 211 31 Malmö"
Firma Eyvind Bergström,730505-XXXXRegistrerad verksamhet,,"c/o Eyvind Bergström, Ljusnevgen 74, 128 48 Bagarmossen"
Indoor design by M,830610-XXXXRegistrerad verksamhet,,"c/o Marina Ungesson, Gamla Sätoftavägen 8, 243 35 Höör"
Maviele Design,830611-XXXXRegistrerad verksamhet,,"c/o Therese Maviele, Ör Sånnestorp 6, 342 64 Ör"
Designfabriken 2030,830614-XXXXRegistrerad verksamhet,,"Björkbacken 1a, 605 80 Svärtinge"
Summersnow,710816-XXXXRegistrerad verksamhet,,"c/o Lejla Cengic, Törners Väg 24, 181 57 Lidingö"
Sebastian Fors Arkitekt,870612-XXXXRegistrerad verksamhet,,"c/o Maja Peterson, Kolåsvägen 10, 671 60 Arvika"
Studio Sjöwall,870614-XXXXRegistrerad verksamhet,,"Runda Vägen 36b, Lgh 1101, 167 51 Bromma"
Anna Magdalena Consulting & Therapy,750414-XXXXRegistrerad verksamhet,,"Norra Korshamnsvägen 22, 429 31 Kullavik"
LS RUM,930611-XXXXRegistrerad verksamhet,,"Olof Rudbecksgatan 23, 412 60 Göteborg"
BSH,710817-XXXXRegistrerad verksamhet,,"Lars Kaggsgatan 163 Lgh 1201, 504 43 Borås"
Sofia Cele Design & Production,770823-XXXXRegistrerad verksamhet,,"Fasanvägen 32, 3tr, 131 44 Nacka"
Måns Collner Design,730508-XXXXRegistrerad verksamhet,,"Brahegatan 66, 563 32 Gränna"
Charlotte Elsner Arkitektur & Design,691213-XXXXRegistrerad verksamhet,,"Gästrikegatan 11, 113 62 Stockholm"
sergiomonterobravo,800502-XXXXRegistrerad verksamhet,,"Bergsgatan 11, 914 32 Nordmaling"
Feng Shui Arkitektur i Sverige,750418-XXXXRegistrerad verksamhet,,"c/o Sanna Rosén Östheden, Skolvägen, 7, 432 79 Tvååker"
Mindful Methods,930630-XXXXRegistrerad verksamhet,,"c/o Dilan Badikanli, Telegrafvägen 10, 132 53 Saltsjö-Boo"
Xhelaj Bygg & Måleri,830624-XXXXRegistrerad verksamhet,,"c/o Bernard Xhelaj, Lättingebacken 42 Lgh 42, 163 62 Spånga"
COLLARK,870623-XXXXRegistrerad verksamhet,,"Solrosvägen 14, 903 65 Umeå"
CMG Engineering,870625-XXXXRegistrerad verksamhet,,"c/o Magnus Gråhns, Hornsgatan 21, 506 35 Borås"
HIO Homestyling Inredning Organisering,870626-XXXXRegistrerad verksamhet,,"Armsjövägen 111, 862 95 Njurunda"
Christina Avander,690226-XXXXRegistrerad verksamhet,,"Grevgatan 17, 114 53 Stockholm"
Brodin Landskap & Design,930711-XXXXRegistrerad verksamhet,,"c/o Johanna Fahlgren Brodin, Götgatan 2, 753 15 Uppsala"
Klara Olasdotter Hallberg,930713-XXXXRegistrerad verksamhet,,"Malmövägen 28, 121 49 Johanneshov"
Mys Bohag,930715-XXXXRegistrerad verksamhet,,"Tjärby Daggarp 34, 312 91 Laholm"
GRÅ.,870706-XXXXRegistrerad verksamhet,,"Smörvattnevägen 78, 424 57 Gunnilse"
Zeljka Ulemek Arkitekt,930730-XXXXRegistrerad verksamhet,,"Ehrensvärdagsgatan 1, 212 13 Malmö"
Talking Walls,730518-XXXXRegistrerad verksamhet,,"Pilgatan 30, 234 31 Lomma"
BeAtHome,691223-XXXXRegistrerad verksamhet,,"Sällinge 39, 755 98 Uppsala"
Södergren arkitektkontor,730520-XXXXRegistrerad verksamhet,,"Banergränden 21, 226 48 Lund"
meesderwerk,830709-XXXXRegistrerad verksamhet,,"Vrångebo Dalhem, 362 97 Linneryd"
Somniferum Form,830711-XXXXRegistrerad verksamhet,,"c/o Joel Englund, Klammesudden 37, 764 56 Grisslehamn"
Juliet Leonette,710831-XXXXRegistrerad verksamhet,,"Virvelvindsvägen 4i, 222 27 Lund"
Sandys interiör & Styling,870719-XXXXRegistrerad verksamhet,,"Odensvigatan 5, 723 42 Västerås"
Mirelius Arkitektkontor,690306-XXXXRegistrerad verksamhet,,"Strandvägen 65, 115 23 Stockholm"
COLOR BY K.S ANDERSSON,930824-XXXXRegistrerad verksamhet,,"c/o Katja Andersson, Fredåsgatan 8 b, 431 67 Mölndal"
Lumarc,770913-XXXXRegistrerad verksamhet,,"c/o Svidén/Buchanan, Nackagatan 23, 116 47 Stockholm"
Cecilia Form och Arkitektur,730523-XXXXRegistrerad verksamhet,,"Oxevik 327, 451 97 Uddevalla"
Room Vision,830715-XXXXRegistrerad verksamhet,,"Ölmanäs Ringväg 49, 439 52 Åsa"
Bergman Architecture,830717-XXXXRegistrerad verksamhet,,"Ekgatan 14, 587 31 Linköping"
Widlund Homestyle,800523-XXXXRegistrerad verksamhet,,"c/o Widlund Homestyle, Köpmangatan 29, 633 40 Eskilstuna"
LOA Styling & Interior,930831-XXXXRegistrerad verksamhet,,"Bulverksvägen 3, 624 44 Tingstäde"
A3X Arkitektur,930901-XXXXRegistrerad verksamhet,,"Skogsgatan 21, 152 44 Södertälje"
PETER DELL'UVA,770919-XXXXRegistrerad verksamhet,,"Rehnsgatan 15, 113 57 Stockholm"
Joakim Lager,830719-XXXXRegistrerad verksamhet,,"Kårstavägen 321, 186 60 Vallentuna"
Arts Design HK,710904-XXXXRegistrerad verksamhet,,"Stuckatörvägen 1 Lgh 1801, 117 59 Stockholm"
Peter Nylander Studio,710905-XXXXRegistrerad verksamhet,,"c/o peter nylander, Götgatan 75a, 4tr, 116 62 Stockholm"
RUM Linda Wallgren,730525-XXXXRegistrerad verksamhet,,"Strömmavägen 15, 433 75 Jonsered"
Högerock Enterprises,800529-XXXXRegistrerad verksamhet,,"Mårby Högerock, 521 94 Falköping"
Beautery Stockholm,870729-XXXXRegistrerad verksamhet,,"Bråvallagatan 2, 113 36 Stockholm"
Plan Interiör Stockholm,870803-XXXXRegistrerad verksamhet,,"Lostigen 10, 170 75 Solna"
Johannes Trade,750508-XXXXRegistrerad verksamhet,,"Näsbydalsvägen 6, 183 31 Täby"
SyMyran,750509-XXXXRegistrerad verksamhet,,"Bollvägen 1, 645 50 Strängnäs"
Architude,930917-XXXXRegistrerad verksamhet,,"c/o Sofia Malmsten, Ånäsvägen 16a, 416 67 Göteborg"
Build Bright,830726-XXXXRegistrerad verksamhet,,"c/o Carl-Fredrik Johansson, Kålkittvägen 13, 792 33 Mora"
LP ARKITEKT,830729-XXXXRegistrerad verksamhet,,"Myntstigen 13, 151 48 Södertälje"
Inredningsateljé F,800530-XXXXRegistrerad verksamhet,,"Krusbärsvägen 17, 343 38 Älmhult"
Verigogo,870807-XXXXRegistrerad verksamhet,,"c/o Shuang Han, Valhallavägen 65, 114 28 Stockholm"
dafa STUDIO,750512-XXXXRegistrerad verksamhet,,"c/o Dagmara Fajkis, Lysbojsvägen 23a, 423 39 Torslanda"
ES dekor,930928-XXXXRegistrerad verksamhet,,"Stora Barnviksvägen 34, 134 64 Ingarö"
Gene K. Carlsson Arkitektur,931004-XXXXRegistrerad verksamhet,,"Skeppsgatan 19, 211 11 Malmö"
Styleica,830730-XXXXRegistrerad verksamhet,,"Kilkestensvägen 10, 542 33 Mariestad"
Fri dæsign i Östergötland,830801-XXXXRegistrerad verksamhet,,"c/o Frida Melander, Linnévägen 34, 616 34 Åby"
Hayward Marketdesign,830803-XXXXRegistrerad verksamhet,,"Ryttargången 5, 432 52 Varberg"
Designerism RMTCB,710910-XXXXRegistrerad verksamhet,,"c/o Melin, Bondegatan 65a, 116 34 Stockholm"
Gård Artdeson,730529-XXXXRegistrerad verksamhet,,"c/o Henrik Artdeson, Dösevägen 25, 471 72 Hjälteby"
Nygården Bergom,870812-XXXXRegistrerad verksamhet,,"Bergom 114, 893 92 Bjästa"
Byström trädgård,870815-XXXXRegistrerad verksamhet,,"Hagstorpsgatan 11, 212 22 Malmö"
FORS ARK,931014-XXXXRegistrerad verksamhet,,"c/o Fors Lindén, Spånehusvägen 46a, 211 58 Malmö"
C Interiör,730603-XXXXRegistrerad verksamhet,,"Torsås Ödegärde 1, 355 98 Ingelstad"
Fotograf Kenta Jönsson,690317-XXXXRegistrerad verksamhet,,"Gullmarsvägen 2, 121 40 Johanneshov"
Mellåsen Städ Style Trädgård,750518-XXXXRegistrerad verksamhet,,"Mellåsvägen 7, 438 98 Hindås"
Joel home,750519-XXXXRegistrerad verksamhet,,"c/o Hulander, Kampementsgatan 14, 6 Tr, 115 38 Stockholm"
Värmdö Design&Montage,931106-XXXXRegistrerad verksamhet,,"Ripstigen 6, 139 53 Värmdö"
Reuse by Lina,830814-XXXXRegistrerad verksamhet,,"Västsjö Gård, 669 91 Deje"
Helena Laursen konsultverksamhet,730605-XXXXRegistrerad verksamhet,,"c/o Helena Laursen, Hjorttackegatan 1, 211 33 Malmö"
Tall Trädgårdsbyrå,870829-XXXXRegistrerad verksamhet,,"Gamsgatan 9, 263 50 Höganäs"
Benedict Leret Architecture & Design,700110-XXXXRegistrerad verksamhet,,"Ulveliden 17, 416 74 Göteborg"
Home of Löt - Styling and Interiors,750520-XXXXRegistrerad verksamhet,,"c/o Linnea Hådell Löt, Kornettsgatan 5a, 211 50 Malmö"
Lilium Arkitektur,830816-XXXXRegistrerad verksamhet,,"Ekbrinken 16, 615 33 Valdemarsvik"
Arkitekt Peter Kinnmark,710919-XXXXRegistrerad verksamhet,,"Sandhamnsgatan 33, 115 60 Stockholm"
Adiuvo Juristbyrå,931121-XXXXRegistrerad verksamhet,,"Frykholmsgatan 8a, 281 31 Hässleholm"
Nordin Arkitektur,931122-XXXXRegistrerad verksamhet,,"c/o Sofia Nordin, Östra Vägen 4, 475 42 Hönö"
Channlie Development,800619-XXXXRegistrerad verksamhet,,"Mollie Faustmans Väg 23, 128 64 Sköndal"
Katt's Städ & Hushållsnära tjänster,730607-XXXXRegistrerad verksamhet,,"Ripavägen 8, 275 76 Äsperöd"
Röd Arkitektur,730608-XXXXRegistrerad verksamhet,,"Mjörn Röd 10, 471 73 Mjörn"
Sebastian Thach Arkitektur,690322-XXXXRegistrerad verksamhet,,"c/o Sebastian Thach, Redargatan 6, 120 61 Stockholm"
Scandinavian Top living by CS,690323-XXXXRegistrerad verksamhet,,"Mosåsvägen 36, 702 28 Örebro"
The Tail,710920-XXXXRegistrerad verksamhet,,"c/o Signhildsro Lanthandel, Täbyvägen 130 a, 187 50 Täby"
By Kaya Augustsson,931210-XXXXRegistrerad verksamhet,,"Lilla Brännerigatan 7-9, 503 31 Borås"
Ebba Fox,870918-XXXXRegistrerad verksamhet,,"Åsögatan 144, 116 24 Stockholm"
DGD - Dynamic Ground Dimension,700116-XXXXRegistrerad verksamhet,,"Hålehögsvägen 93-0, 231 99 Klagstorp"
Elit Hem Norrköping,830828-XXXXRegistrerad verksamhet,,"c/o Therese Förberg, Strömsfors Lillbjärka 2, 618 33 Kolmården"
Tommy Karlemark c/o,771016-XXXXRegistrerad verksamhet,,"Harberget 101, Kvarnstugan, 193 35 Sigtuna"
Nordling Design,931226-XXXXRegistrerad verksamhet,,"Vagnmansgatan 14, 261 40 Landskrona"
Studio Wimowi,800624-XXXXRegistrerad verksamhet,,"Kullaskogsvägen 5, Lgh 1001, 185 37 Vaxholm"
ANDERS EKMAN ARKITEKTSTUDIO,800625-XXXXRegistrerad verksamhet,,"c/o Anders Ekman, Kung Oskars Väg 9b, 222 40 Lund"
Wrede consulting,800628-XXXXRegistrerad verksamhet,,"c/o Wrede, Östra Yttringe Gård 1, 181 90 Lidingö"
Gröna Sköna,870921-XXXXRegistrerad verksamhet,,"Mortelvägen 1b, 434 32 Kungsbacka"
II Interior Design & Konsult,870925-XXXXRegistrerad verksamhet,,"Huskvarnavägen 27, 554 54 Jönköping"
Vergence Design Innovation,700118-XXXXRegistrerad verksamhet,,"Klockarevägen 5, 275 96 Sövde"
Achene Arkeobotanik,940107-XXXXRegistrerad verksamhet,,"c/o Siri Pettersson Bergman, Styrbjörnsgatan 16b, 753 35 Uppsala"
Lyckebo trädgård & landskap,940110-XXXXRegistrerad verksamhet,,"c/o Emil Abrahamsson Chrysong, Allgatan 17, 272 32 Simrishamn"
Oveland Trädgård & Design,940111-XXXXRegistrerad verksamhet,,"c/o Ellinor Oveland, Källåsvägen 83, 434 93 Vallda"
An.Ka FORM,700123-XXXXRegistrerad verksamhet,,"Össby 409, 386 64 Degerhamn"
Särnö Arkitektur & Design,750602-XXXXRegistrerad verksamhet,,"Stråvägen 9, 121 34 Enskededalen"
re:form fabriken,771026-XXXXRegistrerad verksamhet,,"Klädmakarvägen 1, 246 32 Löddeköpinge"
Marianne Mohlin Arkitektur,800703-XXXXRegistrerad verksamhet,,"Solbänksgatan 28, 413 19 Göteborg"
Nornanro Ayurveda och Konstpedagogik,700126-XXXXRegistrerad verksamhet,,"c/o Susanna Hellström, Övre Svartlå 47, 961 98 Boden"
Design Lab S,730620-XXXXRegistrerad verksamhet,,"c/o Samir Alj Fält, Löjtnantsgatan 14, 115 50 Stockholm"
E3 Interiör,730621-XXXXRegistrerad verksamhet,,"c/o Elinor Eriksson, Plantskolevägen 67, 122 38 Enskede"
City Frame,830921-XXXXRegistrerad verksamhet,,"c/o Sarraf, Perrongvägen 25 Lgh 1203, 187 49 Täby"
Maero,830922-XXXXRegistrerad verksamhet,,"Kometvägen 61, 183 48 Täby"
AG Consulting,711004-XXXXRegistrerad verksamhet,,"Nordanväg 10, 222 28 Lund"
Brosché Arkitektur,771102-XXXXRegistrerad verksamhet,,"Blackevägen 36, 417 16 Göteborg"
Anamo,940219-XXXXRegistrerad verksamhet,,"Essinge Brogata 22, 112 61 Stockholm"
Elvira Andersson Interiör Stockholm,940223-XXXXRegistrerad verksamhet,,"c/o Elin Andersson, Klevbergsvägen 113, 179 60 Stenhamra"
Jessica Lagerman,871027-XXXXRegistrerad verksamhet,,"Vinstvägen 1, 129 34 Hägersten"
Märka design,800713-XXXXRegistrerad verksamhet,,"c/o Katarina Eriksson, Grisslevägen 2, 227 32 Lund"
Idetalj inredning Stockholm,690402-XXXXRegistrerad verksamhet,,"c/o Hansson Petra Kristina, Fredsgatan 3 Lgh 1202, 172 33 Sundbyberg"
Emelie Hall Design,750613-XXXXRegistrerad verksamhet,,"c/o Emelie Hall, Västmannagatan 37, 113 25 Stockholm"
Södra Fotkliniken,830927-XXXXRegistrerad verksamhet,,"c/o Clinic 17, Stationsvägen 17, 144 61 Rönninge"
ECM Konsult,771109-XXXXRegistrerad verksamhet,,"c/o Carolina Mellberg, Asbjörnsensvög 18, 167 61 Bromma"
Jocar engineering,711006-XXXXRegistrerad verksamhet,,"c/o Johan Carlsson, Repelyckevägen 15, 468 33 Vargön"
Eklund Designs,871106-XXXXRegistrerad verksamhet,,"Valhallavägen 112, 114 41 Stockholm"
UnikaRum,690405-XXXXRegistrerad verksamhet,,"Fjärde Långgatan 4a, 413 05 Göteborg"
Firma Daniel Bromander,800717-XXXXRegistrerad verksamhet,,"Artemisvägen 4d, 762 61 Rimbo"
Vit lilja,771115-XXXXRegistrerad verksamhet,,"c/o Susanna Giselsson, Kareby Kyrkväg 145, 442 93 Kareby"
Studio Sofie Hjort,711009-XXXXRegistrerad verksamhet,,"Tennisvägen 11, 133 37 Saltsjöbaden"
En Studio i Täby,940315-XXXXRegistrerad verksamhet,,"c/o Emil Stefansson, Minnebergsvägen 18, 167 41 Bromma"
Ehr Trädgård,871107-XXXXRegistrerad verksamhet,,"c/o Sandra Ehrsköld, Möllevångsgatan 43 a Lgh 1001, 214 20 Malmö"
Josefin Borg arkitektur,871108-XXXXRegistrerad verksamhet,,"c/o Josefin Borg, Grenadjärsvägen 10, 185 41 Vaxholm"
trix sthlm,750620-XXXXRegistrerad verksamhet,,"c/o Ahl, Håhallavägen 30, 432 42 Varberg"
by Anna Skott,771117-XXXXRegistrerad verksamhet,,"c/o Anna skott, Vikingavägen 11, 194 68 Upplands Väsby"
Caspi Arkitektur & Design,771120-XXXXRegistrerad verksamhet,,"c/o Caspi, Ektorpsvägen 20, 131 47 Nacka"
Ann-Sofies Hem & Design,711010-XXXXRegistrerad verksamhet,,"Hammarbygatan 32, 753 24 Uppsala"
Anna H Interior Design,711012-XXXXRegistrerad verksamhet,,"c/o Anna Hermansson, Drottninggatan 102 a Lgh 1301, 111 60 Stockholm"
Evelin Design & Interiör,940331-XXXXRegistrerad verksamhet,,"Gråbergsgatan 17, 603 56 Norrköping"
Gult folk,730629-XXXXRegistrerad verksamhet,,"Fridas Väg 5, 462 60 Vänersborg"
MWBygg,871124-XXXXRegistrerad verksamhet,,"Stentorpsgatan 4a, 723 43 Västerås"
Hemma Hos Dig!,771122-XXXXRegistrerad verksamhet,,"c/o Pernilla Ljungstedt, Johan Järlströmsgatan 3b, 695 30 Laxå"
Längtan Marielund,711013-XXXXRegistrerad verksamhet,,"c/o Louise Sareld, Ryttarbol 10, 755 97 Uppsala"
Stadsutveckling & Management Nellerup,711014-XXXXRegistrerad verksamhet,,"c/o Nellerup, Vildrosgatan 4, 218 36 Bunkeflostrand"
Dahlberg Arkitektur,871130-XXXXRegistrerad verksamhet,,"Fjällgatan 9t, 413 17 Göteborg"
JL Väg & Trafiksäkerhet,871201-XXXXRegistrerad verksamhet,,"Linvägen 2, 145 67 Norsborg"
T.ARKITEKTUR,730704-XXXXRegistrerad verksamhet,,"c/o Therese Andersson, Torsvägen 6, 141 44 Huddinge"
"Lip Service, Sthlm",690412-XXXXRegistrerad verksamhet,,"Borgargatan 2 i, 117 34 Stockholm"
Room by Kim,700210-XXXXRegistrerad verksamhet,,"c/o Seger, Källängsgatan 24, 426 79 Västra Frölunda"
Rum & Känsla - Therese Dahlgren,700211-XXXXRegistrerad verksamhet,,"c/o Therese Dahlgren, Hökenbergs Gränd 3, 732 30 Arboga"
Johan Ganebo Struktural Design,700212-XXXXRegistrerad verksamhet,,"Grindtorpsvägen 35, 183 49 Täby"
Malin Holmudd interior decoration,750628-XXXXRegistrerad verksamhet,,"Storgatan 11, 852 30 Sundsvall"
Dekker Design Consulting,771127-XXXXRegistrerad verksamhet,,"c/o Therese Dekker, Kappereds Kulle 2, 424 91 Olofstorp"
Joakim Örnstig Utveckling,711015-XXXXRegistrerad verksamhet,,"c/o Joakim Örnstig, Lövåsvägen 56, 191 45 Sollentuna"
Emelie Andersson Trädgårdsarkitekt,940505-XXXXRegistrerad verksamhet,,"Skartoftavägen 57-67, 275 94 Sjöbo"
Svensdotter Styling,690414-XXXXRegistrerad verksamhet,,"c/o K. Lindgren, Södra Vägen 17, 411 35 Göteborg"
Hotellmiljö Norden,750630-XXXXRegistrerad verksamhet,,"Hällskriftsgatan 12 c, 417 26 Göteborg"
Homestyling Anna Sander,750702-XXXXRegistrerad verksamhet,,"Södra Promenaden 7 b, 211 29 Malmö"
Aldelius Trädgårdsdesign,771201-XXXXRegistrerad verksamhet,,"c/o Linda Aldelius, Carl Krooks Gata 40, 252 25 Helsingborg"
Din inredningsstil med Jasmin,940519-XXXXRegistrerad verksamhet,,"Orkestergatan 21, 421 39 Västra Frölunda"
Niosha Arkitektur & Design,871212-XXXXRegistrerad verksamhet,,"Västerled 106 Lgh 1102, 167 58 Bromma"
Svanberg Home,940524-XXXXRegistrerad verksamhet,,"Kullavägen 63, 254 52 Helsingborg"
Chalé design,940601-XXXXRegistrerad verksamhet,,"Henriksbergsvägen 86, 136 67 Vendelsö"
Erika Klein arkitektur,940606-XXXXRegistrerad verksamhet,,"Västergatan 6a, 411 23 Göteborg"
Johannalinn,940614-XXXXRegistrerad verksamhet,,"Fiskargränd 2, 553 20 Jönköping"
Otterling Arkitektur,690421-XXXXRegistrerad verksamhet,,"c/o Lars-Göran Otterling, Skeppsta 556, 705 94 Örebro"
Ariandria Art & Beauty,871229-XXXXRegistrerad verksamhet,,"Per Smeds Gata 7c, 784 45 Borlänge"
DanTime,880101-XXXXRegistrerad verksamhet,,"Österdalsvägen 60, 175 68 Järfälla"
fixa&dona - Hildur Blad,800817-XXXXRegistrerad verksamhet,,"c/o Hildur Blad, Gläntan 5, 543 94 Tibro"
M.Thörnvall Måleri Design,750709-XXXXRegistrerad verksamhet,,"Kristallvägen 108, 126 78 Hägersten"
Specialgrejer Per Jonsson,831115-XXXXRegistrerad verksamhet,,"Råtorpsvägen 36 a, 653 49 Karlstad"
Maja Lindahl Form,711027-XXXXRegistrerad verksamhet,,"Samaritgränd 5, 118 53 Stockholm"
Blomstra tillsammans By Anna,880105-XXXXRegistrerad verksamhet,,"Myrstadavägen 29, 561 60 Tenhult"
cLARa Landskap,700222-XXXXRegistrerad verksamhet,,"Kävlingevägen 34, 222 40 Lund"
NIK Architects,800823-XXXXRegistrerad verksamhet,,"c/o Nikara Movafaghi, Krysshammarvägen 30 Lgh 1203, 171 57 Solna"
ANIBAL,730718-XXXXRegistrerad verksamhet,,"c/o Anibal Jimenez, Björkholmsvägen 8, 132 52 Saltsjö-Boo"
Westerbergs Hästar,750713-XXXXRegistrerad verksamhet,,"Kammakargatan 6 b, 111 40 Stockholm"
Mea,771220-XXXXRegistrerad verksamhet,,"Tranarpsvägen 81, 265 90 Åstorp"
Harmonivardag,771223-XXXXRegistrerad verksamhet,,"Odensalavägen 46 Lgh 1202, 195 43 Märsta"
CreativeLines,940714-XXXXRegistrerad verksamhet,,"Heingebergsvägen 845, 275 71 Lövestad"
Head Home,940720-XXXXRegistrerad verksamhet,,"Långkroksvägen 19, 281 39 Hässleholm"
Flytt 24,880111-XXXXRegistrerad verksamhet,,"c/o Souleman Alissa, Storforsplan 1, 123 47 Farsta"
Johanna Petersson Arkitekt,700227-XXXXRegistrerad verksamhet,,"Kakelvägen 14 b, 227 30 Lund"
LJ Rit&Bygg,800825-XXXXRegistrerad verksamhet,,"c/o Lars Johansson, Kållands-Åsaka Lyckebo 1, 531 96 Lidköping"
by Lagerwall,730721-XXXXRegistrerad verksamhet,,"c/o Lagerwall, Nybergsgatan 12, 114 45 Stockholm"
qmark Stockholm,750716-XXXXRegistrerad verksamhet,,"Högbergsgatan 26 a, 116 20 Stockholm"
PTL entreprenad,771225-XXXXRegistrerad verksamhet,,"c/o Per Danielsson, Tåmåsbyvägen 24, 792 95 Mora"
Sköna Rum på Näset,880119-XXXXRegistrerad verksamhet,,"Anders Olsvägen 11b, 236 37 Höllviken"
METAPHORAY,880126-XXXXRegistrerad verksamhet,,"c/o Josefin Jägbring, Tuvdunsvägen 1, 302 70 Halmstad"
BeeGood Living,700228-XXXXRegistrerad verksamhet,,"Ullerudsbacken 57b, 123 73 Farsta"
detaljfokus i Örebro,800902-XXXXRegistrerad verksamhet,,"c/o Anna Lovanius, Rala 152, 692 92 Kumla"
Andreas Ekstedt Produktion,800903-XXXXRegistrerad verksamhet,,"Zinkens Väg 69, 117 41 Stockholm"
Gustaf Elias Studios,940822-XXXXRegistrerad verksamhet,,"Vasagatan 12a Lgh 1102, 411 24 Göteborg"
Designika,711105-XXXXRegistrerad verksamhet,,"c/o Annika Fornstedt, Svartbäckens By 213, 136 59 Vendelsö"
Bygg EL Inredning i Söderköping,711108-XXXXRegistrerad verksamhet,,"Badstugränd 1, 614 34 Söderköping"
WINSCHER INTERIOR,880128-XXXXRegistrerad verksamhet,,"Tulegatan 5 a, 113 58 Stockholm"
Inredare Martina Mattsson,800908-XXXXRegistrerad verksamhet,,"Mariagatan 9a, 414 71 Göteborg"
TAG arkitekter,690501-XXXXRegistrerad verksamhet,,"Förskeppsgatan 2, 120 61 Stockholm"
Ambienti Inredning & Kommunikation,690502-XXXXRegistrerad verksamhet,,"Kvarngatan 6, 234 42 Lomma"
M Projects,831216-XXXXRegistrerad verksamhet,,"c/o Michaela Abercrombie Simpson, Kungsholms Strand 121, 112 33 Stockholm"
Saks development,780102-XXXXRegistrerad verksamhet,,"Skintabyvägen 18, 305 60 Harplinge"
TrivsammaRum Skövde,780103-XXXXRegistrerad verksamhet,,"c/o Cecilia Larsson, Stomvägen 1, 541 70 Skövde"
Milk & Jeans,780105-XXXXRegistrerad verksamhet,,"Ängslättsvägen 196-0, 231 98 Klagstorp"
Sofie Johansson,940826-XXXXRegistrerad verksamhet,,"c/o Anna Gärdsmo, Ringvägen 156, 116 31 Stockholm"
SÍN DESIGN Hem & Inredning,940830-XXXXRegistrerad verksamhet,,"c/o Sabrina Svensson, Giresta Stora Bärby 5 c, 749 62 Örsundsbro"
ILLESDESIGN,711110-XXXXRegistrerad verksamhet,,"Tallsätravägen 15b, 144 63 Rönninge"
A3 Ark Arkitektur,880207-XXXXRegistrerad verksamhet,,"Trädgårdsmästarens Väg 38, 427 38 Billdal"
Jerngården,831217-XXXXRegistrerad verksamhet,,"c/o Peter Andreasson, Gransjön Sjölunda 307, 696 92 Askersund"
nathcreative,750729-XXXXRegistrerad verksamhet,,"Brantingsgatan 51, 115 35 Stockholm"
Picea design,780109-XXXXRegistrerad verksamhet,,"c/o Maria Grahn, Norrsundagränd 3, 194 55 Upplands Väsby"
Inredare Sofia Björk,940916-XXXXRegistrerad verksamhet,,"Babordsvägen 3, 826 60 Söderhamn"
Karl Salmonsson,940920-XXXXRegistrerad verksamhet,,"c/o Karl Salmonsson, Fridhemsgatan 29 a, 414 74 Göteborg"
VICTORY BY VICTORIA V,940921-XXXXRegistrerad verksamhet,,"Oxelstigen 3, 504 96 Bredared"
PROBOSCO,700308-XXXXRegistrerad verksamhet,,"Vretenvägen 21, 818 96 Hedesunda"
Fvorm,941002-XXXXRegistrerad verksamhet,,"Kungsklippan 11, 112 25 Stockholm"
Fjord Arkitekter,941004-XXXXRegistrerad verksamhet,,"c/o Ragna Nordström, Apelbergsgatan 54, 111 37 Stockholm"
FWGestaltning,941008-XXXXRegistrerad verksamhet,,"Tegebäcksvägen 5a, 837 98 Åre"
Kvadrat Homestyling,780111-XXXXRegistrerad verksamhet,,"Fjällbo Park 17, 415 74 Göteborg"
Petra Lundkvist,750805-XXXXRegistrerad verksamhet,,"Flottbrovägen 15, 112 64 Stockholm"
DB Fastighetsservice,800920-XXXXRegistrerad verksamhet,,"Serenadvägen 22, 131 40 Nacka"
Kintsugi Bygg & Projektering,800921-XXXXRegistrerad verksamhet,,"Von Platens Alle 73, 256 57 Ramlösa"
MADE IN GBG,941021-XXXXRegistrerad verksamhet,,"Fabriksstråket 40, 433 76 Jonsered"
Mark,941026-XXXXRegistrerad verksamhet,,"c/o Martina Karlsson, Korsgatan 3a, 903 36 Umeå"
Lisa Brobert,730806-XXXXRegistrerad verksamhet,,"Heleneborgsgatan 40, 117 32 Stockholm"
Otakt,780115-XXXXRegistrerad verksamhet,,"Margaretavägen 27, 122 32 Enskede"
La Volpe,750807-XXXXRegistrerad verksamhet,,"Gamla Vägen 8, 282 92 Västra Torup"
Nya Rum i Stockholm,750808-XXXXRegistrerad verksamhet,,"Järnåldersringen, 136 65 Söderby"
the local factory,750809-XXXXRegistrerad verksamhet,,"Hörnedalsgatan 33, 632 22 Eskilstuna"
Fma Johanna Rosendal,800925-XXXXRegistrerad verksamhet,,"c/o Fma Johanna Rosendal, Enöglavägen 15, 745 32 Enköping"
Stockholms Inredningsbyrå,941105-XXXXRegistrerad verksamhet,,"c/o Folcker/johansson, Malmövägen 40, 121 49 Johanneshov"
Bohag design Krogdal,880304-XXXXRegistrerad verksamhet,,"Pumpgatan 4, 652 21 Karlstad"
Kensington Hair & Home,730808-XXXXRegistrerad verksamhet,,"Brahegatan 32, 114 37 Stockholm"
Rebecka H,840112-XXXXRegistrerad verksamhet,,"Lärkstigen 12d, 139 41 Värmdö"
Lina och Studiolera,780118-XXXXRegistrerad verksamhet,,"c/o Karolina Lagerqvist, Dyestad Bygata 18, 386 94 Färjestaden"
HEM OCH FÖRETAGSINSTALLATION/SERVICE MÄLARDALEN,750810-XXXXRegistrerad verksamhet,,"Rosenbergsvägen 15, 645 91 Strängnäs"
Jonas Täljsten Arkitektur,800929-XXXXRegistrerad verksamhet,,"c/o Jonas Täljsten, Steningevägen 4, 120 39 Årsta"
Molly Sehlin,941201-XXXXRegistrerad verksamhet,,"Götgatan 78, 118 30 Stockholm"
LH Rit- och Byggkonsult,880309-XXXXRegistrerad verksamhet,,"c/o Linus Hillström, Örnvägen 7, 761 94 Norrtälje"
CREATE GÖTEBORG,780124-XXXXRegistrerad verksamhet,,"Kyrkåsgatan 13 a, 416 56 Göteborg"
Swegarden,840117-XXXXRegistrerad verksamhet,,"c/o Nina Spégel SWEGARDEN, Petréns Allé 4, 256 57 Ramlösa"
Malin Lellky Interiör,840118-XXXXRegistrerad verksamhet,,"c/o Malin Lellky, Bammarbodavägen 9 a, 132 35 Saltsjö-Boo"
Home and Garden By Hanna,801002-XXXXRegistrerad verksamhet,,"Brännåsvägen 16, 436 45 Askim"
ROOM BY M,801006-XXXXRegistrerad verksamhet,,"Nytorpsvägen 4, 446 32 Älvängen"
Jord av Mylla,700320-XXXXRegistrerad verksamhet,,"Fatbursgatan 33, 118 54 Stockholm"
KajsaKvadrat,941229-XXXXRegistrerad verksamhet,,"c/o Kajsa Lindblad, Strandstaden 38, 543 95 Fagersanna"
MTEKS,840122-XXXXRegistrerad verksamhet,,"Ibsengatan 63, 168 47 Bromma"
van Rooij arkitektur,700323-XXXXRegistrerad verksamhet,,"Oskar Baeckströms Väg 7, 129 35 Hägersten"
Benz studio,950109-XXXXRegistrerad verksamhet,,"c/o övralidsgatan 17, 42247, 422 47 Hisings Backa"
AANA Architects,950112-XXXXRegistrerad verksamhet,,"Volrat Thamsgatan 16 Lgh 0803, 412 60 Göteborg"
Beauty And Soul By Anna,711201-XXXXRegistrerad verksamhet,,"Norra Gårdslötsvägen 15, 184 63 Åkersberga"
Märkbara Bröllop & Tillfällen,880321-XXXXRegistrerad verksamhet,,"c/o Anne-Lie Hallkvist, Riset Erikslund 4, 734 92 Hallstahammar"
Home by Neo,880327-XXXXRegistrerad verksamhet,,"Skolgatan 1b, 195 33 Märsta"
ROT & EL Service Göteborg,780130-XXXXRegistrerad verksamhet,,"Brändamosse 8 b, 424 91 Olofstorp"
High Vibe,780202-XXXXRegistrerad verksamhet,,"Östermälarstrandsalle 133, 723 56 Västerås"
Byggidé Väst,780203-XXXXRegistrerad verksamhet,,"Krukehemmet, 514 50 Limmared"
Little You Design,801014-XXXXRegistrerad verksamhet,,"Närlunda Gårds Väg 18, 178 34 Ekerö"
ARKITYP,711203-XXXXRegistrerad verksamhet,,"c/o JoJoBiz, Friisgatan 26, 211 53 Malmö"
MISTYLE INTERIOR,880329-XXXXRegistrerad verksamhet,,"c/o MISTYLE INTERIOR, Längdhoppargatan 11, 722 41 Västerås"
Inreda Rum Sverige,880402-XXXXRegistrerad verksamhet,,"Puckgatan 9, 282 32 Tyringe"
Personuppgift Skyddad,780205-XXXXRegistrerad verksamhet,,
Healing Conversations Stockholm,780208-XXXXRegistrerad verksamhet,,"c/o Erin Stoll, Valhallavägen 37, 133 38 Saltsjöbaden"
Inredning till tusen i Åhus,801019-XXXXRegistrerad verksamhet,,"Idegränd 2, 296 33 Åhus"
Tonrum,950209-XXXXRegistrerad verksamhet,,"c/o Elise Cervin, Stigbergsgatan 32a, 116 28 Stockholm"
Floret DESIGN,950213-XXXXRegistrerad verksamhet,,"c/o Olliver Saade, Västra Drottninggatan 46, 692 33 Kumla"
BANVAKTSTUGAN INTERIÖR I DALARNA,711207-XXXXRegistrerad verksamhet,,"Olsbacka 43, 791 93 Falun"
Concept By Us,880403-XXXXRegistrerad verksamhet,,"Sjösavägen 81, 124 55 Bandhagen"
Camilla Lagerqvist Consulting,840210-XXXXRegistrerad verksamhet,,"Gammelbygatan 22, 742 34 Östhammar"
Wellness Stugan,750830-XXXXRegistrerad verksamhet,,"c/o Scharlotte Peppare, Lillkyrka-Viggeby 3, 745 97 Enköping"
Aduction,801025-XXXXRegistrerad verksamhet,,"Hornssund 15, 725 92 Västerås"
M.S Form & Interiör,950222-XXXXRegistrerad verksamhet,,"Bygatan 55 Ostvik, 934 91 Kåge"
jaz arkitektkontor,711211-XXXXRegistrerad verksamhet,,"c/o Azpetia, Vetegatan 5, 2 Tr, 118 59 Stockholm"
Rock and Bohem,880412-XXXXRegistrerad verksamhet,,"Diligensvägen 13, 131 48 Nacka"
Sardinia Essence,690527-XXXXRegistrerad verksamhet,,"c/o Katarina Boustedt, Wadmansgatan 12, 412 53 Göteborg"
PROMONT,780213-XXXXRegistrerad verksamhet,,"c/o Björne Ljungberg, Ljungvägen, 20, 135 62 Tyresö"
Orka Ordning,780214-XXXXRegistrerad verksamhet,,"Nybohovsbacken 65, 117 64 Stockholm"
EASTFIELD INTERIORS,801031-XXXXRegistrerad verksamhet,,"Sjövägen 2 a, 184 52 Österskär"
Studio John-John,950307-XXXXRegistrerad verksamhet,,"c/o Johnson, Bandygränd 3, 178 36 Ekerö"
Ivy Home Interior Design,950309-XXXXRegistrerad verksamhet,,"Järnvägsgatan 10 c, 302 49 Halmstad"
COLOFZON,950319-XXXXRegistrerad verksamhet,,"Box 370, 593 24 Västervik"
ReAIM,711212-XXXXRegistrerad verksamhet,,"Skvattramsstigen 2, 142 64 Trångsund"
Andris Innovations,880419-XXXXRegistrerad verksamhet,,"c/o Andris Underdal, Vittskövlevägen 12, 297 91 Vittskövle"
Scandinavian Homes Styling,880424-XXXXRegistrerad verksamhet,,"c/o Scandinavian Homes, Gävlegatan 26, 113 65 Stockholm"
mwidelanddesigns,690530-XXXXRegistrerad verksamhet,,"c/o Madeleine Wideland, Mariekällgatan 93, 151 44 Södertälje"
Anders Architecture,801105-XXXXRegistrerad verksamhet,,"c/o Karin Berensson, Dianavägen 26, 115 43 Stockholm"
Ruibi D Sthlm,700403-XXXXRegistrerad verksamhet,,"c/o Malin Lindman, Pastorsvägen 4, 168 66 Bromma"
Style My Home Sverige,690601-XXXXRegistrerad verksamhet,,"Sickla Kanalgata 85, 120 68 Stockholm"
Studio Bergslind,840223-XXXXRegistrerad verksamhet,,"Manhemsgatan 15, 126 52 Hägersten"
Anna Hjärp Consulting,780220-XXXXRegistrerad verksamhet,,"Bergav. 5, 184 31 Åkersberga"
Studio Mårselius,780221-XXXXRegistrerad verksamhet,,"c/o Anna Mårselius, Katarina Bangata 58, 116 39 Stockholm"
Inrednings Konsult Andreas Östman,730831-XXXXRegistrerad verksamhet,,"Box 78, 182 05 Djursholm"
HAIRMES,700405-XXXXRegistrerad verksamhet,,"Stora Torget 3, 753 20 Uppsala"
Art By Joy,950410-XXXXRegistrerad verksamhet,,"c/o Art By Joy /Art & Crafts, Corfitz-Beck-Friisgatan 13c, 231 43 Trelleborg"
Perini Interiör,711218-XXXXRegistrerad verksamhet,,"c/o Linda Perini, Valhallavägen 129, 115 31 Stockholm"
Glifbergs Måleri,880505-XXXXRegistrerad verksamhet,,"c/o Sebastian Glifberg, Bramstorps Väg 17, 271 98 Ystad"
Sweno Interior Design,690605-XXXXRegistrerad verksamhet,,"Regeringsgatan 84, 111 39 Stockholm"
diskin.k,780226-XXXXRegistrerad verksamhet,,"Violingatan 11, 271 92 Ystad"
Coppar,730904-XXXXRegistrerad verksamhet,,"Kung Magnus Väg 5, 621 45 Visby"
Hjorthagens ridanläggning,801112-XXXXRegistrerad verksamhet,,"Härlunda Lilla Gryte, 532 94 Skara"
Veronica Bick Trädgårdsformgivning,801117-XXXXRegistrerad verksamhet,,"Ödsmål 746, 473 93 Henån"
Karl Hugo Henriksson,950503-XXXXRegistrerad verksamhet,,"c/o Karl Hugo Henriksson, Lantvärnsgatan 1a Läg 25, 414 51 Göteborg"
B.A.S Arkitektkontor,711221-XXXXRegistrerad verksamhet,,"c/o Jenny Bornhager, Falsterbovägen 158, 235 91 Vellinge"
Malin Werner Interiör,711222-XXXXRegistrerad verksamhet,,"Runda Vägen 11, 167 51 Bromma"
Emakeit Redovisning Sthlm,880511-XXXXRegistrerad verksamhet,,"Boktryckarvägen 49, 129 33 Hägersten"
She is Art Design,880516-XXXXRegistrerad verksamhet,,"Tomtsätra 6, 155 93 Nykvarn"
a studio.space,750915-XXXXRegistrerad verksamhet,,"c/o Sunniva Berlanda Viking, Järnvägsgatan 32, 216 14 Limhamn"
E.R. Arkitektur,950519-XXXXRegistrerad verksamhet,,"Frejavägen 6, 837 32 Järpen"
LE Wallin Consulting,690608-XXXXRegistrerad verksamhet,,"c/o Lars-Erik Wallin, Ede 4329, 820 40 Järvsö"
Roth Design Studio,690610-XXXXRegistrerad verksamhet,,"c/o Dive Architects, Skeppargatan 39, 114 52 Stockholm"
GOOS Interior & Living,780306-XXXXRegistrerad verksamhet,,"Vätterosvägen 15, 806 28 Gävle"
dahlbäck landskap,780307-XXXXRegistrerad verksamhet,,"Boltensternsvägen 47, 236 38 Höllviken"
Studio Sagerska,840310-XXXXRegistrerad verksamhet,,"c/o Ida Hallberg, Sagerska Vägen 9, 305 72 Steninge"
"Omnejd landskapsarkitektur, Skåne",840314-XXXXRegistrerad verksamhet,,"Skarpskyttevägen 18a, 226 42 Lund"
Dandy Days,750918-XXXXRegistrerad verksamhet,,"c/o Östra Flygeln, Råda Säteri, Säteriallén 7, 435 32 Mölnlycke"
PM Design,801123-XXXXRegistrerad verksamhet,,"Arkadvägen 6, 121 47 Johanneshov"
Ackebo Inredning,880517-XXXXRegistrerad verksamhet,,"c/o Anna-Clara Ackebo, Norrsätravägen 8a, 192 65 Sollentuna"
AC Studio,950604-XXXXRegistrerad verksamhet,,"Astris Gata 80, 417 67 Göteborg"
Lice's,690611-XXXXRegistrerad verksamhet,,"Första Avenyen 7, 281 21 Hässleholm"
Cecilia Fältman Interiör & Design,700412-XXXXRegistrerad verksamhet,,"Källundavägen 21, 291 92 Kristianstad"
Björn Ehrlemark enskild firma,840315-XXXXRegistrerad verksamhet,,"Heleneborgsgatan, 117 32 Stockholm"
Badb Publishing,840316-XXXXRegistrerad verksamhet,,"Rosa Vägen 7, 451 98 Uddevalla"
Brand New Living,840319-XXXXRegistrerad verksamhet,,"Tullgarnsvägen 4, 125 71 Älvsjö"
Desthon Ord & Design,730912-XXXXRegistrerad verksamhet,,"Sockenvägen 92 c, 132 46 Saltsjö-Boo"
Malins Trädgårdsateljé,801128-XXXXRegistrerad verksamhet,,"Modulatorsgatan 3, 421 34 Västra Frölunda"
Stockholm Homestaging enterprise,880525-XXXXRegistrerad verksamhet,,"Armborstvägen 8, 192 59 Sollentuna"
Benjamin Bruno,950620-XXXXRegistrerad verksamhet,,"Västmannagatan 103a, 113 43 Stockholm"
Simp Design,690613-XXXXRegistrerad verksamhet,,"Grevgatan 12, 114 53 Stockholm"
Pahlbergs Tapetserarverkstad Eftr.,780314-XXXXRegistrerad verksamhet,,"Karl Den Xi Gata 7, 222 20 Lund"
Masett,730918-XXXXRegistrerad verksamhet,,"Norra Vägen 37, 269 40 Båstad"
Natali.Import.Export,750923-XXXXRegistrerad verksamhet,,"Första Maj Gatan 4, 415 35 Göteborg"
avKlara,880604-XXXXRegistrerad verksamhet,,"Kontoristvägen 5, 123 54 Farsta"
Studio E interior,801207-XXXXRegistrerad verksamhet,,"Södra Klockspelsvägen 15i, 217 74 Malmö"
FAh Arkitekter,950716-XXXXRegistrerad verksamhet,,"c/o Filip Ahlin, Ulvåsavägen 2a, 582 47 Linköping"
Hironori Tsukue,700416-XXXXRegistrerad verksamhet,,"Cedergrensvägen 56, 126 36 Hägersten"
Spiranda Interiors,690619-XXXXRegistrerad verksamhet,,"Strandvägen 5, 182 60 Djursholm"
Afsan konst och Arkitektur,840328-XXXXRegistrerad verksamhet,,"c/o Afsaneh Bayander, Odenskogsvägen 80, 831 63 Östersund"
Rebecka Lingbert,880610-XXXXRegistrerad verksamhet,,"c/o Rebecka Lingbert, Eolshällsvägen 23, 129 37 Hägersten"
RUMSVIS,880611-XXXXRegistrerad verksamhet,,"Nygårdsvägen 2m, 218 53 Klagshamn"
Trollabort,750930-XXXXRegistrerad verksamhet,,"Musserongången 138, 135 34 Tyresö"
Vanilla Skane,720104-XXXXRegistrerad verksamhet,,253 51 Påarp
Made by you Idd design,780319-XXXXRegistrerad verksamhet,,"Soldathemsgatan 18 Lg1102, 415 28 Göteborg"
ARIZONA CENTER,780321-XXXXRegistrerad verksamhet,,"c/o Mazin Aljundi, Visbyringen 54 Lgh1202, 163 73 Spånga"
Drifa Design,780322-XXXXRegistrerad verksamhet,,"c/o Drifa Yngvadottir, Bjurholmsgatan 16, 116 38 Stockholm"
Moodifiera Design,700421-XXXXRegistrerad verksamhet,,"Tallkottsvägen 7, 138 36 Älta"
Björn Lundquist Arkitektur,840403-XXXXRegistrerad verksamhet,,"Tegelbruksvägen 7, 126 32 Hägersten"
SKALDEMAN arkitektfirma,880624-XXXXRegistrerad verksamhet,,"Öregrundsgatan 8 Kp, 115 59 Stockholm"
Studio Mundo,950826-XXXXRegistrerad verksamhet,,"c/o Lukas Lindell Welander, Maltgatan 12 Lgh 1203, 120 79 Stockholm"
Cecilias Trädgårdar,801219-XXXXRegistrerad verksamhet,,"Gluggetorpsvägen 11, 531 59 Lidköping"
By Anne Madelene,840406-XXXXRegistrerad verksamhet,,"c/o Anne Slättman, Karlsrovägen 8, 725 96 Västerås"
KAU interiors,880629-XXXXRegistrerad verksamhet,,"c/o Anniina Urho, Köpenhamnsvägen 7d, 217 43 Malmö"
Trött PJ,880701-XXXXRegistrerad verksamhet,,"Bredagatan 8, 115 21 Stockholm"
ALVILEMA,751006-XXXXRegistrerad verksamhet,,"c/o Kampmann Cambry, Drottningholmsvägen 10, 112 42 Stockholm"
Decor by fridaviktoria,950910-XXXXRegistrerad verksamhet,,"Sönevägen 1a, 531 97 Lidköping"
Staall - design,880705-XXXXRegistrerad verksamhet,,"Stenshult 15, 343 93 Älmhult"
Lyckligahem,950925-XXXXRegistrerad verksamhet,,"Fyrklövergatan 11, 194 49 Upplands Väsby"
Forum Mat & Dryck,801226-XXXXRegistrerad verksamhet,,"Syaregatan 23, 432 75 Träslövsläge"
Cruzeiro Consulting,801228-XXXXRegistrerad verksamhet,,"c/o Cruzeiro, Markvardsgatan 15, 113 53 Stockholm"
Kiaita,801229-XXXXRegistrerad verksamhet,,"c/o Kia Harjanne, Bergsgatan 19, 112 28 Stockholm"
ALMGREN Konst & Landskap,700427-XXXXRegistrerad verksamhet,,"c/o Johanna Almgren, Godhemsgatan 34b, 414 68 Göteborg"
Formbyrå 4,690630-XXXXRegistrerad verksamhet,,"Bergsundsgatan 2, 117 37 Stockholm"
CONCEPT ID,880716-XXXXRegistrerad verksamhet,,"c/o Annie Lind, Bergsvägen 9, 181 31 Lidingö"
MN Inredning Design,751012-XXXXRegistrerad verksamhet,,"Däldernavägen 8, 549 47 Skövde"
Wallflow,730930-XXXXRegistrerad verksamhet,,"Skyttelinjen 11, 226 49 Lund"
Firma Hedvig Törneman Design,780404-XXXXRegistrerad verksamhet,,"Johan Banérs Väg 36, 182 75 Stocksund"
24 Development & Design,951103-XXXXRegistrerad verksamhet,,"c/o David Dastgheib, Hovslagarevägen 19, 192 54 Sollentuna"
Kuchack,810107-XXXXRegistrerad verksamhet,,"c/o Pouya Kouchakpour, Hornsgatan 70, 118 21 Stockholm"
Sunes Dotter,700503-XXXXRegistrerad verksamhet,,"Lundtorpsgatan 40, 386 93 Färjestaden"
Fredrik Widigs Arkitekt,880725-XXXXRegistrerad verksamhet,,"Studentbacken 34, 115 57 Stockholm"
Ljung interior design,951214-XXXXRegistrerad verksamhet,,"Blåklintsgatan 5, 593 38 Västervik"
Ahnesjö landskapsarkitektur,731008-XXXXRegistrerad verksamhet,,"Stanstorp, Dahlstigen 2, 243 91 Höör"
Catrin Huvén Consulting,810108-XXXXRegistrerad verksamhet,,"Vinkelvägen 8, 864 31 Matfors"
Mimbel,880801-XXXXRegistrerad verksamhet,,"c/o Mimbel, Lilla Dalsjö 497, 282 61 Bjärnum"
Kirskål & kaprifol,731009-XXXXRegistrerad verksamhet,,"Rönnvägen 3, 465 95 Nossebro"
AL Styling,731011-XXXXRegistrerad verksamhet,,"Rönnebergsvägen 20, 268 34 Svalöv"
Ava Studio,751026-XXXXRegistrerad verksamhet,,"c/o Anna Averman, Västra Äskevägen 1, 504 93 Borås"
MediaVibe,960119-XXXXRegistrerad verksamhet,,"c/o Mateusz Voigt, Mogensgatan 8, 214 46 Malmö"
Vise Studio,960129-XXXXRegistrerad verksamhet,,"Smålandsgatan 20, 571 40 Nässjö"
Kungslena konst och smide,700508-XXXXRegistrerad verksamhet,,"Kungslena Lobacken 1, 522 93 Tidaholm"
Fotograf Anna Sigge,690712-XXXXRegistrerad verksamhet,,"Kråkeredsvägen 143, 504 95 Borås"
Chambremium interior,880819-XXXXRegistrerad verksamhet,,"Virauddsvägen 12, 183 77 Täby"
A-iDÉ Arkitektur- och Idéutveckling,751101-XXXXRegistrerad verksamhet,,"c/o Mats Abrahamson, Kabelgatan 10 Iii, 414 57 Göteborg"
Kilsbergens Inredning & Styling,960202-XXXXRegistrerad verksamhet,,"Frösvidal 536, 705 92 Örebro"
NyaKvadratmeter,960217-XXXXRegistrerad verksamhet,,"c/o Cassandra Gigel, Stäkshöjden 62, 176 76 Järfälla"
Kontrast Kulturproduktion,810122-XXXXRegistrerad verksamhet,,"Kärrtorpsvägen 67, 121 55 Johanneshov"
R.M.A Design,700512-XXXXRegistrerad verksamhet,,"c/o 1601, Prästgårdsvägen 9, 151 61 Södertälje"
Lilla Rosarve,780421-XXXXRegistrerad verksamhet,,"Almaröd 11:85, 274 51 Skivarp"
Miemei creativethinking,780422-XXXXRegistrerad verksamhet,,"c/o Molnia Efremov, Söderberga Gårdsväg 51, 162 52 Vällingby"
Gröna bänken,840523-XXXXRegistrerad verksamhet,,"Enehagsgatan 166, 441 57 Alingsås"
Studio Wiggins,880826-XXXXRegistrerad verksamhet,,"Ystadsgatan 9c, 214 24 Malmö"
Moa Inredare,751104-XXXXRegistrerad verksamhet,,"c/o Moa Söderhielm, Grubbensringen 25, 112 69 Stockholm"
Ateljé Amanda,960222-XXXXRegistrerad verksamhet,,"c/o Amanda Fransson, Hjälmshultsgatan 11, 254 31 Helsingborg"
M.T.G Styling,960314-XXXXRegistrerad verksamhet,,"Vinterbrinksvägen 53, 133 32 Saltsjöbaden"
Solrosen,731019-XXXXRegistrerad verksamhet,,"Kungsviksgatan 8 f, 952 34 Kalix"
"Design, Chaos and Shenanigans",880831-XXXXRegistrerad verksamhet,,"Vikenvägen 20, 355 95 Tävelsås"
B Creative,880905-XXXXRegistrerad verksamhet,,"Åkervägen 39a, 191 45 Sollentuna"
Imagine Peace Sthlm,751108-XXXXRegistrerad verksamhet,,"Spårvägen 6, 169 32 Solna"
Värmland Garden & Living,751111-XXXXRegistrerad verksamhet,,"Speke Ängen 1, 671 92 Arvika"
Landskapsutveckling Elin Lundgren Alm,960323-XXXXRegistrerad verksamhet,,"Lilla Varvsgatan 24, 211 75 Malmö"
Caroline Tamm Cederholm,780428-XXXXRegistrerad verksamhet,,"Erik Dahlbergsallén 5, 115 20 Stockholm"
TONING & WRAP GÖTEBORG,880914-XXXXRegistrerad verksamhet,,"c/o Ditec City, Bältgatan 4, 416 64 Göteborg"
Enmy,960413-XXXXRegistrerad verksamhet,,"c/o Quinones, Flygfältsvägen 5a, 691 37 Karlskoga"
Granhäcken Trädgård och Villamiljö,810205-XXXXRegistrerad verksamhet,,"Torgonö 2, 452 97 Strömstad"
Karin Matz Arkitekt,810207-XXXXRegistrerad verksamhet,,"Bergsrådsvägen 14, 128 42 Bagarmossen"
RC Architect Design,731026-XXXXRegistrerad verksamhet,,"c/o Rickard Castillo, Telegramvägen 20a, 132 35 Saltsjö-Boo"
Homestylestudio Daniella Lindberg,731027-XXXXRegistrerad verksamhet,,"c/o Home Style Studio, Börjessonsliden 4, 453 35 Lysekil"
Roomify Interior,840608-XXXXRegistrerad verksamhet,,"Odengatan 61, 441 51 Alingsås"
delight delight,880920-XXXXRegistrerad verksamhet,,"c/o Larsen, Trollesundsvägen 11, Larsen, 124 32 Bandhagen"
TAXINGE CONSULTING,751117-XXXXRegistrerad verksamhet,,"Rådjursslingan 23, 155 93 Nykvarn"
Silas Belysning & Ljusdesign,960508-XXXXRegistrerad verksamhet,,"Pilgatan 12, 553 18 Jönköping"
Jesper Wennberg sales & marketing,960517-XXXXRegistrerad verksamhet,,"c/o Jesper Wennberg, Älvdalsvägen 57, 165 75 Hässelby"
TresArch,810213-XXXXRegistrerad verksamhet,,"c/o Thérèse Kristiansson, Malmgårdsvägen 28, 116 38 Stockholm"
Anna-Karin Östbergs Möbler,720204-XXXXRegistrerad verksamhet,,"c/o Östberg, Bondegatan 27, 116 33 Stockholm"
MONDIALMA,880926-XXXXRegistrerad verksamhet,,"Lundgatan 65, 117 28 Stockholm"
E.C. Pielage,960519-XXXXRegistrerad verksamhet,,"c/o Ebba Cajsa Pielage, Hornsgatan 151, 117 34 Stockholm"
Interior by Werngren,960603-XXXXRegistrerad verksamhet,,"Lönbladsgatan 5 a, 291 33 Kristianstad"
Goldbrain Architecture,810216-XXXXRegistrerad verksamhet,,"c/o Birgit Mejergren, Lillhagsvägen 8, 124 71 Bandhagen"
Hår Studion LA,700525-XXXXRegistrerad verksamhet,,"Storgatan 14, 333 71 Bredaryd"
Jacob Stening Arkitektur,840621-XXXXRegistrerad verksamhet,,"Nyårsvägen 10, 126 47 Hägersten"
Robert Skwira Anpassat Hem,731102-XXXXRegistrerad verksamhet,,"c/o Robert Skwira, Svarttjärnsvägen 10, 134 63 Ingarö"
Chez Moi Studio,731103-XXXXRegistrerad verksamhet,,"Fridhemsvägen 31b, 612 34 Finspång"
A.S Design i Borås,881002-XXXXRegistrerad verksamhet,,"Västermalmsgatan 3, 504 66 Borås"
JennyCamilla,960614-XXXXRegistrerad verksamhet,,"Fabriksvägen 5b, 611 73 Vrena"
BJORK INTERIORS Malin Eldeklint,960616-XXXXRegistrerad verksamhet,,"Språkgränd 34, 907 33 Umeå"
SonofanArchitect,810222-XXXXRegistrerad verksamhet,,"Kungsholmsgatan 22, 112 27 Stockholm"
Västkustens Trädgårdar,751128-XXXXRegistrerad verksamhet,,"c/o Moläng, Ängsvägen 26, 435 43 Pixbo"
Daniel Zetterberg Enskild Firma,840625-XXXXRegistrerad verksamhet,,"c/o Daniel Zetterberg, Studentbacken 23 Lgh 402, 115 57 Stockholm"
Grön Design av Louise,731105-XXXXRegistrerad verksamhet,,"c/o Louise Nordin, Runbyvägen 8, 194 47 Upplands Väsby"
design by p,731106-XXXXRegistrerad verksamhet,,"Gödestad 11, 432 91 Varberg"
Medina Landskapsarkitektur + Stadsplanering,881013-XXXXRegistrerad verksamhet,,"Carl Grimbergsgatan 25, 413 13 Göteborg"
Städstugan,881016-XXXXRegistrerad verksamhet,,"Jormvattnet 395, 833 98 Gäddede"
AJ Arkitekt & Byggkonsult,960717-XXXXRegistrerad verksamhet,,"Vasagatan 19, 331 41 Värnamo"
Sandra Kragnert Design,751201-XXXXRegistrerad verksamhet,,"c/o Centing, Högalidsgatan 36 d, 117 30 Stockholm"
Garden Passion by Sayo,751202-XXXXRegistrerad verksamhet,,"c/o Sayo Ögren, Fritzbergsvägen 73, 186 51 Vallentuna"
Malmnäs Möbler & Interiör,840628-XXXXRegistrerad verksamhet,,"Skartoftavägen 119, 275 94 Sjöbo"
Carler Interior,881022-XXXXRegistrerad verksamhet,,"c/o Nathalie Carler, Primusgatan 69, 112 67 Stockholm"
Livsreda,960801-XXXXRegistrerad verksamhet,,"c/o Lisa Persson, Harald Hjärnesgatan 1, 417 20 Göteborg"
RAND Arkitekter,960814-XXXXRegistrerad verksamhet,,"Tågagatan 13, 252 22 Helsingborg"
KKR Arkitektkontor,780522-XXXXRegistrerad verksamhet,,"Gamla Södåkdravägen 215-70, 263 92 Jonstorp"
Scandinaviangrey,810302-XXXXRegistrerad verksamhet,,"c/o Charlotte Wahlberg, Albert Zetterbergs Väg 10, 134 64 Ingarö"
Philip Arkitektkontor,720216-XXXXRegistrerad verksamhet,,"Birger Jarlsgatan 103 b, 113 56 Stockholm"
Berdini Consulting,840704-XXXXRegistrerad verksamhet,,"c/o Berdini Consulting, Nynäsvägen 114, 136 36 Handen"
Kristin Berggren,840706-XXXXRegistrerad verksamhet,,"c/o Kristin Berggren, Hampnäsvägen 79c, 894 31 Själevad"
Ahrngrymm art & interior design,840708-XXXXRegistrerad verksamhet,,"Badvägen 18, 342 62 Moheda"
Grundell Hantverk och Design,881029-XXXXRegistrerad verksamhet,,"c/o Winthers Revisionsbyrå AB, Box 24, 101 20 Stockholm"
KERARKIMIKTUR,690810-XXXXRegistrerad verksamhet,,"Värbyvägen 206 Skammarp, 230 40 Bara"
Design by Margareta,810304-XXXXRegistrerad verksamhet,,"c/o Matuszczak, Rökullagatan 10 c, 254 58 Helsingborg"
SC Production,731115-XXXXRegistrerad verksamhet,,"Källängsvägen 28, 181 44 Lidingö"
Sigrids Inredning,960913-XXXXRegistrerad verksamhet,,"Nya Nordåsvägen 286, 448 31 Floda"
CBB Consulting,960923-XXXXRegistrerad verksamhet,,"c/o Constancia Berlin Baumgardt, Skeppargatan 66, 114 59 Stockholm"
HildaLund Byggritningar,960929-XXXXRegistrerad verksamhet,,"c/o Hilda Lund, Arrendevägen 4, 352 58 Växjö"
ARKITECO,840716-XXXXRegistrerad verksamhet,,"Krokslätts Torg 7, 431 37 Mölndal"
Tullerums Västergård,700608-XXXXRegistrerad verksamhet,,"c/o Christian Horne, Östervägen 15 c, 191 49 Sollentuna"
Grönt - ute & inne Sweden,700610-XXXXRegistrerad verksamhet,,"Tegvägen 27, 187 30 Täby"
VE DEVELOP,780530-XXXXRegistrerad verksamhet,,"Rörstrandsgatan 35, 113 41 Stockholm"
Room sense,881117-XXXXRegistrerad verksamhet,,"Uddevallavägen 9a, 442 30 Kungälv"
Tellus Arkitektur,881119-XXXXRegistrerad verksamhet,,"Fabriksgatan 11 Plan.6, 503 38 Borås"
izdesign,881120-XXXXRegistrerad verksamhet,,"c/o kenny grönberg, Fågelbovägen 23b, 611 36 Nyköping"
Lintérieur,961013-XXXXRegistrerad verksamhet,,"Pepparedsängen 43, 431 50 Mölndal"
Home by C,751216-XXXXRegistrerad verksamhet,,"Sjöbergavägen 4, 373 54 Senoren"
Ability Design EJ,780531-XXXXRegistrerad verksamhet,,"Erikstorpsg. 16, 217 54 Malmö"
Borglina,780602-XXXXRegistrerad verksamhet,,"c/o Lina Borglin, Karis Lycka 6, 433 51 Öjersjö"
Tille home,961126-XXXXRegistrerad verksamhet,,"Råtegelvägen 32, 238 39 Oxie"
SWEIT Interior Design,810317-XXXXRegistrerad verksamhet,,"Stagneliusv 41, 112 57 Stockholm"
WonderCraft,840802-XXXXRegistrerad verksamhet,,"Spannarpsgränd 8, 125 72 Älvsjö"
ateljenny,780606-XXXXRegistrerad verksamhet,,"c/o Jenny Wångstedt, Ansgariusvägen 12b, 184 50 Åkersberga"
Designporten,690818-XXXXRegistrerad verksamhet,,"Morgonvägen 8, 448 33 Floda"
Interium,961204-XXXXRegistrerad verksamhet,,"Vildvinsvägen 3, 262 70 Strövelstorp"
VINKLA arkitektbyrå,751223-XXXXRegistrerad verksamhet,,"Ormvråksgatan 29, 254 49 Helsingborg"
Rosengrens Trädgård Strömstad,840805-XXXXRegistrerad verksamhet,,"Båleröd 2, 452 97 Strömstad"
Bonanza Designstudio,780610-XXXXRegistrerad verksamhet,,"c/o Elisabeth Nilsen, Norra Åsvägen 29, 806 49 Gävle"
AL IN i Dalarna,970114-XXXXRegistrerad verksamhet,,"c/o Amanda Larsson, Träkolsvägen 31, 786 31 Vansbro"
Landscape Me,810327-XXXXRegistrerad verksamhet,,"Västra Skrävlingevägen 22, 212 31 Malmö"
IdéRum Inredning&Design MH,700621-XXXXRegistrerad verksamhet,,"Vasshallavägen 10, 507 71 Gånghester"
Archi Lines,780611-XXXXRegistrerad verksamhet,,"Stationsgata 7 Lgh 1202, 257 34 Rydebäck"
Styled By Me,881225-XXXXRegistrerad verksamhet,,"c/o Liza Almkvist, Norra Belltorpsvägen 8, 702 37 Örebro"
Serenum Consulting,731130-XXXXRegistrerad verksamhet,,"c/o Cecilia Calson, Solö 3, 611 97 Stigtomta"
Jonas Wagell Design & Arkitektur,731202-XXXXRegistrerad verksamhet,,"Triewaldsgränd 2, 1 Tr, 111 29 Stockholm"
WOW INTERIOR,970131-XXXXRegistrerad verksamhet,,"c/o Emma Westman, Kungsgatan 66h, 753 41 Uppsala"
An interior story,970209-XXXXRegistrerad verksamhet,,"Grindtorps Skolgränd 20, 183 47 Täby"
Aqua Sand Art,810403-XXXXRegistrerad verksamhet,,"c/o Irina Jonsson, Björkvägen 1, 195 44 Märsta"
Studio Hermine,890101-XXXXRegistrerad verksamhet,,"Heleneborgsgatan 9c, 117 31 Stockholm"
Mareee HomeStyling & Interior,731203-XXXXRegistrerad verksamhet,,"Johannesbäcksgatan 45e, 754 44 Uppsala"
Stad och Hus Arkitektkontor i Skaraborg,731204-XXXXRegistrerad verksamhet,,"c/o Charlotte Paulsson, Tolsjöhult Björkstugan 1, 546 94 Undenäs"
Arons interiör,810404-XXXXRegistrerad verksamhet,,"Lilla Färsjövägen 5, 826 50 Söderhamn"
Sofie Ganeva interiör,760104-XXXXRegistrerad verksamhet,,"Östermalmsgatan 89, 114 59 Stockholm"
Studio 18,760106-XXXXRegistrerad verksamhet,,"Scheffers Gränd 11, 135 63 Tyresö"
byNork,700624-XXXXRegistrerad verksamhet,,"Karlbergsstrand 6a, 171 73 Solna"
ROOMbyNYROOS,780616-XXXXRegistrerad verksamhet,,"c/o Karin Nyroos, Flygsandsvägen 1, 311 43 Falkenberg"
Lilla Gröna på Moarna,720307-XXXXRegistrerad verksamhet,,"Rackarekullen Moarna, 430 10 Tvååker"
Tham Studios,890106-XXXXRegistrerad verksamhet,,"c/o Mikaela Tham, Slåttervägen 30, 931 38 Skellefteå"
V.I.D Vision.Interiör.Design,890107-XXXXRegistrerad verksamhet,,"Lundsbäcksgatan 156, 254 59 Helsingborg"
a wigow,970307-XXXXRegistrerad verksamhet,,"Kattgränd 6, 118 25 Stockholm"
Gröna Boo Trädgårdsmästeri,970320-XXXXRegistrerad verksamhet,,"Räfserydsvägen 27, 506 49 Borås"
Sawe Livskraft,810413-XXXXRegistrerad verksamhet,,"Sjöängsvägen 8, 582 75 Linköping"
Dencel,760109-XXXXRegistrerad verksamhet,,"Ringvägen 157, 6tr, 116 31 Stockholm"
Nacka trädgårdsvård,700629-XXXXRegistrerad verksamhet,,"Edinsvägen 24, 131 47 Nacka"
BOFINKEN,780620-XXXXRegistrerad verksamhet,,"Ringvägen 134, 116 61 Stockholm"
Sköna trädgårdar av trädgårdsarkitekt Emelie Haji Sheykhi,890119-XXXXRegistrerad verksamhet,,"Kummelgatan 60a, 253 60 Ramlösa"
Fredrik Drotte,700630-XXXXRegistrerad verksamhet,,"Häggkullevägen 10, 184 37 Åkersberga"
Ljuva Styling,840904-XXXXRegistrerad verksamhet,,"Bordsvägen 40, 122 46 Enskede"
JEL studio,840905-XXXXRegistrerad verksamhet,,"c/o Josefine Larsson, Ängserydsgatan 33, 591 32 Motala"
HEMTREVLIGT MED MAJA,970505-XXXXRegistrerad verksamhet,,"Storgatan 41, 833 41 Hammerdal"
STUDIO 11 ARCHITECTS,840911-XXXXRegistrerad verksamhet,,"c/o Zina Dawood, Östraforstadsgatan 34, 1401, 212 12 Malmö"
Konstnär Eira Fogelberg,720314-XXXXRegistrerad verksamhet,,"Rosenfinksgatan 21, 254 50 Helsingborg"
Nyman Arkitektur,890127-XXXXRegistrerad verksamhet,,"c/o Jonas Nyman, Noe Arksgränden 6, 118 26 Stockholm"
Villanelle Sun,890128-XXXXRegistrerad verksamhet,,"Stafettgatan 6b, 416 59 Göteborg"
Hanna Arkitekt,810426-XXXXRegistrerad verksamhet,,"Lilla Algatan 3a, 223 50 Lund"
stil hit & dit,840915-XXXXRegistrerad verksamhet,,"Vänskapsvägen 42, 112 65 Stockholm"
Ribbons and bows,840916-XXXXRegistrerad verksamhet,,"Disponentgatan 21, 211 57 Malmö"
Karin Weiborg Design,840917-XXXXRegistrerad verksamhet,,"Grenljusbacken 21, 117 65 Stockholm"
ZYX Peking,970621-XXXXRegistrerad verksamhet,,"Axel Swartlings Gata 164, 603 77 Norrköping"
LUGN Interiör,970627-XXXXRegistrerad verksamhet,,"Industrigatan 22, 582 55 Linköping"
Silvija Sennevik Interiör & Trädgård,700707-XXXXRegistrerad verksamhet,,"c/o Silvija Sennevik, Maria Johansdotters Backe 9, 423 41 Torslanda"
GReEN DESIGN,760122-XXXXRegistrerad verksamhet,,"Landshövdingevägen 5 b, 262 52 Ängelholm"
Bamika Skrädderi & Syateljé,760124-XXXXRegistrerad verksamhet,,"c/o Sheragin Oroumy, Funbo-Brunnby 100, 755 97 Uppsala"
ENIJO struktur och balans,840921-XXXXRegistrerad verksamhet,,"Floragatan 7, 382 41 Nybro"
Sing & Asociados,840922-XXXXRegistrerad verksamhet,,"c/o Falk, Trevlinge 22, 741 78 Uppsala"
Viganti,780706-XXXXRegistrerad verksamhet,,"c/o Georgios Apostolidis, Slatthagsvagen 20, 681 95 Kristinehamn"
N Arkitekt,890212-XXXXRegistrerad verksamhet,,"c/o Theo Nordenskjöld, Aschebergsgatan 32, Göteborg, 411 33 Göteborg"
Eva Minoura Arkitektur,731227-XXXXRegistrerad verksamhet,,"c/o Eva Minoura, Tussmötevägen 248, 122 64 Enskede"
Johanna Borggren,780710-XXXXRegistrerad verksamhet,,"Sollerövägen 35, 167 75 Bromma"
lomu arkitektur & design,780712-XXXXRegistrerad verksamhet,,"c/o Helger, Idalsvägen 12, 134 67 Ingarö"
Unik Fabrik,780713-XXXXRegistrerad verksamhet,,"Doktor Bex Gata 7c, 413 24 Göteborg"
Malakit Landscaping,970822-XXXXRegistrerad verksamhet,,"Bromsbodavägen 37a, 194 42 Upplands Väsby"
shape IT green,731230-XXXXRegistrerad verksamhet,,"c/o Ann Hallén, Ostronvägen 31a, 815 45 Tierp"
Therése Hjalmarsson,810508-XXXXRegistrerad verksamhet,,"Oderup 9237, 242 97 Hörby"
Atelier BARK,970908-XXXXRegistrerad verksamhet,,"Gammelgårdsvägen 22, 112 64 Stockholm"
Lindoff Solutions,970925-XXXXRegistrerad verksamhet,,"Södra Förstadsgatan 121 g, 214 28 Malmö"
Magnus Malm Arkitektur,760201-XXXXRegistrerad verksamhet,,"Trappgränd 2, 169 51 Solna"
c/o Inredning RÅÅ,740101-XXXXRegistrerad verksamhet,,"Drottninggatan 15, 252 21 Helsingborg"
Fingal Design,810512-XXXXRegistrerad verksamhet,,"Sjöängen 110, 442 65 Marstrand"
sp reformdesign,810513-XXXXRegistrerad verksamhet,,"Gärdesvägen 3 b, 793 32 Leksand"
Norden Concept Studio,971013-XXXXRegistrerad verksamhet,,"Lagmansgatan 30a, 595 52 Mjölby"
laniasstudio,971028-XXXXRegistrerad verksamhet,,"c/o Lania Amen, Brattåskärrsvägen 7, 433 63 Sävedalen"
Wermdö styling,760206-XXXXRegistrerad verksamhet,,"Grisslingebacken 3b, 139 36 Värmdö"
Anillum,700720-XXXXRegistrerad verksamhet,,"Fjärilstigen 90, 144 42 Rönninge"
WIDOLF Arkitektur och Design,740103-XXXXRegistrerad verksamhet,,"Hästhagsgatan 17, 172 75 Sundbyberg"
Skogstorpet Trädgårdsservice,720327-XXXXRegistrerad verksamhet,,"c/o Jens Svensson, Asplyckegatan 9, 294 34 Sölvesborg"
Papillon Design,740104-XXXXRegistrerad verksamhet,,"c/o Öberg Labiad, Franstorpsvägen 11, 172 66 Sundbyberg"
Style by Leila,780801-XXXXRegistrerad verksamhet,,"c/o Style By Leila, Beckbrännarbacken 1, 116 35 Stockholm"
Victoria Israelsson Arkitekt,971201-XXXXRegistrerad verksamhet,,"Ryttarvägen 17, 187 69 Täby"
INGEMAR ED FORM & TEXT,760211-XXXXRegistrerad verksamhet,,"Axvallsvägen 43, 121 50 Johanneshov"
Agentur & Ekonomi Sverige,700726-XXXXRegistrerad verksamhet,,"Brogårdsv 20, 434 98 Kungsbacka"
Urban Beings,810524-XXXXRegistrerad verksamhet,,"c/o Yatwan Hui, Hasselstigen 26, 125 53 Älvsjö"
Vinblad's homstyling & design,841031-XXXXRegistrerad verksamhet,,"c/o Johanna Vinblad, Torsgatan 48b, 113 37 Stockholm"
APM Konsult,780804-XXXXRegistrerad verksamhet,,"Furubergsvägen 16, 194 34 Upplands Väsby"
Johanna Berg interior,890330-XXXXRegistrerad verksamhet,,"Munkebäcksgatan 27l, 416 53 Göteborg"
Framed Homes,980106-XXXXRegistrerad verksamhet,,"Mälarparksvägen 11, 723 56 Västerås"
Ester interiör,980107-XXXXRegistrerad verksamhet,,"Spindelörtsvägen 7, 561 62 Tenhult"
Atelier Bexelius,740113-XXXXRegistrerad verksamhet,,"Tullgårdsgatan 10, 6 Tr, 116 68 Stockholm"
Emmas Jord och Konst.,810601-XXXXRegistrerad verksamhet,,"c/o Emma Jessen Krut, Klockljungvägen 6, 448 31 Floda"
Charlier Interiör,841105-XXXXRegistrerad verksamhet,,"Karl x Gustavs Gata 28, 254 39 Helsingborg"
"BEAS - styling, event & homestaging",890404-XXXXRegistrerad verksamhet,,"Timotejgatan 13, 534 34 Vara"
Studio L.N,980220-XXXXRegistrerad verksamhet,,"Smedjevägen 2, 167 32 Bromma"
Flott Design KHE,760219-XXXXRegistrerad verksamhet,,"Musselvägen 29, 181 66 Lidingö"
Nordinterior studio,810604-XXXXRegistrerad verksamhet,,"Askims Sörgårdsväg 70, 436 44 Askim"
Studio Klev,980225-XXXXRegistrerad verksamhet,,"Axel Danielssons Väg 336, 215 82 Malmö"
Hohm Interiör,980227-XXXXRegistrerad verksamhet,,"Vångavägen 8, 266 54 Vejbystrand"
UNNA Trädgårdsarkitekt,700801-XXXXRegistrerad verksamhet,,"Tjusarbacken 5a, 139 36 Värmdö"
Kebbon Design,700803-XXXXRegistrerad verksamhet,,"Karlavägen 68, 114 59 Stockholm"
Creative Visual Studio Stockholm,810611-XXXXRegistrerad verksamhet,,"c/o Box 8108, Sveavägen 124, 113 50 Stockholm"
Bioinspira by Johanna,780818-XXXXRegistrerad verksamhet,,"c/o Karlén, Fagerlidsvägen 1, 196 30 Kungsängen"
NARBOOM STUDIO,890415-XXXXRegistrerad verksamhet,,"Sjöviksvägen 81 Lgh 1302, 117 57 Stockholm"
Hjortmar Hem & Inredning,760225-XXXXRegistrerad verksamhet,,"Släntvägen 4, 541 52 Skövde"
Briza Trägårdsdesign,740121-XXXXRegistrerad verksamhet,,"Fornuddsvägen 98, 135 52 Tyresö"
Lisetts Trädgård,780820-XXXXRegistrerad verksamhet,,"Jupitervägen 9a, 352 64 Växjö"
SW Engineering Solutions,890426-XXXXRegistrerad verksamhet,,"Blåsebergavägen 20 Lgh 1507, 216 33 Limhamn"
DS Arkitekt & Ingenjörsbyrå,980507-XXXXRegistrerad verksamhet,,"Dammsnäcksgränd 10, 216 31 Limhamn"
E. Larsson Montage & Inredning,980519-XXXXRegistrerad verksamhet,,"Storegårdsvägen 33c, 549 38 Skövde"
SAMARKAND TRAVEL,810617-XXXXRegistrerad verksamhet,,"Sotingeplan 62, 163 61 Spånga"
Folia arkitektur,810618-XXXXRegistrerad verksamhet,,"c/o Johanna Sofia Elgström, Skördevägen 121, 263 54 Lerberget"
En form av Nord,810620-XXXXRegistrerad verksamhet,,"Enstigen 13, 144 62 Rönninge"
Ana Design Studio,841205-XXXXRegistrerad verksamhet,,"c/o Anastasiia Levchuk, Smidesvägen 6c Lgh 1407, 186 48 Vallentuna"
Square Rooth Design,841208-XXXXRegistrerad verksamhet,,"c/o Adam Rooth, Rälsvägen 9, 388 30 Ljungbyholm"
Nosperspektivet Hund & Landskapsarkitektur,890502-XXXXRegistrerad verksamhet,,"Skeglinge 605, 241 93 Eslöv"
EOX arkitektur,760304-XXXXRegistrerad verksamhet,,"Skebokvarnsvägen 188, 124 51 Bandhagen"
Arkitektkontor Katarina Bonnevier,700813-XXXXRegistrerad verksamhet,,"Luxgatan 13 Lgh 1103, 112 62 Stockholm"
WA+K design studio,740127-XXXXRegistrerad verksamhet,,"Varvsvägen 12, 475 50 Hälsö"
Justinas Hem,810623-XXXXRegistrerad verksamhet,,"c/o Justina Larsson, Järnblästgatan 12, 286 32 Örkelljunga"
Bremer homestyling,841213-XXXXRegistrerad verksamhet,,"Brunnstavägen 7, 746 92 Bålsta"
Beautiful living Helsingborg,841214-XXXXRegistrerad verksamhet,,"c/o Therese Johansson, Flugfiskevägen 1, 271 71 Nybrostrand"
EKO BANG,841215-XXXXRegistrerad verksamhet,,"c/o Hanna Hofman-Bang, Vackebol, 619 95 Västerljung"
Boéus Design,980706-XXXXRegistrerad verksamhet,,"Kallforsvägen 22, 124 32 Bandhagen"
Office Oskar Theodor,980712-XXXXRegistrerad verksamhet,,"Lidnersgatan 3, 112 53 Stockholm"
CVJ Arkitektur & Design,760305-XXXXRegistrerad verksamhet,,"Knut Stangenbergs Väg 27, 131 47 Nacka"
Ekolog i Folket,760307-XXXXRegistrerad verksamhet,,"Filaregatan 34, 587 37 Linköping"
AMÅM Lighting,740129-XXXXRegistrerad verksamhet,,"c/o Daniel Hakamäki, Bastugatan 1a, 118 20 Stockholm"
Deermountain Design,810628-XXXXRegistrerad verksamhet,,"c/o Eva Hjortsberg, Odenvägen 5, 703 65 Örebro"
Pur Interiör,890517-XXXXRegistrerad verksamhet,,"Birger Svenssonsväg 32 a, 432 40 Varberg"
Norrasidan,890518-XXXXRegistrerad verksamhet,,"c/o sertac guntas, Vimpelgatan 21 1101, 211 14 Malmö"
PERNILLA ENGBERG DESIGN,720416-XXXXRegistrerad verksamhet,,"Svinaberga 7:3, 277 35 Kivik"
Josefin de Laval,760310-XXXXRegistrerad verksamhet,,"Torphagsvägen 4, 114 18 Stockholm"
Brisa Landskap,810702-XXXXRegistrerad verksamhet,,"Karlsgatan 37, 268 71 Teckomatorp"
Imittfokus,841225-XXXXRegistrerad verksamhet,,"Djäknebergsgatan 31, 724 61 Västerås"
Svea servix,841228-XXXXRegistrerad verksamhet,,"Industrigatan 32, 233 51 Svedala"
Maltes Bygg Hem & Trädgård,760313-XXXXRegistrerad verksamhet,,"c/o Magnus Svensson, Hedvägen 6c, 790 23 Svärdsjö"
Björkling Inredning & Design,700822-XXXXRegistrerad verksamhet,,"Gökvägen 12, 148 34 Ösmo"
Arkitekturkontoret-Arkitekt SAR Andreas Falk,740203-XXXXRegistrerad verksamhet,,"c/o Andreas Falk, Fors Byväg 2, 137 91 Västerhaninge"
WeMi,810708-XXXXRegistrerad verksamhet,,"Varnhem Himmelslunden 1, 532 73 Varnhem"
Ateljé Tellar,810711-XXXXRegistrerad verksamhet,,"c/o Jenny Söderström, Broväg 4, 621 40 Visby"
aer decor&art,850102-XXXXRegistrerad verksamhet,,"Svansjögatan 53, 217 66 Malmö"
Signstedt Decor and Branding,980927-XXXXRegistrerad verksamhet,,"Tjärdalsgatan 2, 804 31 Gävle"
Tenglund Interior Design,980929-XXXXRegistrerad verksamhet,,"c/o Olovsdotter Söderquist, Kanalvägen 20, 184 41 Åkersberga"
Sempervivum,740204-XXXXRegistrerad verksamhet,,"c/o Carita Mård, Färjevägen 33, 865 31 Alnö"
Studio Torpa,810712-XXXXRegistrerad verksamhet,,"Östra Hungvik, Öststuga 1, 671 95 Klässbol"
Cardell Inside,810713-XXXXRegistrerad verksamhet,,"Österportsgatan 1a, 211 28 Malmö"
ARKITEKTUR FORMGIVNING LUCHMUN,850106-XXXXRegistrerad verksamhet,,"Wingårdsgatan 3d, 416 54 Göteborg"
Ateljé Märr arkitekt,890612-XXXXRegistrerad verksamhet,,"Ostindiegatan 19 c, 414 52 Göteborg"
Living by Lippert Stockholm,740210-XXXXRegistrerad verksamhet,,"c/o Lippert, Jungfrugatan 19, 114 44 Stockholm"
Aventina Fastigheter,720423-XXXXRegistrerad verksamhet,,"Götgatan 17, 692 30 Kumla"
Tunhults Touch,981219-XXXXRegistrerad verksamhet,,"Brändströmsgatan 9a, 803 24 Gävle"
Linda Lii Lundberg design & utveckling,760326-XXXXRegistrerad verksamhet,,"Utsiktsvägen 17, 871 62 Härnösand"
Strömqvist Design,810723-XXXXRegistrerad verksamhet,,"Kolbodagatan 64, 388 96 Hagby"
Trestad Arkitektur,850118-XXXXRegistrerad verksamhet,,"Gyllenheimsgatan 41, 462 35 Vänersborg"
Nordic ArchZone,780923-XXXXRegistrerad verksamhet,,"c/o Waseem Alnimeh, Katrinebergsvägen 4, 653 38 Karlstad"
Unn Malm Arkitektur,720426-XXXXRegistrerad verksamhet,,"Fatburs Brunnsgata 27, 118 28 Stockholm"
Ny Rutin,890625-XXXXRegistrerad verksamhet,,"c/o Giovanna Hilke, Blåeldsbågen 73, 589 63 Sturefors"
Studio nest Åre,890626-XXXXRegistrerad verksamhet,,"Byvägen 45, 837 95 Undersåker"
Southern Light Stockholm,810731-XXXXRegistrerad verksamhet,,"c/o Cathleen Åberg, Midskeppsgatan 16, 120 66 Stockholm"
Caroline Kennedy Art & Interiors,850121-XXXXRegistrerad verksamhet,,"Kuseboholm Gård, 590 45 Brokind"
Fru Sätterlund photo & design,780926-XXXXRegistrerad verksamhet,,"c/o Therese Sätterlund, Olles Väg 8a, 784 55 Borlänge"
Johan Wessel Xthlm,720427-XXXXRegistrerad verksamhet,,"Rekordvägen 10, 134 50 Gustavsberg"
Hemspo Inredning,890707-XXXXRegistrerad verksamhet,,"Vikingavägen 27, 857 41 Sundsvall"
Stilreda&inreda,890708-XXXXRegistrerad verksamhet,,"Kilby 120, 747 91 Alunda"
Greenscape Consulting,850128-XXXXRegistrerad verksamhet,,"c/o Christopher Robert, Tordönsvägen 4 o, 222 27 Lund"
Schaub WoodWorks,890710-XXXXRegistrerad verksamhet,,"Ankarvägen 13, 891 78 Bonässund"
EW Arkitektur,890711-XXXXRegistrerad verksamhet,,"Lyktvägen 31a, 907 53 Umeå"
Harmoni & Stil Kronoberg,760402-XXXXRegistrerad verksamhet,,"Snickarvägen 2, 363 45 Lammhult"
AlchemillaForm,740220-XXXXRegistrerad verksamhet,,"Von Holltens Väg 11 b, 443 32 Lerum"
Äkta Hem,740223-XXXXRegistrerad verksamhet,,"c/o Nina Tegenfeldt, Byvägen 15, 913 42 Obbola"
Ö Målar'n,850205-XXXXRegistrerad verksamhet,,"Övre Strand 102, 474 96 Nösund"
JOSEFIN LUSTIG,890717-XXXXRegistrerad verksamhet,,"Västmannagatan 15, 724 60 Västerås"
Care of Chrissie,890725-XXXXRegistrerad verksamhet,,"Klenavägen 51, 136 69 Vendelsö"
HLR - for life,781012-XXXXRegistrerad verksamhet,,"Planavägen 154, 254 70 Kattarp"
"UDDENMYRS, INREDNING & PROJEKT",720505-XXXXRegistrerad verksamhet,,"c/o Marie Uddenmyr, Rexius Väg 13, 439 33 Onsala"
Bruket Trädgård & Byggnadsvård,890801-XXXXRegistrerad verksamhet,,"Vinetagatan, 621 45 Visby"
Studio Vibeke Hanna,760410-XXXXRegistrerad verksamhet,,"Sjöbjörnsvägen 48, 117 67 Stockholm"
JAA Förlag,760414-XXXXRegistrerad verksamhet,,"Fabelvägen 3, 182 47 Enebyberg"
CJR Communication,810823-XXXXRegistrerad verksamhet,,"c/o Rudbeck, Cardellgatan 2, 114 36 Stockholm"
WeltherArts,890816-XXXXRegistrerad verksamhet,,"c/o Hugo Welther, Djurgårdsgatan 33a, 414 62 Göteborg"
Nove Ni,990809-XXXXRegistrerad verksamhet,,"Hamngatan 39, 302 43 Halmstad"
Butikshunden i Mälardalen,760417-XXXXRegistrerad verksamhet,,"Östjädravägen 32, 724 75 Västerås"
Symmetri,740305-XXXXRegistrerad verksamhet,,"Auroragatan 7, 753 34 Uppsala"
LAJAN BYGG,810824-XXXXRegistrerad verksamhet,,"Linimentvägen 30, 434 32 Kungsbacka"
Atelier Verde Trädgård & Design,810825-XXXXRegistrerad verksamhet,,"c/o Hanna Dissler, Mossvägen 15, 432 47 Varberg"
Klas Midander Arkitektur,850226-XXXXRegistrerad verksamhet,,"Pontonjärgatan 23, 112 37 Stockholm"
Clover District,720512-XXXXRegistrerad verksamhet,,"Sunnerdahlsvägen 16, 167 62 Bromma"
Kreatör Emma Runberg,890826-XXXXRegistrerad verksamhet,,"Väståkersvägen 27, 792 37 Mora"
Ordningsakademin,700920-XXXXRegistrerad verksamhet,,"Hovås Näckrosstig 9, 436 54 Hovås"
PinkInk,850308-XXXXRegistrerad verksamhet,,"Fors.7, 148 91 Ösmo"
Karin Lindstedt Formdesign,720515-XXXXRegistrerad verksamhet,,"Regeringsgatan 85, 111 39 Stockholm"
moll studio,890904-XXXXRegistrerad verksamhet,,"c/o Malin Malmqvist, Åkersbergavägen 23, 184 50 Åkersberga"
Kustpärlan Städ & Alltjänst,700923-XXXXRegistrerad verksamhet,,"Sikgatan 19, 593 40 Västervik"
Hermanstorpsgården,700926-XXXXRegistrerad verksamhet,,"Hermanstorpsvägen 90, 235 91 Vellinge"
Design by Anja Trobäck,810908-XXXXRegistrerad verksamhet,,"Gustavsbergsgatan 8, 431 37 Mölndal"
Julias Homestyling,781106-XXXXRegistrerad verksamhet,,"Enehöjdsbacken 3, 762 93 Rö"
Studio K,850321-XXXXRegistrerad verksamhet,,"c/o Karin Skullman, Vrinnevigatan 66, 603 58 Norrköping"
Kolke Gård och Trädgård,720521-XXXXRegistrerad verksamhet,,"Kolke Tomta, 646 91 Gnesta"
En nypa socker,890919-XXXXRegistrerad verksamhet,,"c/o Sandra Boart, Mandelbrödsvägen 2, 128 69 Sköndal"
Förvaltnings Assistans Sverige,760428-XXXXRegistrerad verksamhet,,"c/o Albin Josefsson, Gamletullsgatan 10, 302 46 Halmstad"
Atelier Valencia,760429-XXXXRegistrerad verksamhet,,"c/o Therese Valencia, Berghemsvägen 14, 562 41 Taberg"
Brutna Ben,781113-XXXXRegistrerad verksamhet,,"Klubbvägen 3, 3 Tr, 182 57 Danderyd"
Curatopia,890930-XXXXRegistrerad verksamhet,,"Eriksbo Östergärde 6, 424 34 Angered"
DREWS DESIGN & INTERIÖR,760503-XXXXRegistrerad verksamhet,,"Sågmon Skogshaget, 671 92 Arvika"
Emma Samrud Interiors,740318-XXXXRegistrerad verksamhet,,"c/o Emma Samrud, Hustegavägen 20, 181 90 Lidingö"
PS Ordning,740319-XXXXRegistrerad verksamhet,,"Herman Flodkvists Väg 4, 756 51 Uppsala"
Aprilia Interiör,781116-XXXXRegistrerad verksamhet,,"c/o Malin Ahlqvist, Trankärr 206, 442 49 Kungälv"
House of mrs moon,850330-XXXXRegistrerad verksamhet,,"Bräckevägen 219, 471 98 Fagerfjäll"
Kreativvardag,760505-XXXXRegistrerad verksamhet,,"Vässarögatan 21, 257 33 Rydebäck"
Room Without a Cause Arkitektur,891002-XXXXRegistrerad verksamhet,,"Brännkyrkagatan 13b, 118 20 Stockholm"
A decor Stockholm,891004-XXXXRegistrerad verksamhet,,"c/o Cherin Haapala, Myrstuguvägen 231, 143 32 Vårby"
Embrace Love & Joy,701003-XXXXRegistrerad verksamhet,,"Rökslingan 8, 142 52 Skogås"
Elversröds Design & Bygg,781122-XXXXRegistrerad verksamhet,,"c/o Mattias Bodin, Vällebergsvägen 10c, 459 30 Ljungskile"
Studio EN,850403-XXXXRegistrerad verksamhet,,"Lillbackegatan 3, 216 14 Limhamn"
Östgöta trädgård,760510-XXXXRegistrerad verksamhet,,"Aktergatan 10, 603 85 Norrköping"
By V,891011-XXXXRegistrerad verksamhet,,"c/o Viktoria Persson, Villavägen 5, 703 85 Glanshammar"
Mimmi Staaf,891012-XXXXRegistrerad verksamhet,,"Lagnö Gård Drängstugan, 619 92 Trosa"
Leo Crawford Arkitekt,891015-XXXXRegistrerad verksamhet,,"Alphyddevägen 39, 131 35 Nacka"
North Villain Brand,740323-XXXXRegistrerad verksamhet,,"c/o Linda Christoffersson, Nygatan 35 c, 941 32 Piteå"
Terese McIntosh Design,740325-XXXXRegistrerad verksamhet,,"Brakvedsvägen 30, 561 38 Huskvarna"
Dadesign,850408-XXXXRegistrerad verksamhet,,"Gåsagången 30,Lgh 1202, 422 48 Hisings Backa"
Ecosthetic Samuel Martin architect,760513-XXXXRegistrerad verksamhet,,"Ministervägen 138, 227 62 Lund"
Däkans,891023-XXXXRegistrerad verksamhet,,"Aspvägen 11, 373 66 Hasslö"
Miss Friis Design,701008-XXXXRegistrerad verksamhet,,"Celsiusgatan 4 c, 212 14 Malmö"
Studio Elin Strand,701009-XXXXRegistrerad verksamhet,,"Drottninggatan 112 a, 113 60 Stockholm"
Studio Hammarström,781201-XXXXRegistrerad verksamhet,,"Bondegatan 61 Lgh 1006, 116 34 Stockholm"
Ida Tinning,850412-XXXXRegistrerad verksamhet,,"c/o Friis Tinning, Polhemsgatan 13 Lgh 1204, 112 36 Stockholm"
HomeSTHLM A.W,850413-XXXXRegistrerad verksamhet,,"c/o Anna Wallin, Rörstrandsgatan 9, 113 41 Stockholm"
SneakyBirdDesign,850414-XXXXRegistrerad verksamhet,,"c/o susanna länström, Västanvindsgatan 4a, 417 17 Göteborg"
Furutorps Trädgård & Landskap,740330-XXXXRegistrerad verksamhet,,"c/o Carl Fredrik Hansson, Furutorpsvägen 80, 266 93 Munka-Ljungby"
Nilssons Hem & Hälsa,760519-XXXXRegistrerad verksamhet,,"Thorsellgatan 6, 666 31 Bengtsfors"
Terneborn Trädgårdar,891107-XXXXRegistrerad verksamhet,,"c/o Hanna Terneborn, Rynings Gränd 20, 135 63 Tyresö"
Ateljé Sthlm 22,891110-XXXXRegistrerad verksamhet,,"c/o Siarhei Fedatsenka, Tavastgatan 8, 118 24 Stockholm"
Welam W's Cottage,701014-XXXXRegistrerad verksamhet,,"Werviers Väg 7, 815 96 Strömsbergs Bruk"
Therese Bruno,781207-XXXXRegistrerad verksamhet,,"Duvhöksgatan 38, 254 49 Helsingborg"
Inredning och styling i Mälardalen,720607-XXXXRegistrerad verksamhet,,"Malmavägen 8, 731 12 Kolsva"
Rag Paper,720608-XXXXRegistrerad verksamhet,,"Sundbyvägen 60, 163 45 Spånga"
Nina K Inredning,740403-XXXXRegistrerad verksamhet,,"Tunavägen 16, 181 65 Lidingö"
Lottens Bobyrå,740405-XXXXRegistrerad verksamhet,,"Birger Jarlsgatan 111 c, 113 56 Stockholm"
Studio Sjiek,781216-XXXXRegistrerad verksamhet,,"Rotemansbacken 3 a, 163 56 Spånga"
StockholmGroundRoots,811019-XXXXRegistrerad verksamhet,,"Ribby Allé 11a, 137 42 Västerhaninge"
"GeoDA, Geografisk Design & Analys",850428-XXXXRegistrerad verksamhet,,"Sandslingan 23, 811 52 Sandviken"
Beskar Design,850430-XXXXRegistrerad verksamhet,,"Trädgårdsmästarstigen 6 Lgh 1202, 144 33 Rönninge"
Lisa Norinder Design,720609-XXXXRegistrerad verksamhet,,"Solbacken 41 b, 139 36 Värmdö"
Inasfina Rum,740406-XXXXRegistrerad verksamhet,,"Hyacintgången 5, 611 67 Nyköping"
Cecilia Theolin Interior & Design,781219-XXXXRegistrerad verksamhet,,"Harrstigen 1, 181 30 Lidingö"
Sundby Trädgårdskultur,811023-XXXXRegistrerad verksamhet,,"Arrendevägen 74a, 163 44 Spånga"
FORMIA inredning & design,811026-XXXXRegistrerad verksamhet,,"Bygatan 7, 795 35 Rättvik"
Studio Nord Arkitektur,850507-XXXXRegistrerad verksamhet,,"Klareborgsgatan 1, 414 61 Göteborg"
Living by Lina,891203-XXXXRegistrerad verksamhet,,"Oxgränd 11a, 239 42 Falsterbo"
3AXIS,891208-XXXXRegistrerad verksamhet,,"Linehedsvägen 11, 302 52 Halmstad"
opl wood work design,891210-XXXXRegistrerad verksamhet,,"Ellidagatan 38, 224 74 Lund"
BRANAK Branneby naturkonsult,740409-XXXXRegistrerad verksamhet,,"Branneby Norra, 457 43 Fjällbacka"
HomeMade by P,781223-XXXXRegistrerad verksamhet,,"Hästskobacken 10, 632 31 Eskilstuna"
Omgjord,781229-XXXXRegistrerad verksamhet,,"Hägerstensvägen 161b, 126 53 Hägersten"
INOK STUDIO,811030-XXXXRegistrerad verksamhet,,"Östervägen 26a, 169 65 Solna"
Vintagemagasinet,850512-XXXXRegistrerad verksamhet,,"c/o Malin Algede, Solberga 660, 442 98 Kode"
Sinar Alexis Design,891215-XXXXRegistrerad verksamhet,,"Lindtorpsgatan 2, 632 27 Eskilstuna"
ALA-EDDIN ENGINEERING & CONTRACTING,010203-XXXXRegistrerad verksamhet,,"Per Albin Hanssonsväg 61 c, 214 63 Malmö"
AM Style,010301-XXXXRegistrerad verksamhet,,"Norrtäljegatan 34, 753 27 Uppsala"
Lindhagens Trädgårdsarkitektur,720617-XXXXRegistrerad verksamhet,,"Tåghusavägen 9, 277 45 Sankt Olof"
Notch Atelier,010412-XXXXRegistrerad verksamhet,,"c/o Notch Atelier, Michael Löfmans Gata 9b, 254 38 Helsingborg"
Kärrbo Grönt,811109-XXXXRegistrerad verksamhet,,"Kärrbo Prästgård 5, 725 97 Västerås"
Åsa Dahlberg,720620-XXXXRegistrerad verksamhet,,"Lupinvägen 2, 821 50 Bollnäs"
Bejmar Arkitekt,850523-XXXXRegistrerad verksamhet,,"Mejerivägen 7 Lgh 1801, 117 43 Stockholm"
Matilda Johnson,850525-XXXXRegistrerad verksamhet,,"Torneågatan 100, 164 79 Kista"
MTI Plan & Inredning,760613-XXXXRegistrerad verksamhet,,"Liane Lindgården, 672 93 Årjäng"
Hortus Mirabilis,701103-XXXXRegistrerad verksamhet,,"Floxvägen 10, 269 38 Båstad"
P.J Stadsutvecklingskonsult,790108-XXXXRegistrerad verksamhet,,"c/o Peter Jonsson, Harpsundsvägen 55 Lgh 1302, 124 58 Bandhagen"
Morén Media,010502-XXXXRegistrerad verksamhet,,"c/o Alexander Morén, Kryddblandargatan 31, 753 41 Uppsala"
Ajonn design,010519-XXXXRegistrerad verksamhet,,"Råbyvägen 57c, 754 29 Uppsala"
Hindgård Creative Studio,720625-XXXXRegistrerad verksamhet,,"Järnvägsgatan 12, 216 14 Limhamn"
swordeye MEDIA,760614-XXXXRegistrerad verksamhet,,"Flugsnapparvägen 24, 134 42 Gustavsberg"
SKE design,760615-XXXXRegistrerad verksamhet,,"Trotakan Norra 1, 671 91 Arvika"
Skapa atmosfär i Karlstad,760616-XXXXRegistrerad verksamhet,,"Ringvägen 13, 663 33 Skoghall"
Ma Grau,900107-XXXXRegistrerad verksamhet,,"Östra Stallmästaregatan 1a, 217 49 Malmö"
Granströms Gröna,900112-XXXXRegistrerad verksamhet,,"Gunnar Bergs Väg 9, 448 50 Tollered"
Anna Mähler Stories,740419-XXXXRegistrerad verksamhet,,"Parkgatan 13, 411 24 Göteborg"
Stage4u - inredning & homestaging,790111-XXXXRegistrerad verksamhet,,"c/o Sara Gårdman, Storskiftegatan 62, 442 53 Ytterby"
Studio W Arkitekter,811120-XXXXRegistrerad verksamhet,,"Tomtebodavägen 3a, 171 65 Solna"
Virvlas,850606-XXXXRegistrerad verksamhet,,"c/o Karolina Virvla Janehag, Björkhagen, Sällstorp 63, 432 68 Veddige"
Charlotte Garden & Design,760617-XXXXRegistrerad verksamhet,,"Pildala, Ladugårdsmarken 471, 225 91 Lund"
AVAO,010807-XXXXRegistrerad verksamhet,,"c/o Albert Olsson, Chalmersgatan 27b, 411 35 Göteborg"
Bright things,850609-XXXXRegistrerad verksamhet,,"c/o Ruben Aslan, Skiftesvägen 24, 151 54 Södertälje"
Bättre Häst Charlott Sundahl,720629-XXXXRegistrerad verksamhet,,"Pl 5306, 692 91 Kumla"
Slobodan Zivic,760623-XXXXRegistrerad verksamhet,,"Bäckbrännarbacken 7, 116 35 Stockholm"
Hemkär,760625-XXXXRegistrerad verksamhet,,"Gribbylundsvägen 87 b, 187 68 Täby"
"Daniel Olsson, Research and Development",740425-XXXXRegistrerad verksamhet,,"Doktor Abelins Gata 6, 4tr, 118 53 Stockholm"
STUDIO DOMINIQUE PLYHR,790122-XXXXRegistrerad verksamhet,,"Disavägen 3, 182 63 Djursholm"
Saberi Design,850613-XXXXRegistrerad verksamhet,,"Dianavägen 1, 115 42 Stockholm"
Halvön Arkitekter,850615-XXXXRegistrerad verksamhet,,"Karolinevägen 13, 263 76 Nyhamnsläge"
Harmoniska by Mimmi,900203-XXXXRegistrerad verksamhet,,"c/o Mimmi Palmgren, Holmenvägen 2, 352 74 Växjö"
Marie Olsson Inredning,740429-XXXXRegistrerad verksamhet,,"Hamngatan 17, 263 39 Höganäs"
Erika Janunger,790125-XXXXRegistrerad verksamhet,,"Hägerstensvägen 117a, 126 49 Hägersten"
Studio Solle,011204-XXXXRegistrerad verksamhet,,"Fysikgränd 19b, 907 31 Umeå"
Gyllgårde Communications,811206-XXXXRegistrerad verksamhet,,"c/o Caisa Gyllgårde, Norra Kustvägen 18, 623 77 Klintehamn"
S.Design Studio,900208-XXXXRegistrerad verksamhet,,"Hotellvägen 12c, 262 60 Ängelholm"
Jan Francisco Anduaga Arkitektkontor,900213-XXXXRegistrerad verksamhet,,"c/o Jan Anduaga, Kvarnholmsvägen 77, 131 31 Nacka"
Åkerströms trädgård & inredning,701117-XXXXRegistrerad verksamhet,,"Åkerström Lillströmen 5, 461 91 Trollhättan"
Lindermyr Produktion,701119-XXXXRegistrerad verksamhet,,"Brotorpsvägen 24a, 163 44 Spånga"
Design by Elisis,740501-XXXXRegistrerad verksamhet,,"c/o Elisabeth Sondell, Artistvägen 6, 681 37 Kristinehamn"
Lönneborg trädgård och arkitektur,740502-XXXXRegistrerad verksamhet,,"Getfotsvägen 40, 122 46 Enskede"
Alternativ Design Inredningsarkitektur Uppland,811209-XXXXRegistrerad verksamhet,,"c/o Selman TURK, Kantorsgatan 38 1101, 754 24 Uppsala"
Ment Interior Design,760704-XXXXRegistrerad verksamhet,,"c/o Gitte Dahl, Primusgatan 91, 112 67 Stockholm"
Anna Emilia Design,900220-XXXXRegistrerad verksamhet,,"Fiskmåsvägen 93, 123 53 Farsta"
Växande kulturarv i syd,900221-XXXXRegistrerad verksamhet,,"Södra Hunnetorpsvägen 64c, 256 62 Helsingborg"
JNB Dekormakar'n,701122-XXXXRegistrerad verksamhet,,"Simlomsvägen 5, 761 91 Norrtälje"
MORAFIX,790203-XXXXRegistrerad verksamhet,,"Strindbergsgatan 14, 754 21 Uppsala"
KARA Form,020320-XXXXRegistrerad verksamhet,,"Mjölnerbacken 77, 174 60 Sundbyberg"
BY BORGE,850703-XXXXRegistrerad verksamhet,,"Vasagatan 5, 172 67 Sundbyberg"
Studio Tryde,900303-XXXXRegistrerad verksamhet,,"c/o Tryde Lundh, Torsvikssvängen 38, 181 34 Lidingö"
Solskifte Trädgård & Design,900308-XXXXRegistrerad verksamhet,,"Solskiftegatan 38, 442 53 Ytterby"
Caroline Löfqvist Collected Art,850714-XXXXRegistrerad verksamhet,,"c/o Caroline Löfqvist, Organistgatan 4b, 233 41 Svedala"
Möbelstudion Stockholm,760711-XXXXRegistrerad verksamhet,,"c/o Möbelstudion, Meteorvägen 15, 175 60 Järfälla"
Schyrman Arkitektur,900310-XXXXRegistrerad verksamhet,,"Smedjegatan 22b, 214 21 Malmö"
MoLaja Design,720712-XXXXRegistrerad verksamhet,,"Förlandagränd 13, 125 72 Älvsjö"
Palett arkitektur,720714-XXXXRegistrerad verksamhet,,"Hackspettsvägen 3, 269 39 Båstad"
Sveriges Design och Trädgård,850718-XXXXRegistrerad verksamhet,,"c/o Sofie Design & Trädgård, Rådene 1, 541 93 Skövde"
Arkitektbyrå Vega Westman,850719-XXXXRegistrerad verksamhet,,"c/o Ylva Frid, Grättve 120, 662 91 Åmål"
Grön Gestaltning,811231-XXXXRegistrerad verksamhet,,"c/o Fredrik Persson, Anolfsbol 5, 464 92 Mellerud"
"Living inside, Lena Selinder",720716-XXXXRegistrerad verksamhet,,"Vårby 119, 892 92 Domsjö"
Naturator,790214-XXXXRegistrerad verksamhet,,"c/o Petter Bergström, Villavägen 33, 752 36 Uppsala"
EKT Konsult,020929-XXXXRegistrerad verksamhet,,"Femtorpsvägen 12, 212 36 Malmö"
Vikersvik Hälsa,760721-XXXXRegistrerad verksamhet,,"c/o Linda Rutfjäll, Vikersvikvägen 5, 777 90 Smedjebacken"
Sustainabil,900330-XXXXRegistrerad verksamhet,,"c/o Gunnarsson, Ersbackavägen 20, 816 30 Ockelbo"
NorrStil,790221-XXXXRegistrerad verksamhet,,"c/o Ann-Kristin Jansson, Blåviolstigen 14 d, 197 34 Bro"
ByggHärad 7,740514-XXXXRegistrerad verksamhet,,"c/o Sievers, Sörviksvägen 13, 504 95 Borås"
Johan Oscarson,740515-XXXXRegistrerad verksamhet,,"Frejgatan 34, 113 26 Stockholm"
Studio Jord,850730-XXXXRegistrerad verksamhet,,"Västra Boängsvägen 61, 691 44 Karlskoga"
Jack Allservice,850803-XXXXRegistrerad verksamhet,,"Vreta Backe 29, 147 44 Tumba"
Studio Vasström,820109-XXXXRegistrerad verksamhet,,"c/o Emma Vasström, Kålhagegränd 6b, 218 45 Vintrie"
Grönt & Lugnt,760724-XXXXRegistrerad verksamhet,,"c/o Catharina Stenmo, Välingevägen 182, 262 92 Ängelholm"
Sofia Ehrengren arkitektur,701206-XXXXRegistrerad verksamhet,,"Karlaplan 18, 115 20 Stockholm"
Mylla Arkitektur,900403-XXXXRegistrerad verksamhet,,"c/o Kaj Norberg, Dahlströmsgatan 30, 414 65 Göteborg"
C.M. Andersson idogher,720721-XXXXRegistrerad verksamhet,,"Amanuensvägen 8-305, 104 05 Stockholm"
Pastellhem,030201-XXXXRegistrerad verksamhet,,"Skidsvängen 26 c, 352 49 Växjö"
"TRIBU, ARKITEKTUR OCH DESIGN",760727-XXXXRegistrerad verksamhet,,"c/o Guma Valenti, Kristinelundsvägen 40, 171 50 Solna"
HDG Inredning,701210-XXXXRegistrerad verksamhet,,"Tornbergavägen 10 b, 137 54 Tungelsta"
Bjerkander Ordning & Inredning,900414-XXXXRegistrerad verksamhet,,"Brommabågen 19, 168 76 Bromma"
Hitchstan Arkitektur,850809-XXXXRegistrerad verksamhet,,"c/o Kayrokh Moattar, Essinge Brogata 5 1503, 112 61 Stockholm"
Bunteriet,850814-XXXXRegistrerad verksamhet,,"c/o Charlotte Thorén, Tollareslingan 3, 132 49 Saltsjö-Boo"
Creadomi,820119-XXXXRegistrerad verksamhet,,"Östra Nygatan 8 a, 732 30 Arboga"
Nordic Home ID,820120-XXXXRegistrerad verksamhet,,"Granvågsvägen 23, 881 33 Sollefteå"
H.L.E Bygg,760730-XXXXRegistrerad verksamhet,,"c/o Haag, Klensmedsvägen 58, 126 38 Hägersten"
Mittbenan,701212-XXXXRegistrerad verksamhet,,"Movägen 2, 785 62 Djurmo"
Goodwill Media,900419-XXXXRegistrerad verksamhet,,"c/o Ebba Guhnby, Sysslomansgatan 11, 112 41 Stockholm"
Codevo,790305-XXXXRegistrerad verksamhet,,"Skedagatan 316, 592 93 Borghamn"
KG.Style,790306-XXXXRegistrerad verksamhet,,"c/o K.Style, Elfdalsvägen 3, 783 30 Säter"
VIVA Design,720724-XXXXRegistrerad verksamhet,,"c/o Hoverstam, Avenboksvägen 8, 437 42 Lindome"
Vita Psykologi,720726-XXXXRegistrerad verksamhet,,"c/o susanne axelsson, Stöcksjö Lillväg 6, 905 80 Umeå"
Det lilla korset DLK,740523-XXXXRegistrerad verksamhet,,"Floravägen 3, 611 39 Nyköping"
Colorize Visualisering,820122-XXXXRegistrerad verksamhet,,"Ljungbackastigen 1, 605 70 Svärtinge"
Linnea Landskapare,900427-XXXXRegistrerad verksamhet,,"Funbo 308, 741 77 Uppsala"
Andreas Åkesson + arkitektur,740526-XXXXRegistrerad verksamhet,,"Falsterbogatan 25, 214 36 Malmö"
Min STUDIO-Liselott Claesson,740527-XXXXRegistrerad verksamhet,,"c/o Liselott Claesson Min Studio, Sågbäcksvägen 9, 141 40 Huddinge"
AESW Design,031007-XXXXRegistrerad verksamhet,,"Korsövägen 33, 182 49 Enebyberg"
Almgrens Gröna Grenar,820127-XXXXRegistrerad verksamhet,,"c/o Anna Almgren, Slåtterhagen 12, 136 73 Vendelsö"
Atelje Anagram,900506-XXXXRegistrerad verksamhet,,"Östra Stallmästaregatan 1a, 217 49 Malmö"
Struktur Hemorganisering Malmö,850902-XXXXRegistrerad verksamhet,,"Köpenhamnsvägen 24b, 217 43 Malmö"
MINISTRY OF IMAGES,850904-XXXXRegistrerad verksamhet,,"Ekensbergsvagen 120, 117 69 Stockholm"
Marivilla,820202-XXXXRegistrerad verksamhet,,"c/o Maria Victoria Fuentes Galindo, Odengatan 38, 113 51 Stockholm"
terraism,820203-XXXXRegistrerad verksamhet,,"c/o Johan Folkesson, Sveagatan 60, 216 14 Limhamn"
Chi Konsult,701222-XXXXRegistrerad verksamhet,,"Kurlands Byaväg 14-0, 231 67 Trelleborg"
Pihlgren Park och trädgård,720803-XXXXRegistrerad verksamhet,,"Bergsgatan 8 b, 153 35 Järna"
Artera,820208-XXXXRegistrerad verksamhet,,"Tobaksvägen 24, Lgh 1203, 123 57 Farsta"
Kajsa Inreder,720806-XXXXRegistrerad verksamhet,,"c/o Kajs Rosén, Odeniusväg 14, 443 39 Lerum"
Mazal,850913-XXXXRegistrerad verksamhet,,"c/o Hjalmarsson, Anhaltsvägen 11, 191 40 Sollentuna"
Imma Stockholm,850914-XXXXRegistrerad verksamhet,,"Heleneborgsgatan 3, 117 31 Stockholm"
Bjärebygdens JordNära Form,820211-XXXXRegistrerad verksamhet,,"Havstensvägen 228, 269 92 Båstad"
rings,820212-XXXXRegistrerad verksamhet,,"c/o Catherine Jones, Blommensbergvägen 121, 126 55 Hägersten"
Genevieve Jorn interior styling,790323-XXXXRegistrerad verksamhet,,"Själbodgatan 2b, Lgh 1101, 211 35 Malmö"
Mary Trädgård & Form,790326-XXXXRegistrerad verksamhet,,"Skallgångsbacken 43, 163 54 Spånga"
AL FORM,820218-XXXXRegistrerad verksamhet,,"Arnövägen 9, 132 34 Saltsjö-Boo"
Seavers Arkitektbyrå,900611-XXXXRegistrerad verksamhet,,"Trädgårdsgatan 19, 594 30 Gamleby"
Drömkreatören,790330-XXXXRegistrerad verksamhet,,"c/o Björklund, Bästekillevägen 42, 277 35 Kivik"
Dalalyckan Inredningsbureau,720810-XXXXRegistrerad verksamhet,,"c/o Pia Waldem, Ölvingstorp 710, 388 92 Ljungbyholm"
Caradonna Trädgårdsdesign,740613-XXXXRegistrerad verksamhet,,"c/o Helena Gustafsson, Bävervägen 4, 136 45 Handen"
JL Konsult,850923-XXXXRegistrerad verksamhet,,"c/o Jenny Larsson, Glimmergatan 13, 441 56 Alingsås"
Hill-Sand Illumination C.L.P.,790401-XXXXRegistrerad verksamhet,,"Termovägen 70 Lgh 1102, 176 77 Järfälla"
"Landskap- Arkitektur och Planering, Lars Böhme",720815-XXXXRegistrerad verksamhet,,"c/o Böhme, Kilian Zollsgatan 29b, 217 56 Malmö"
MAGDAS MÖBELTAPETSERING,740614-XXXXRegistrerad verksamhet,,"S:T Eriksgatan 1, 112 39 Stockholm"
DEKORISTA,820226-XXXXRegistrerad verksamhet,,"Stora Jonsgatan 4, 827 32 Ljusdal"
Agnes Riis,900627-XXXXRegistrerad verksamhet,,"c/o Rebecka Riismark, Nordvästgatan 21, 603 85 Norrköping"
Anja Jöhncke,720817-XXXXRegistrerad verksamhet,,"Tallrisstigen 45, 181 62 Lidingö"
Deep Deco,820301-XXXXRegistrerad verksamhet,,"Riddarvägen 17a, 181 32 Lidingö"
Seidis Hus och rum,820303-XXXXRegistrerad verksamhet,,"Mantalsvägen 3e, 743 30 Storvreta"
Susannas värld,720819-XXXXRegistrerad verksamhet,,"c/o Susanna Skog, Solrosvägen 12, 903 65 Umeå"
Lavennia Konsult,720821-XXXXRegistrerad verksamhet,,"S.Rönningev. 2, 372 73 Ronneby"
Ängelholms Skylt & Dekor,900702-XXXXRegistrerad verksamhet,,"Älvdalsgatan 9, 262 73 Ängelholm"
Deco D,851016-XXXXRegistrerad verksamhet,,"Palettgränd 5, 302 77 Halmstad"
Irum Interiör,760911-XXXXRegistrerad verksamhet,,"Norrevång 5, 247 34 Södra Sandby"
INREDNING DE LUX av Veronica,790412-XXXXRegistrerad verksamhet,,"Dressyrgatan 13, 262 58 Ängelholm"
Irmelinns Trädgårdsdesign & service,900710-XXXXRegistrerad verksamhet,,"Hede 180, 733 99 Möklinta"
Style By A,900712-XXXXRegistrerad verksamhet,,"Opalvägen 42, 265 75 Hyllinge"
Roxani Bygg,900714-XXXXRegistrerad verksamhet,,"Ålgrytevägen 31, 127 32 Skärholmen"
Linda Prejner Sömnad och Design,740624-XXXXRegistrerad verksamhet,,"c/o Linda Prejner, Bondegatan 24, 116 33 Stockholm"
L/H - Linnea Hjertberg,851023-XXXXRegistrerad verksamhet,,"Odonvägen 5, 633 53 Eskilstuna"
BMA-Konsult,851025-XXXXRegistrerad verksamhet,,"Tunvägen 11, 776 34 Hedemora"
Tallbergström Design,900720-XXXXRegistrerad verksamhet,,"Penningby 3, 646 94 Björnlunda"
Fabriken Ekedalsgatan,790417-XXXXRegistrerad verksamhet,,"Ekedalsgatan 16, 414 66 Göteborg"
Catharina Fridén Inredare,710105-XXXXRegistrerad verksamhet,,"c/o Catharina Fridén, Ringvägen 129, 116 61 Stockholm"
Strawberry Thief Trädgårdsdesign,740626-XXXXRegistrerad verksamhet,,"Sikvägen 31, 705 10 Örebro"
Atelje Li,851031-XXXXRegistrerad verksamhet,,"Gårdavägen 29, 475 42 Hönö"
VILDLOKA DESIGN,760916-XXXXRegistrerad verksamhet,,"Björksäter 3, 179 97 Färentuna"
Grey Interior & Properties,760918-XXXXRegistrerad verksamhet,,"Göran Elgfelts Gata 5a, 183 39 Täby"
Wide Interior,900729-XXXXRegistrerad verksamhet,,"Almbacksgatan 2c, 211 54 Malmö"
The 34,720829-XXXXRegistrerad verksamhet,,"Saltsjövägen 6, 133 35 Saltsjöbaden"
Grym,740630-XXXXRegistrerad verksamhet,,"c/o Karin Löfgren/Stolt frisör, Jungmansgatan 3, 652 28 Karlstad"
Källarvind,851106-XXXXRegistrerad verksamhet,,"Föreda 11 Norregården, 574 91 Vetlanda"
MLN Design,820320-XXXXRegistrerad verksamhet,,"c/o Malin Lilliehöök, Karlavägen 85, Lgh 1301, 114 59 Stockholm"
Din Arkitekt i Sverige,820321-XXXXRegistrerad verksamhet,,"c/o Shida Teimouri Bavan, Stigarvägen 6, 611 67 Nyköping"
Rangordna,900809-XXXXRegistrerad verksamhet,,"Trossvägen 53, 185 51 Vaxholm"
"Avantgarden & design, Stockholm",710112-XXXXRegistrerad verksamhet,,"Hagens Backe 28e, 178 38 Ekerö"
Emmylou interior,820326-XXXXRegistrerad verksamhet,,"Blåbärsvägen 9c, 663 43 Hammarö"
Studio VW,740704-XXXXRegistrerad verksamhet,,"Stenshult 15, 343 93 Älmhult"
EsembleN,851118-XXXXRegistrerad verksamhet,,"Tellgrensgstan 15a, 414 60 Göteborg"
EB Homedeco,900814-XXXXRegistrerad verksamhet,,"c/o Emma Bergström, Östra Torggatan 9, 652 24 Karlstad"
ASIAN KONCEPT i SKELLEFTEÅ,790428-XXXXRegistrerad verksamhet,,"Brännavägen 3 a, 931 33 Skellefteå"
Pellington design,710114-XXXXRegistrerad verksamhet,,"c/o Per Bäckström, Lidköpingsvägen 21, 121 39 Johanneshov"
farbror stil,851122-XXXXRegistrerad verksamhet,,"Hjortronvägen 122, 611 45 Nyköping"
P Design,900826-XXXXRegistrerad verksamhet,,"Trädgårdsgatan 43, 553 16 Jönköping"
formtid,720908-XXXXRegistrerad verksamhet,,"c/o Glenn Carrehed, Nygatan 30 c, 645 31 Strängnäs"
Bureau Norr,851203-XXXXRegistrerad verksamhet,,"c/o Miljan Andjelkovic, Bråvallagatan 27, 602 41 Norrköping"
MM Styling & Consulting,760927-XXXXRegistrerad verksamhet,,"Kantatvägen 10, 131 40 Nacka"
Belli Boo,760929-XXXXRegistrerad verksamhet,,"c/o Sophia Lundén, Björnsonsgatan 62 Bv, 168 44 Bromma"
Lila Projektering,900912-XXXXRegistrerad verksamhet,,"Varsvägen 13, 143 30 Vårby"
Cec. Interior,900913-XXXXRegistrerad verksamhet,,"c/o Cecilia Kolmodin, Styrbordsgatan 14, 652 27 Karlstad"
LV Foto & Konst,740712-XXXXRegistrerad verksamhet,,"c/o Lv Foto & Konst, Tranvik Gårdsväg 6, 761 93 Norrtälje"
Ohlin Arkitekter,740713-XXXXRegistrerad verksamhet,,"c/o Anders Ohlin, Lugnets Allé 14, 120 66 Stockholm"
+MA Collective,760930-XXXXRegistrerad verksamhet,,"Söderarmsvägen 25, 121 54 Johanneshov"
Mathé Arkitekter,790509-XXXXRegistrerad verksamhet,,"Vårdinge Kyrkby 2, 153 96 Mölnbo"
Studio nanok,820413-XXXXRegistrerad verksamhet,,"c/o Anna Lovehed, Kyrkogårdsvägen 47, 121 33 Enskededalen"
Puff Design,720912-XXXXRegistrerad verksamhet,,"c/o Camilla Lundsten, Tegnérgatan 9, 111 40 Stockholm"
Odette Decorart,761004-XXXXRegistrerad verksamhet,,"Lillekär Södra 192, 425 31 Hisings Kärra"
Granåsdamm Of Sweden,790513-XXXXRegistrerad verksamhet,,"Tolsjöhultsvägen 98, 443 71 Gråbo"
"Talande Miljö, Martin Sjöberg",710124-XXXXRegistrerad verksamhet,,"Bokenäs Essvik 282, 451 97 Uddevalla"
Kimarkitekt,710127-XXXXRegistrerad verksamhet,,"Kyrkogatan 32, 745 32 Enköping"
Silwer Rum och Landskap,820414-XXXXRegistrerad verksamhet,,"Mariebergsgatan 15, 112 19 Stockholm"
Fegus Design & Dekoration,720916-XXXXRegistrerad verksamhet,,"Spelvägen 21, 142 62 Trångsund"
Carlsson interiör & design,851220-XXXXRegistrerad verksamhet,,"Klockarevägen 4, 288 33 Vinslöv"
Harmony Living Sweden,851226-XXXXRegistrerad verksamhet,,"Stockevägen 15, 832 96 Frösön"
Pawel Jakub Kowalski,901001-XXXXRegistrerad verksamhet,,"c/o Pawel Kowalski, Härsbackavägen 47, 184 63 Åkersberga"
VEJBY VINGÅRD,740718-XXXXRegistrerad verksamhet,,"Västra Ljungbyvägen 319, 266 51 Vejbystrand"
Lekande Stad,820420-XXXXRegistrerad verksamhet,,"Rådagatan 31, 123 73 Farsta"
Arkitektverket Stockholm,820421-XXXXRegistrerad verksamhet,,"Fredrik Jahns Gränd 1, 131 36 Nacka"
Nyttrum & Hundfrillan K13,790520-XXXXRegistrerad verksamhet,,"Koltrastvägen 13, 836 70 Ås"
Spirande idéer,820426-XXXXRegistrerad verksamhet,,"c/o Rebecca Bengtsson, Torbjörnsgården 2, 540 16 Timmersdala"
Warami Studio,860106-XXXXRegistrerad verksamhet,,"Prästgårdsvägen 13c, 663 32 Skoghall"
JBrito Design,740727-XXXXRegistrerad verksamhet,,"c/o Brito Jose, Duckvägen 49, 168 73 Bromma"
Ciculens,790527-XXXXRegistrerad verksamhet,,"c/o Ulrika Lysell, Lövskogsvägen 24, 435 37 Mölnlycke"
House of Lillie,761015-XXXXRegistrerad verksamhet,,"Knoppvägen 12, 744 50 Morgongåva"
Stiff Design,761018-XXXXRegistrerad verksamhet,,"Bäck 103, 893 92 Bjästa"
Karlskrona Arkitektstuga,901029-XXXXRegistrerad verksamhet,,"c/o Ingar Vebjörnsen, Havsvägen 15, 373 31 Nättraby"
Studio Perkins,901103-XXXXRegistrerad verksamhet,,"Alsike-Årby 233, 741 92 Knivsta"
U Spark Sweden,740730-XXXXRegistrerad verksamhet,,"Kyrkvägen 1a, 837 41 Mörsil"
FiliNi,761021-XXXXRegistrerad verksamhet,,"Kvarnäng 1, 646 92 Gnesta"
Jakob Solgren Stylist,761022-XXXXRegistrerad verksamhet,,"c/o Jakob Solgren, Hornsbruksgatan13, 117 34 Stockholm"
Sense garden,710204-XXXXRegistrerad verksamhet,,"Lillebybäckedalsväg 118, 423 49 Torslanda"
Atelier Etelier,860117-XXXXRegistrerad verksamhet,,"Föreningsgatan 14, 268 71 Teckomatorp"
KULÖRHEM,901113-XXXXRegistrerad verksamhet,,"Kvittenvägen 9, 296 38 Åhus"
Karinreder & Projektleder,740802-XXXXRegistrerad verksamhet,,"Gamla Hårnackavägen 38, 761 73 Norrtälje"
Trupp arkitektur och form,820513-XXXXRegistrerad verksamhet,,"Vanåsgatan 47, 216 20 Malmö"
Cleos Decor,860122-XXXXRegistrerad verksamhet,,"Armbandsvägen 9, 126 41 Hägersten"
Amanda B Hem & Interiör,901119-XXXXRegistrerad verksamhet,,"c/o Amanda Barksell, Storgatan 38, 461 30 Trollhättan"
Fanny Tillman - Ordning & Struktur,901123-XXXXRegistrerad verksamhet,,"Banjovägen 25, 893 31 Bjästa"
sofia suxes,720930-XXXXRegistrerad verksamhet,,"Dr Abelinsgatan 3 Nb, 118 53 Stockholm"
Stilverkstan,761031-XXXXRegistrerad verksamhet,,"Johannelundsvägen 7, 587 24 Linköping"
"Sköldelöv, chic inredning & stil",761101-XXXXRegistrerad verksamhet,,"c/o Chic inredning & stil, Åsta 42, 186 91 Vallentuna"
Malin Palm Design och Arkitektur,710211-XXXXRegistrerad verksamhet,,"Blekingegatan 14, Gårdshus, 118 56 Stockholm"
LeviDah Design,901128-XXXXRegistrerad verksamhet,,"c/o Evelina Dahlbo, Malmgatan 31c, 703 54 Örebro"
HeydiMas,721001-XXXXRegistrerad verksamhet,,"Älvkvarnsvägen 8, 163 52 Spånga"
WEST PHOTO & STYLING,740808-XXXXRegistrerad verksamhet,,"Fiskebovägen 5, 132 51 Saltsjö-Boo"
Jharmoni,860202-XXXXRegistrerad verksamhet,,"Utgårdsvägen 14, 244 66 Furulund"
Capsule Interior Agency,721006-XXXXRegistrerad verksamhet,,"Sysslomansgatan 1, 112 41 Stockholm"
WAL Utveckling,790610-XXXXRegistrerad verksamhet,,"Viktoriagatan 14, 411 25 Göteborg"
Firma A. E. Esbjörnsson,820524-XXXXRegistrerad verksamhet,,"Föränge Norvägen 51, 827 54 Järvsö"
Fibers & Friends,740809-XXXXRegistrerad verksamhet,,"Hornsgatan 34 c, 118 20 Stockholm"
Anna(n) stil,860209-XXXXRegistrerad verksamhet,,"Sofielundsvägen 28 a, 214 25 Malmö"
Studio Holmberg,860211-XXXXRegistrerad verksamhet,,"c/o Mathias Holmberg, Skagengatan 1, 418 77 Göteborg"
Ilx Interiör,901216-XXXXRegistrerad verksamhet,,"Kyrkvägen 32, 566 34 Habo"
Ritningsbyrån Lukas Johnell,901223-XXXXRegistrerad verksamhet,,"c/o Lukas Johnell, Järnlundsvägen 14, 120 60 Årsta"
Unic Art Birgitta Ryberg,761105-XXXXRegistrerad verksamhet,,"Strömsåsen, 512 62 Mårdaklev"
Flo,761107-XXXXRegistrerad verksamhet,,"c/o Lisette Stagling, Viksbergsvägen 261d, 152 95 Södertälje"
Jonny Action,860215-XXXXRegistrerad verksamhet,,"c/o Jonny Strömberg, Wollmar Yxkullsgatan 10, 118 50 Stockholm"
Inès Roubin,901227-XXXXRegistrerad verksamhet,,"Kocksgatan 28, 116 24 Stockholm"
Erik Wingquist Arkitektur,740814-XXXXRegistrerad verksamhet,,"Sotholmsvägen 22, 122 48 Enskede"
Falkenberg Consulting,910106-XXXXRegistrerad verksamhet,,"Grevgatan 54 Lgh 1001, 114 58 Stockholm"
M.INT Martina Holmqvist Interiör,761117-XXXXRegistrerad verksamhet,,"c/o Martina Ekert, Sandfjärdsgatan 84, 120 56 Årsta"
KREATIVINSPO L.E,820609-XXXXRegistrerad verksamhet,,"c/o Kreativinspo, Elisabeth Edler, Veberöd 383, 247 96 Veberöd"
Träskalle Design,820610-XXXXRegistrerad verksamhet,,"Österfors 66, 785 30 Gagnef"
Skånes Musikverk,820612-XXXXRegistrerad verksamhet,,"Kristianstadsvägen 23, 272 34 Simrishamn"
Naemis,820613-XXXXRegistrerad verksamhet,,"Thims Väg 12, 665 30 Kil"
Malin Olausson Inredare,910115-XXXXRegistrerad verksamhet,,"Hagenvägen 34, 442 93 Kareby"
Rocker Design,740819-XXXXRegistrerad verksamhet,,"Götabergsgatan 24, 411 34 Göteborg"
Female Måleri,820620-XXXXRegistrerad verksamhet,,"c/o Female måleri, Vansta 16, 148 92 Ösmo"
Sundins Storslöjd,710225-XXXXRegistrerad verksamhet,,"c/o JO Sundin, Bokvägen 9, 146 48 Tullinge"
Västergården Trädgård,710226-XXXXRegistrerad verksamhet,,"Bergstena Västergården 1, 441 92 Alingsås"
Urbant Klas Remahl,721017-XXXXRegistrerad verksamhet,,"Fyrverkarbacken 25, 9tr, 112 60 Stockholm"
Arve trädgård,910126-XXXXRegistrerad verksamhet,,"c/o anna börjesson, Väte Botarve 446, 623 78 Klintehamn"
"Struktur & Inredning, Annelie Elfström",910203-XXXXRegistrerad verksamhet,,"Landbovägen 6, 824 92 Hudiksvall"
Rebeccas Färdiga Rabatter,761129-XXXXRegistrerad verksamhet,,"Gamla Strängnäsvägen 325, 155 91 Nykvarn"
Nordic Deco Pro,820621-XXXXRegistrerad verksamhet,,"Västra Via 156, 719 93 Vintrosa"
Aurora S. Form,910209-XXXXRegistrerad verksamhet,,"Lerskäddegatan 11, 426 79 Västra Frölunda"
Sofia Enqvist Arkitektur,910211-XXXXRegistrerad verksamhet,,"Gustav Iii:S Boulevard 2, 1409, 169 72 Solna"
Bladriket,740828-XXXXRegistrerad verksamhet,,"Bendzgatan 5, 256 57 Ramlösa"
Liljedahl's Living,761203-XXXXRegistrerad verksamhet,,"Danarövägen 10, 182 56 Danderyd"
Studio Nichols,761206-XXXXRegistrerad verksamhet,,"Porfyrvägen 13, 141 43 Huddinge"
Natura & Decor,710305-XXXXRegistrerad verksamhet,,"Gursten 1, 594 92 Gamleby"
3x Herrgård Design&snickeri Andreas,710306-XXXXRegistrerad verksamhet,,"Herdev 6, 163 55 Spånga"
Svadil,860329-XXXXRegistrerad verksamhet,,"Fälhult 1909, 343 90 Älmhult"
iliilil architecture,740902-XXXXRegistrerad verksamhet,,"c/o Mariliis Lilover, Trolles Backe 7, 227 63 Lund"
Interiört Örsundsbro,790711-XXXXRegistrerad verksamhet,,"Odenvägen 9, 749 60 Örsundsbro"
VesterDesign,910302-XXXXRegistrerad verksamhet,,"c/o VesterDesign, Falkvägen 25, 802 64 Gävle"
ARKHALL Arkitekttjänster,910306-XXXXRegistrerad verksamhet,,"Fridhemsvägen 40, 771 94 Ludvika"
Dinbyggteknik i Hultsfred,820702-XXXXRegistrerad verksamhet,,"Tältstigen 8, 577 36 Hultsfred"
Nytthem Sverige,740906-XXXXRegistrerad verksamhet,,"c/o Sånnek, Blomberg Kalkvägen 2, 531 95 Källby"
Viktorijas service,790716-XXXXRegistrerad verksamhet,,"Stenkvistavägen 17, Lgh 1905, 124 54 Bandhagen"
Vikbo Design,860408-XXXXRegistrerad verksamhet,,"Östkindsvägen 4, 610 24 Vikbolandet"
Mikaela Hellsten,860409-XXXXRegistrerad verksamhet,,"Holmögaddsvägen 31, 121 56 Johanneshov"
A.E Husmakeri & Rumsgestaltning,910312-XXXXRegistrerad verksamhet,,"Tyllered 12a, 432 76 Tvååker"
Homebyme,820707-XXXXRegistrerad verksamhet,,"c/o Therese Renström, Svängstigen 10b, 135 50 Tyresö"
formateria,740910-XXXXRegistrerad verksamhet,,"Lövängsvägen 11 a, 703 58 Örebro"
interiorbyjosefinlinderoth,820713-XXXXRegistrerad verksamhet,,"Karl x Gustavsg. 24 b, 254 38 Helsingborg"
Room by Line,761223-XXXXRegistrerad verksamhet,,"c/o Caroline Åhman, Allmogevägen 10, 241 36 Eslöv"
Joakim Häggström Produktion,710315-XXXXRegistrerad verksamhet,,"c/o Joakim Häggström, Ugglevägen 10, 135 68 Tyresö"
HEIM interiör,910328-XXXXRegistrerad verksamhet,,"Lillevångsgatan 21, 268 77 Kågeröd"
Eir Architecture Studio,910329-XXXXRegistrerad verksamhet,,"Torggatan 12, 352 40 Växjö"
Objects Interiors,820717-XXXXRegistrerad verksamhet,,"Kaptensgatan 9, 114 57 Stockholm"
Arkitektkontoret Ottemo Fröberg,761225-XXXXRegistrerad verksamhet,,"Valhallavägen 22, 114 22 Stockholm"
Klipperiet Sofia Nelly,710319-XXXXRegistrerad verksamhet,,"Odaltorget 1, 602 29 Norrköping"
N. Kaltio,860423-XXXXRegistrerad verksamhet,,"Kopparmöllegatan 26, 254 35 Helsingborg"
CirkulärAn Hållbar utveckling och samordning,860424-XXXXRegistrerad verksamhet,,"Torpa Ängsväg 3b, 619 91 Trosa"
Josefine Forsman Design,910408-XXXXRegistrerad verksamhet,,"Kvarngränd 5, 131 31 Nacka"
Frisör på väg,820725-XXXXRegistrerad verksamhet,,"Ripvägen 2, 394 70 Kalmar"
Nordic Light Frequencies,721113-XXXXRegistrerad verksamhet,,"Hidingsta 588, 705 95 Örebro"
SF Homestyling,910410-XXXXRegistrerad verksamhet,,"Hammarskjöldsgatan 1b, 386 34 Färjestaden"
Homebound,910417-XXXXRegistrerad verksamhet,,"Majorsallén 14, 531 33 Lidköping"
Lejonform,820727-XXXXRegistrerad verksamhet,,"c/o Jonas Helgesson, Hvitfeldtsgatan 44, 302 34 Halmstad"
HOLLOW,820729-XXXXRegistrerad verksamhet,,"Södra Majorsgatan 14, 903 36 Umeå"
Uppdrag MOODIG,770104-XXXXRegistrerad verksamhet,,"Hallstorpsvägen 64, 212 32 Malmö"
LUNDELLS ALLSERVICE,790807-XXXXRegistrerad verksamhet,,"Ravinvägen 29, 441 50 Alingsås"
STOCKSTÄD,710322-XXXXRegistrerad verksamhet,,"c/o Ringvägen 40, 13734, 137 34 Västerhaninge"
Till Hem 1974,740924-XXXXRegistrerad verksamhet,,"Båtsmansvägen 21d, 192 48 Sollentuna"
La Deko homestyling & inredning Öjersjö,770107-XXXXRegistrerad verksamhet,,"Älgstigen 19a, 433 50 Öjersjö"
Socialkonsult BK,790809-XXXXRegistrerad verksamhet,,"Kopparbergsvägen 45, 722 19 Västerås"
Jens bisysslor,790811-XXXXRegistrerad verksamhet,,"Stångtjärnsvägen 312, 791 74 Falun"
Larix Design Landskap & Trädgård,721120-XXXXRegistrerad verksamhet,,"Konungsö Linnön 1, 555 92 Jönköping"
ReStyle Nyköping,910430-XXXXRegistrerad verksamhet,,"Runebergsgatan 1, 611 37 Nyköping"
A BONNIE PLACE,820807-XXXXRegistrerad verksamhet,,"c/o Jessica Nerstrand, Eva Bonniers Gata 35, 129 54 Hägersten"
Paviljong Kreativ Studio,790815-XXXXRegistrerad verksamhet,,"c/o Johanna Lagerberg, Kajutagatan 6b, 619 34 Trosa"
Stationens trädgård landskapsarkitektur och design,860516-XXXXRegistrerad verksamhet,,"Ringshyttan Striberg Station 304, 713 93 Nora"
ORDNA STYLING i Östergötland,860521-XXXXRegistrerad verksamhet,,"Fivelstad Börstad 345 Oxlegården, 592 94 Vadstena"
Louise inredning & homestyling,910509-XXXXRegistrerad verksamhet,,"Amiralsgatan 50, 214 37 Malmö"
BETIYO,910511-XXXXRegistrerad verksamhet,,"Sågargatan 17, 1503, 116 36 Stockholm"
Utsikt,740930-XXXXRegistrerad verksamhet,,"c/o Linda Sandin, Bror Nilssons Gata 12, 417 55 Göteborg"
Ready Steady Design,741001-XXXXRegistrerad verksamhet,,"c/o Andreas Pettersson, Kungsladugårdsgatan 28 a, 414 69 Göteborg"
Haglund arkitektur,790817-XXXXRegistrerad verksamhet,,"c/o Joakim Haglund, Gunnilse Backaväg 6, 424 56 Gunnilse"
Ateljéista,790818-XXXXRegistrerad verksamhet,,"Tunavägen 36, 147 42 Tumba"
Hem & Design HD,710331-XXXXRegistrerad verksamhet,,"Rimbogatan 10a, 761 51 Norrtälje"
MyHomeCollection Furniture and living,860523-XXXXRegistrerad verksamhet,,"Näckdjupsvägen 29, 132 39 Saltsjö-Boo"
JTLINTERIOR,860526-XXXXRegistrerad verksamhet,,"Situnabjörkväg 3, 148 91 Ösmo"
Jerreviks Kreativa,860528-XXXXRegistrerad verksamhet,,"c/o Ida Jerrevik, Hamrénsvägen 1, 911 36 Vännäsby"
Lindsjö Arkitektur och Tillgänglighet,820818-XXXXRegistrerad verksamhet,,"Axvallsvägen 23, Björkhagen, 121 50 Johanneshov"
blomster at persmarken,741002-XXXXRegistrerad verksamhet,,"c/o blomster@persmarken, Vadmöllan 131, 225 94 Lund"
Blomstermia,790826-XXXXRegistrerad verksamhet,,"Fältvägen 10, 302 92 Halmstad"
Pernilla Sahlström,721201-XXXXRegistrerad verksamhet,,"Blomberg Norra Kleven 8, 531 95 Källby"
MOVINO INTERIÖR,910524-XXXXRegistrerad verksamhet,,"c/o Natalia Movino, Stampgatan 38 Lgh 1602, 411 01 Göteborg"
Nordic Home Decor 3D,820825-XXXXRegistrerad verksamhet,,"Tvärskeppsgatan 12, 218 72 Tygelsjö"
Balans och känsla Vejbystrand,721204-XXXXRegistrerad verksamhet,,"Skogsvägen 41, 266 54 Vejbystrand"
Etage Trädgårdsdesign,710405-XXXXRegistrerad verksamhet,,"Skogavägen 25, 286 31 Örkelljunga"
Maram Arkitektur,860604-XXXXRegistrerad verksamhet,,"Pryssgränd 10 b, 118 20 Stockholm"
Nygren Creative,910603-XXXXRegistrerad verksamhet,,"c/o Nygren, Idungatan 9, 113 45 Stockholm"
TID Top interior design,820827-XXXXRegistrerad verksamhet,,"Ballonggatan 1, 169 71 Solna"
ARH & B Arkitektur,770127-XXXXRegistrerad verksamhet,,"Fiskaregatan 4, 232 35 Arlöv"
L. Sjöö Design,741008-XXXXRegistrerad verksamhet,,"Bleketvägen 21, 471 50 Bleket"
Inredning & styling Fina hem Lorensberg,721205-XXXXRegistrerad verksamhet,,"Burgårdsgatan 14, 412 52 Göteborg"
Järna Planering,721206-XXXXRegistrerad verksamhet,,"Knutstigen 5, 147 31 Tumba"
Selemba Arkitekter,910616-XXXXRegistrerad verksamhet,,"c/o Oscar Selemba, Jonstorpsvägen 281, 254 76 Allerum"
Axhusen Interior,910617-XXXXRegistrerad verksamhet,,"Småbrukets Backe 60, 141 58 Huddinge"
Consulting by Carina Engström,770131-XXXXRegistrerad verksamhet,,"Orgelvägen 8, 175 56 Järfälla"
Daniel Ängmo Arkitektur,721209-XXXXRegistrerad verksamhet,,"Skilleby Backe 1a, 153 91 Järna"
DAAK,721210-XXXXRegistrerad verksamhet,,"c/o DAAK, Möregatan 8, 118 27 Stockholm"
eSCAPE Studio,860617-XXXXRegistrerad verksamhet,,"c/o Uittenbogaard, Markörplan 1 Lgh 1101, 134 36 Gustavsberg"
Klamborn Trygg Arkitekter,790910-XXXXRegistrerad verksamhet,,"c/o Simon Klamborn, Heimdalsgatan 60, 261 62 Glumslöv"
ANEYE ATELIER STUDIO,820907-XXXXRegistrerad verksamhet,,"Björnvägen 11, 183 60 Täby"
Trädgårdsarkitekt Fia Sjögren,820909-XXXXRegistrerad verksamhet,,"Forneboryd 2, 331 77 Rydaholm"
Josefine Lantz,770203-XXXXRegistrerad verksamhet,,"c/o Sgouridis, Sveavägen 128, 113 50 Stockholm"
Jonegård Urban Form,741015-XXXXRegistrerad verksamhet,,"Arentvägen 7, 806 48 Gävle"
Studio Henrik Hansen,741016-XXXXRegistrerad verksamhet,,"Stennabben 32, 517 94 Töllsjö"
DanielAlmgrenRecén,790911-XXXXRegistrerad verksamhet,,"c/o Daniel Almgren Recén, Södra Stensätter 1, 614 92 Söderköping"
Annelie Mari design,910705-XXXXRegistrerad verksamhet,,"Oshögavägen 188, 238 32 Oxie"
Studio Tjern,770204-XXXXRegistrerad verksamhet,,"c/o Tjernström, Skogsvägen 3, 564 32 Bankeryd"
i2 STUDIOS,770207-XXXXRegistrerad verksamhet,,"c/o Robert Karlsson, Finnbacksvägen 3, 922 32 Vindeln"
Magnus Gyllensten,820911-XXXXRegistrerad verksamhet,,"c/o Patrik Brach, Helgessons Väg 12, 131 37 Nacka"
CSD Design,710415-XXXXRegistrerad verksamhet,,"c/o Sebastian Dennel, Frejgatan 13, 114 79 Stockholm"
Gillblad Trädgårdsdesign,860701-XXXXRegistrerad verksamhet,,"c/o Erika Gillblad, Rödhakevägen32, 906 51 Umeå"
Studio Nypon,860702-XXXXRegistrerad verksamhet,,"c/o Katerina Dallas, Sankt Eriksgatan 66, 113 20 Stockholm"
SofieFlorence,910716-XXXXRegistrerad verksamhet,,"Scholandersgatan 2, 417 25 Göteborg"
M. Lord,910724-XXXXRegistrerad verksamhet,,"Ingemarsgatan 7, 113 54 Stockholm"
Attiralj Styling & Inredning,770210-XXXXRegistrerad verksamhet,,"c/o Camilla Harglin, Långängsvägen 51, 125 56 Älvsjö"
Petra Erika Home Styling,721218-XXXXRegistrerad verksamhet,,"c/o Petra Westin, Kungsängsesplanden 12d, 753 24 Uppsala"
Hannes Stenström,820916-XXXXRegistrerad verksamhet,,"c/o Hannes Stenström, Oxhagsgatan 83, 603 61 Norrköping"
Geometricissue (V-isuals),741024-XXXXRegistrerad verksamhet,,"Limhamns Stationsväg 5 Lgh 1106, 216 46 Limhamn"
ateljé epifor,860708-XXXXRegistrerad verksamhet,,"Kolarbacken 36, 136 48 Handen"
Lina Aldén,790918-XXXXRegistrerad verksamhet,,"c/o Lina Aldén, Karl Olofsgatan 6, 387 35 Borgholm"
Anna Smith Studio,910728-XXXXRegistrerad verksamhet,,"Skaven 206, 463 96 Nygård"
Uplus Arch Design,910730-XXXXRegistrerad verksamhet,,"c/o Yu Jiang, Vedevågslingan 24, 124 74 Bandhagen"
Glimt Arkitektur,910731-XXXXRegistrerad verksamhet,,"Törresröd 196, 463 92 Lilla Edet"
Studio Leosdottir,770212-XXXXRegistrerad verksamhet,,"Nävekvarnsvägen 24, 124 32 Bandhagen"
Kreativa Former Gbg,820922-XXXXRegistrerad verksamhet,,"Vinga Fyrs Väg 14, 423 41 Torslanda"
EJ Rosberg,820923-XXXXRegistrerad verksamhet,,"Dagsverksvägen, 163 55 Spånga"
Arknor,820924-XXXXRegistrerad verksamhet,,"c/o Arnor Thorsteinsson, Sjödikenvägen 194, 233 35 Svedala"
Walter landskap,710419-XXXXRegistrerad verksamhet,,"c/o Maria Walter, Tomtebogatan 13, 113 39 Stockholm"
Herou form & design,860716-XXXXRegistrerad verksamhet,,"c/o Herou, Linnégatan, 22, 114 47 Stockholm"
Design Anna E,860718-XXXXRegistrerad verksamhet,,"Porsvägen 16, 542 32 Mariestad"
mayo objects,790922-XXXXRegistrerad verksamhet,,"Majorsgatan 12, 573 41 Tranås"
Noemi Ivanova,790926-XXXXRegistrerad verksamhet,,"Åsögatan 52, 118 29 Stockholm"
Studio Stajlista Sthlm,820929-XXXXRegistrerad verksamhet,,"Ulrikagatan 15, 115 23 Stockholm"
Lund Gerell Arkitektur,770220-XXXXRegistrerad verksamhet,,"Skarstad 310, 454 92 Brastad"
Room Shape Sweden,910824-XXXXRegistrerad verksamhet,,"c/o Magdalena Wall, Andgatan 2, 431 64 Mölndal"
H.W Studio,910829-XXXXRegistrerad verksamhet,,"c/o Hanna Wernersson, Ormesberga Bokeholm 1, 342 64 Ör"
Mannerståls Inredning,710427-XXXXRegistrerad verksamhet,,"Teknikervägen 4, 141 73 Segeltorp"
Fs byggservice,910911-XXXXRegistrerad verksamhet,,"Loo 530, 441 75 Sollebrunn"
LFR arkitektur,770301-XXXXRegistrerad verksamhet,,"c/o Luis Filipe Rocha, Alingsåsvägen 50, 121 48 Johanneshov"
INTERIOR BY MICHELLE,860809-XXXXRegistrerad verksamhet,,"c/o Niklas Kressner, Linnégatan 92, 115 23 Stockholm"
Grogrund Trädgårdsdesign i Nöttja,860812-XXXXRegistrerad verksamhet,,"Nöttja Lilla Ågård, 341 75 Hamneda"
InredaBevara Hjo,791009-XXXXRegistrerad verksamhet,,"Guldkroksgatan 2, 544 31 Hjo"
Pickapillow,821015-XXXXRegistrerad verksamhet,,"Krombyvägen 200, 238 41 Oxie"
Interiörkreatör Karin,770303-XXXXRegistrerad verksamhet,,"Riddarstigen 22, 135 69 Tyresö"
Stjälk Interiör,860818-XXXXRegistrerad verksamhet,,"c/o Anna Nilsson, Regelvägen 11, 892 41 Domsjö"
Rumslig arkitektur Stockholm,730103-XXXXRegistrerad verksamhet,,"c/o Marie-Louise Kallstenius, Rindögatan 4, 115 36 Stockholm"
Aliro arkitektbyrå,791016-XXXXRegistrerad verksamhet,,"Hällestad 311, 247 95 Torna-Hällestad"
Lisa Hervier,910927-XXXXRegistrerad verksamhet,,"Norra Tvärgatan 11, 233 35 Svedala"
Siv Rasmussen,860824-XXXXRegistrerad verksamhet,,"Bruntorp Solhem 1, 672 96 Töcksfors"
Johannes Reigo Arkitekt,821021-XXXXRegistrerad verksamhet,,"Paradisgatan 27 n Lgh 1101, 413 16 Göteborg"
Viljeland Reklam & Design,730104-XXXXRegistrerad verksamhet,,"c/o Jennifer Johansson, Gaveliusgatan 8, 116 41 Stockholm"
Zold Sthlm,791020-XXXXRegistrerad verksamhet,,"c/o Irena Karlsson, Lillvägen 32, 138 34 Älta"
Stina Victorian,911003-XXXXRegistrerad verksamhet,,"Framgårdsvägen 12, 685 33 Torsby"
Adeadesign,911009-XXXXRegistrerad verksamhet,,"Idungatan 5 Lgh 1403, 113 45 Stockholm"
DECORICASA INTERIORS,741118-XXXXRegistrerad verksamhet,,"Lyrbergsgatan 5, 784 43 Borlänge"
Nokori Inredningsarkitekter,860831-XXXXRegistrerad verksamhet,,"Gamla Vägen 3, 426 77 Västra Frölunda"
Företag Lars Isestig,821028-XXXXRegistrerad verksamhet,,"Nordannälden 365, 835 99 Krokom"
Studio Eda,911016-XXXXRegistrerad verksamhet,,"S:T Knuts Väg 8a, 211 57 Malmö"
Nora W Inter,911024-XXXXRegistrerad verksamhet,,"c/o Aron Westerlund, Fågelstavägen 22, 124 33 Bandhagen"
Constronova,741123-XXXXRegistrerad verksamhet,,"Apelvägen 91, 703 58 Örebro"
Åkerlund Design,821105-XXXXRegistrerad verksamhet,,"Sveavägen 13, 335 31 Gnosjö"
emmakara,710507-XXXXRegistrerad verksamhet,,"Skytteskogsgatan 27, 414 76 Göteborg"
S idé & design,741125-XXXXRegistrerad verksamhet,,"Västmannagatan 8b, 713 32 Nora"
InLocoDesign & Flight,860912-XXXXRegistrerad verksamhet,,"c/o Sjöberg/ Torstensdotter, Roslagsgatan 38 Lgh 1306, 113 55 Stockholm"
Sussi Berggren Arkitektur,821111-XXXXRegistrerad verksamhet,,"Ljusstöparbacken 18b, 117 65 Stockholm"
Daniel Svahn Studio,791102-XXXXRegistrerad verksamhet,,"Fredsborgsgatan 35, 117 58 Stockholm"
Invite flow,791104-XXXXRegistrerad verksamhet,,"Solberga Ängsväg 13, 125 44 Älvsjö"
Anrik Estetik & Inredning Sverige,791105-XXXXRegistrerad verksamhet,,"c/o Erik Bilén, Hultgrensgatan 3, 412 59 Göteborg"
KH Architect,770321-XXXXRegistrerad verksamhet,,"Nyängsvägen 35, Lgh 1202, 146 30 Tullinge"
Fröken Turkos,770322-XXXXRegistrerad verksamhet,,"c/o Fröken Turkos, Släps Högåsväg 17, 427 50 Billdal"
Firma Lisa Olsson,770323-XXXXRegistrerad verksamhet,,"Brötavägen 5a, 291 51 Kristianstad"
Barrolino Inredning & Styling,770324-XXXXRegistrerad verksamhet,,"c/o Chachalatos, Norrholmsvägen 21, 132 31 Saltsjö-Boo"
Borum Stockholm,860925-XXXXRegistrerad verksamhet,,"Hjortstigen 2, 186 43 Vallentuna"
FvH COMMS,821125-XXXXRegistrerad verksamhet,,"c/o Filippa von Heidenstam, Linnégatan 77, 114 60 Stockholm"
Flora Kolstad Decora,821127-XXXXRegistrerad verksamhet,,"c/o Linda Kolstad, Timmermansgatan 3d, 753 33 Uppsala"
Studio Fara,821129-XXXXRegistrerad verksamhet,,"c/o Farvash Razavi, Sigurd Rings Gata 10, 126 51 Hägersten"
Solbacka Trading,741210-XXXXRegistrerad verksamhet,,"c/o Petra Olsson, Tottarpsvägen 1, 245 93 Staffanstorp"
Design by Thildra,741211-XXXXRegistrerad verksamhet,,"Hissjö 540, 905 91 Umeå"
"Tycke o smak, Malmö",741212-XXXXRegistrerad verksamhet,,"Södra Promenaden 51, 211 38 Malmö"
Star cast Stockholm,770330-XXXXRegistrerad verksamhet,,"c/o Anna Eriksson, Runmästarvägen 9, 187 72 Täby"
Torefalks Trädgård,861006-XXXXRegistrerad verksamhet,,"Räntmästarvägen 7, 194 53 Upplands Väsby"
malmar,730125-XXXXRegistrerad verksamhet,,"Åbogatan 6, 122 37 Enskede"
Godesign by sjö,911227-XXXXRegistrerad verksamhet,,"Vallbyvägen 13b, 645 42 Strängnäs"
Förändringsbyrån 2.0,741217-XXXXRegistrerad verksamhet,,"c/o Giulia Ray, Bergsgatan 9, 112 23 Stockholm"
S.M interior,920109-XXXXRegistrerad verksamhet,,"Morgonvägen 95, 146 32 Tullinge"
Topclean & styling Sthlm,920111-XXXXRegistrerad verksamhet,,"Östra Granittrappan 6, 131 57 Nacka"
På Eget Sätt,741219-XXXXRegistrerad verksamhet,,"c/o Tanneke Piksen, Ågatan 1, 365 33 Lessebo"
Style by Sandra,861026-XXXXRegistrerad verksamhet,,"c/o Sandra Olsson, Vädurens Väg 13, 245 33 Staffanstorp"
Malin Björklund Ritar,791206-XXXXRegistrerad verksamhet,,"c/o Björklund, Kyndelsmässogränd 15, 126 37 Hägersten"
Önerud Design & Ledarskap,920114-XXXXRegistrerad verksamhet,,"c/o Anette Önerud, Norrskogsvägen 45, 137 34 Västerhaninge"
RAHM Interiör,920122-XXXXRegistrerad verksamhet,,"Gamla Huddingevägen 453, 125 42 Älvsjö"
StyledByJosefineJohansson,770410-XXXXRegistrerad verksamhet,,"c/o StyledByJJ, Lotsvägen 40, 312 71 Skummeslövsstrand"
Bryn Space,770412-XXXXRegistrerad verksamhet,,"c/o Daniel Persson, Sorgenfrivägen 31, 214 38 Malmö"
Jernskog Arkitektkontor,861101-XXXXRegistrerad verksamhet,,"Fridhemsvägen 1, 671 33 Arvika"
Petite Puce,821223-XXXXRegistrerad verksamhet,,"c/o Emilia Bernehjält, Liljegatan 18, 587 31 Linköping"
ninastradgardsplock,730204-XXXXRegistrerad verksamhet,,"c/o widström, Aspvägen 13 a, 191 41 Sollentuna"
Framgången - Planering & Påverkan i Göteborg,791209-XXXXRegistrerad verksamhet,,"Britta Sahlgrens Gata 3, 421 31 Västra Frölunda"
Veriveri,741228-XXXXRegistrerad verksamhet,,"c/o Wramäng, Godtemplaregatan 20 a, 281 31 Hässleholm"
Christell Design,770415-XXXXRegistrerad verksamhet,,"Allhemsvägen 28, 244 66 Furulund"
Novi Design & Inredningsarkitektur,861109-XXXXRegistrerad verksamhet,,"Sjöglimten 5, 443 92 Lerum"
ROTA Design av E.Nilsson,821228-XXXXRegistrerad verksamhet,,"c/o Emma Nilsson, Badviksvägen 8, 892 32 Domsjö"
Studio Dagmar,730205-XXXXRegistrerad verksamhet,,"c/o Caroline Wesslén, Vadmalsvägen 6, 757 57 Uppsala"
Monicas Trädgård & Design,730207-XXXXRegistrerad verksamhet,,"Västerstad 7147, 242 97 Hörby"
Arrakis Architecture,920213-XXXXRegistrerad verksamhet,,"c/o Malte Grahm, Eslövsgatan 4, 214 38 Malmö"
Johanna Decor,920220-XXXXRegistrerad verksamhet,,"c/o Johanna Larsson, Hasselquistvägen 25, 121 46 Johanneshov"
MOOD IN STUDIO,920222-XXXXRegistrerad verksamhet,,"Gamla Huddingevägen 441, 125 42 Älvsjö"
Crystallo,861119-XXXXRegistrerad verksamhet,,"Affärsvägen 5, 246 52 Löddeköpinge"
Aroom studio,830106-XXXXRegistrerad verksamhet,,"c/o Emelie Dahl, Lindvägen 1, 611 70 Jönåker"
Krut Spatial Designstudio,920317-XXXXRegistrerad verksamhet,,"c/o Anna Jansson, Hjalmar Brantingsgatan 19b, 417 18 Göteborg"
erinterior,920318-XXXXRegistrerad verksamhet,,"Storkgatan 5d, 416 69 Göteborg"
Stylo Studios,920324-XXXXRegistrerad verksamhet,,"Soltorpsvägen 16d, 182 33 Danderyd"
ArtByJanie,920326-XXXXRegistrerad verksamhet,,"c/o Janie Jagborn, Stafsinge 602, 311 94 Falkenberg"
J.Creation,920402-XXXXRegistrerad verksamhet,,"c/o Jens Andersson, Storsegelvägen 10, 117 71 Stockholm"
Atelier Tobias Lundgren,920407-XXXXRegistrerad verksamhet,,"c/o Tobias Lundgren, Franzéngatan 16, Apartment 1103, 871 31 Härnösand"
Equiteriör,920423-XXXXRegistrerad verksamhet,,"c/o Carolina Braw, Skråmsta 320, 193 91 Sigtuna"
Skräddar Sofie Berg,920517-XXXXRegistrerad verksamhet,,"Övertänger 451, 790 26 Enviken"
Lav landskapsstudio,920601-XXXXRegistrerad verksamhet,,"Eslövsgatan 2a, 214 38 Malmö"
ULLA SJÖBERG INREDNINGSARKITEKT SIR,360423-XXXXRegistrerad verksamhet,,"Strandskärsvägen 22, 421 50 V Frölunda"
Finn Månsson Arkitekt SAR,360510-XXXXRegistrerad verksamhet,,"Spikahult, 370 17 Eringsboda"
Harald Sterner arkitektur planering projektledninginformation HS APPI,360707-XXXXRegistrerad verksamhet,,"Akvamaringatan 4 c, 421 60 Västra Frölunda"
Christina Interiör,360710-XXXXRegistrerad verksamhet,,"Sjögattu 2, 793 70 Tällberg"
Rent av Natalia,890804-XXXXRegistrerad verksamhet,,"Östra Ringgatan 17, 749 49 Enköping"
RenForm Stockholm Design Studio,870513-XXXXRegistrerad verksamhet,,"c/o Places Coworking, Tellusgången 2, Stockholm, 126 26 Hägersten"
Kvistens trädgårdsmästeri,800424-XXXXRegistrerad verksamhet,,"Lycka 121, 774 97 Fors"
Skapaharmoni Maria Stenmarker,770917-XXXXRegistrerad verksamhet,,"c/o Maria stenmarker, Flahultsringen 23, 562 33 Norrahammar"
Ullas Trädgård,751231-XXXXRegistrerad verksamhet,,"Sopranvägen 6, 302 93 Halmstad"
AnjoLab,460902-XXXXRegistrerad verksamhet,,"Rallarvägen 20, 755 76 Vänge"
Backman Studio Inredningsarkitekt,670524-XXXXRegistrerad verksamhet,,"Lillasällskapets Väg 42, 127 61 Skärholmen"
Ina Interior Design,850101-XXXXRegistrerad verksamhet,,"c/o Ina Affroukh, Södra Förstadsgatan 22, 211 43 Malmö"
60th Parallel Studio,971023-XXXXRegistrerad verksamhet,,"Valutavägen 84, 129 34 Hägersten"
Krysell Interiör Design,980116-XXXXRegistrerad verksamhet,,"Hälsingströmsvägen 5, 441 91 Alingsås"
Kvistar & rötter,860214-XXXXRegistrerad verksamhet,,"Dörröd 1151, 247 96 Veberöd"
STUDIO WU,010101-XXXXRegistrerad verksamhet,,"c/o Mariehemsvägen 17B lgh1203, Umeå 906 53, Enbacksvägen 4, 193 34 Sigtuna"
Miss J,750318-XXXXRegistrerad verksamhet,,"Tullaregatan 16, 252 67 Helsingborg"
Movin homestyling,940531-XXXXRegistrerad verksamhet,,"Edövägen 13b, 132 30 Saltsjö-Boo"
LYKT Inredning,860918-XXXXRegistrerad verksamhet,,"Skattungsvägen 18, 1001., 120 59 Årsta"
Lööf Arkitektur,830329-XXXXRegistrerad verksamhet,,"Träringen 69, 416 79 Göteborg"
Ateljé Södra,040617-XXXXRegistrerad verksamhet,,"c/o Remy Johansson, Laggarns Väg 29, 443 38 Lerum"
Thompson Architecture,590405-XXXXRegistrerad verksamhet,,"c/o Jeremy Thompson, Fredmansgatan 4, 118 47 Stockholm"
Skald Creative,990311-XXXXRegistrerad verksamhet,,"Västgötagatan 4, 383 30 Mönsterås"
WATERSEEDS Productions,660919-XXXXRegistrerad verksamhet,,"Orustgatan 10 a, 414 47 Göteborg"
Öhns blommor & trädgård,690225-XXXXRegistrerad verksamhet,,"Agngatan 26, 932 35 Ursviken"
Fiona film,760722-XXXXRegistrerad verksamhet,,"Tjärhovsgatan 50, 116 28 Stockholm"
Avan ArkDesign Studio,900821-XXXXRegistrerad verksamhet,,"Panelgatan 23, Lgh 1008, 238 37 Oxie"
Malmbergs Hemdesign,631008-XXXXRegistrerad verksamhet,,"Fyrmästaregatan 20c, 451 41 Uddevalla"
Lygdman design & interiör,730804-XXXXRegistrerad verksamhet,,"Skorpedsvägen 21, 895 97 Skorped"
em interior,941016-XXXXRegistrerad verksamhet,,"Högatan 7, 216 33 Limhamn"
MHYNE,030730-XXXXRegistrerad verksamhet,,"Grindvägen 2, 263 94 Mjöhult"
Numari Arkitektur & Design,710529-XXXXRegistrerad verksamhet,,"Hornsgatan 48a Lgh1302, 118 21 Stockholm"
"Stil & Deko Interiör, Linköping",860417-XXXXRegistrerad verksamhet,,"Persiljevägen 12, 582 76 Linköping"
Neway projects,860819-XXXXRegistrerad verksamhet,,"Carl Herslowsgatan 9, 211 47 Malmö"
RoomCulture,740720-XXXXRegistrerad verksamhet,,"c/o Sabine Falk, Sandhamnsgatan 59, 115 28 Stockholm"
Studio Lindhe,930110-XXXXRegistrerad verksamhet,,"Krönvägen 1, 451 77 Uddevalla"
Lummiga Rum,921015-XXXXRegistrerad verksamhet,,"Forsvägen 9, 835 33 Krokom"
Vintage Living By Hjalmunge,641122-XXXXRegistrerad verksamhet,,"Östra Långgatan 66, 619 30 Trosa"
hJas,800114-XXXXRegistrerad verksamhet,,"Daljunkaregatan 16a, 791 37 Falun"
Homestylebyml,881129-XXXXRegistrerad verksamhet,,"Björkvägen 8, 556 33 Jönköping"
Sofie's Gröna Trivselrum,790422-XXXXRegistrerad verksamhet,,"Häcklehagsvägen 200, 439 93 Onsala"
SM Stans Måleri,841120-XXXXRegistrerad verksamhet,,"Hantverkargatan 65 Lgh 1204, 112 31 Stockholm"
Lightshadows,790410-XXXXRegistrerad verksamhet,,"Sparreholmsvägen3, 125 71 Älvsjö"
Arkify Design,870922-XXXXRegistrerad verksamhet,,"Bohusvägen 2, 597 32 Åtvidaberg"
Stina Larsson Arkitekt,450320-XXXXRegistrerad verksamhet,,"Västmannagatan 86, 113 26 Stockholm"
MIM Design och Snickeri,950110-XXXXRegistrerad verksamhet,,"Labbgård 135, 836 93 Häggenås"
C&AspectCreativa,690103-XXXXRegistrerad verksamhet,,"Östra Förstadsgatan 34, 212 12 Malmö"
Studio Salt Arkitektur,850808-XXXXRegistrerad verksamhet,,"c/o Parisa Hedayati, Vetenskapens Gränd 12, 431 53 Mölndal"
Ordningsbiten Huskvarna,930111-XXXXRegistrerad verksamhet,,"Johannesvägen 16, 561 35 Huskvarna"
Gröna Värden,711226-XXXXRegistrerad verksamhet,,"Kuggebodavägen 118, 372 94 Listerby"
s.ark.,960412-XXXXRegistrerad verksamhet,,"Hallonvägen 16, 461 44 Trollhättan"
Lenells inredningsbyrå,780323-XXXXRegistrerad verksamhet,,"Tivedsgatan 6, 441 57 Alingsås"
S FORM by Sjöstedt,991205-XXXXRegistrerad verksamhet,,"Bäckgatan 29, 931 34 Skellefteå"
NairaDesign,810814-XXXXRegistrerad verksamhet,,"Stenhuggarvägen 10, 141 41 Huddinge"
Stajlat&Klart by Hilma,030405-XXXXRegistrerad verksamhet,,"Schubergsvägen 1, 311 74 Falkenberg"
PETER HALLEN SP,560316-XXXXRegistrerad verksamhet,,"Nyponstigen 3, 566 93 Brandstorp"
Råå Balans Hållbar Hälsa,730130-XXXXRegistrerad verksamhet,,"c/o Susanne Malmberg, Miatorpsgatan 24, 1201, 252 30 Helsingborg"
Stenskärs Design & Interiör,790414-XXXXRegistrerad verksamhet,,"c/o Caisa Wiberg, Kvibackevägen 18 /Box 99, 475 52 Hyppeln"
Livsvarsel,870930-XXXXRegistrerad verksamhet,,"Borensvägen 26, 120 52 Årsta"
Högt i tak arkitektur,890903-XXXXRegistrerad verksamhet,,"Blåvalsgatan 1a, 414 75 Göteborg"
Landskap och Liv Gotland,880205-XXXXRegistrerad verksamhet,,"Väskinde Lilla Klintegårde 622, 622 75 Visby"
VXT Studios,811021-XXXXRegistrerad verksamhet,,"Storgatan 136, 262 62 Ängelholm"
Dolce Casa Interiors,810911-XXXXRegistrerad verksamhet,,"Soltorpsvägen, 18 b, 182 33 Danderyd"
nanu design,961012-XXXXRegistrerad verksamhet,,"Kungsgatan 37b, 753 21 Uppsala"
P O Eriksson Arkitektur,610625-XXXXRegistrerad verksamhet,,"Ringvägen 64, 263 63 Viken"
Ambuhm Arkitektur,991218-XXXXRegistrerad verksamhet,,"Meijerfeldtsväg 25, 183 56 Täby"
Arkitekt Dag Rundegren,560628-XXXXRegistrerad verksamhet,,"c/o Dag Rundegren, Vindilsvägen 5 a, 302 37 Halmstad"
Ark Interiör,890908-XXXXRegistrerad verksamhet,,"Bäckegatan 36b, 413 16 Göteborg"
Studio Agnes Sahlberg,980122-XXXXRegistrerad verksamhet,,"Jönåkersvägen 15, 122 48 Enskede"
Med Grön Hand -Trädgårdsdesign av Elna,000126-XXXXRegistrerad verksamhet,,"c/o Elna Olsson, Västra Storgatan 26a, 283 31 Osby"
Halling Landskap,900502-XXXXRegistrerad verksamhet,,"Backebovägen 19, 429 33 Kullavik"
Wiger Verket,920726-XXXXRegistrerad verksamhet,,"Hornsgatan 186, 117 34 Stockholm"
Alea blomster / styling,750315-XXXXRegistrerad verksamhet,,"Pärlröksgången 293, 135 33 Tyresö"
Myrkva Living,030406-XXXXRegistrerad verksamhet,,"Mejerivägen 18f, 611 56 Nyköping"
LAGOM Arkitektur,960521-XXXXRegistrerad verksamhet,,"Carlsgatan 35, 211 20 Malmö"
InredMer Skåne,870701-XXXXRegistrerad verksamhet,,"Björkvallastigen 6, 247 72 Genarp"
Javsjödesign,650610-XXXXRegistrerad verksamhet,,"Idvägen 3, 571 95 Nässjö"
Mandas Moderna,690614-XXXXRegistrerad verksamhet,,"Simris Bygata 9, 272 91 Simrishamn"
elisARK,850202-XXXXRegistrerad verksamhet,,"c/o Elisa Uhlemann, Högbergsgatan 4, 693 33 Degerfors"
Kuriva,731006-XXXXRegistrerad verksamhet,,"Bussvik Björkvik 1, 572 95 Figeholm"
Lejdinge Trädgård & Terrass,650607-XXXXRegistrerad verksamhet,,"Gullmarsvägen 104, 120 39 Årsta"
Studio Grön Form & Flora,721127-XXXXRegistrerad verksamhet,,"Sjöbergsvägen 19, 184 43 Åkersberga"
Lind Arkitektur & gestaltning,860825-XXXXRegistrerad verksamhet,,"Råda Portar 103, 435 32 Mölnlycke"
Tidsanda Kulturmåleri,881208-XXXXRegistrerad verksamhet,,"Skrickerum Åvalla 1, 615 94 Valdemarsvik"
Ateljé Österunda,620924-XXXXRegistrerad verksamhet,,"Österunda Brunsta 18, 749 72 Fjärdhundra"
Kylefors Hus & Trädgård,741202-XXXXRegistrerad verksamhet,,"Allévägen 7, 155 32 Nykvarn"
STUDIO i:D,990205-XXXXRegistrerad verksamhet,,"Furuhäll 110, 463 93 Västerlanda"
Schiller Arkitektur,900716-XXXXRegistrerad verksamhet,,"Bryggvägen 6b, 117 71 Stockholm"
OSE S Ekonomi & Design,651119-XXXXRegistrerad verksamhet,,"c/o Camilla Hagberg Sunesson, Näckrosvägen 15, 263 62 Viken"
Humlan & Hallonet Interiör,910205-XXXXRegistrerad verksamhet,,"Burås 536, 472 94 Svanesund"
Förnyad Ro,901003-XXXXRegistrerad verksamhet,,"Nöbbelöv 802, 241 93 Eslöv"
Irenes Stil & Inredning,740215-XXXXRegistrerad verksamhet,,"c/o Irene Frödin, Enbäcksvägen 12a, 761 52 Norrtälje"
Larkitekten,920504-XXXXRegistrerad verksamhet,,"c/o Malin Jansson, Tideliusgatan 11, 118 69 Stockholm"
Alma Karlsson Arkitekt,010609-XXXXRegistrerad verksamhet,,"Norra Vägen 5a, 163 41 Spånga"
Solvra,951109-XXXXRegistrerad verksamhet,,"Bygatan 14 Lgh 1402, 724 66 Västerås"
Arbor & Area,800321-XXXXRegistrerad verksamhet,,"Botorp 526, 655 91 Karlstad"
O Kae,750206-XXXXRegistrerad verksamhet,,"Ålvägen 1, 713 30 Nora"
Avorén,980317-XXXXRegistrerad verksamhet,,"Götgatan 59, 116 21 Stockholm"
Landskapsateljén,930322-XXXXRegistrerad verksamhet,,"Nathorstvägen 9, 121 37 Johanneshov"
Grönt Format Dalarna,790802-XXXXRegistrerad verksamhet,,"Nedre Krokfors 50, 790 15 Sundborn"
MA Design & Interiör,021129-XXXXRegistrerad verksamhet,,"Frejgatan 8, 534 31 Vara"
Varsam Arkitektur och Byggnadsvård,970507-XXXXRegistrerad verksamhet,,"Gärdesgatan 4, 542 43 Mariestad"
LITA Trädgårdsarkitekt,020314-XXXXRegistrerad verksamhet,,"Östra Falmark 110, 931 92 Skellefteå"
Sångbacken's,890416-XXXXRegistrerad verksamhet,,"Mannarp 4537, 242 94 Hörby"
YAX Jack Lindgren Arkitektur,580622-XXXXRegistrerad verksamhet,,"Stuvaregatan 7, 252 67 Helsingborg"
Studio Assar,971009-XXXXRegistrerad verksamhet,,"c/o Linn Assarsson, Slåttervägen 9a, 227 38 Lund"
C-Service&Trädgård,781130-XXXXRegistrerad verksamhet,,"Saffransgatan 2b, 424 42 Angered"
Naturligtvis Trädgård Enköping,920206-XXXXRegistrerad verksamhet,,"Mossvägen 20, 749 42 Enköping"
Växtling,960424-XXXXRegistrerad verksamhet,,"Kaggeledsgatan 9, 416 44 Göteborg"
Månsson Form,640228-XXXXRegistrerad verksamhet,,"Fredsgatan 3a, 222 20 Lund"
Gripsholm Homestyling,860826-XXXXRegistrerad verksamhet,,"Lötliden 1, 645 94 Strängnäs"
"Kämpendahl paint, design och service",781208-XXXXRegistrerad verksamhet,,"Byxelkroksvägen 49 b, 387 75 Byxelkrok"
Studio Kaf,901212-XXXXRegistrerad verksamhet,,"Liljeholmsvägen 12, 117 61 Stockholm"
K Gardendesign,770401-XXXXRegistrerad verksamhet,,"Badhusvägen 11, 429 43 Särö"
Studio LB,750622-XXXXRegistrerad verksamhet,,"c/o Småskaligt AB, Styrmansgatan 24, 414 58 Göteborg"
Stellborn Works,800122-XXXXRegistrerad verksamhet,,"Dellensvägen 2, 120 58 Årsta"
HM Studio,930727-XXXXRegistrerad verksamhet,,"Rorgängargatan 6, 120 68 Stockholm"
Paul Harrison Arkitektur,730110-XXXXRegistrerad verksamhet,,"Landstromsvägen 36, 702 25 Örebro"
Arkby bygghantverk & arkitektur,940429-XXXXRegistrerad verksamhet,,"Lindebäcksvägen 28, 542 33 Mariestad"
Altbys Ateljé,750126-XXXXRegistrerad verksamhet,,"Lillevalevägen 32, 475 32 Öckerö"
Ängamarken,750917-XXXXRegistrerad verksamhet,,"Libergsgatan 9, 644 31 Torshälla"
Ellens Trädgård Halland,951010-XXXXRegistrerad verksamhet,,"Grangatan 1 k, 305 64 Gullbrandstorp"
BEYOND Deco,751129-XXXXRegistrerad verksamhet,,"c/o Sjöblom, Sickla Sjöväg 6, 131 33 Nacka"
Libra Landskap,831113-XXXXRegistrerad verksamhet,,"Ekeliden 26, 439 51 Åsa"
Ateljé Rymd,930826-XXXXRegistrerad verksamhet,,"c/o Joanna Maria Lesna, Upplandsgatan 42, Lgh. 1302, 113 28 Stockholm"
Baroquerocks Artcraft,740604-XXXXRegistrerad verksamhet,,"Vänortsstråket 29, 191 61 Sollentuna"
Klenod bygg,781101-XXXXRegistrerad verksamhet,,"Alekärrsvägen 2, 449 51 Alafors"
Third Spirit,760705-XXXXRegistrerad verksamhet,,"Sturegatan 52, 114 36 Stockholm"
AN Hus & Kulör Kristianstad,610304-XXXXRegistrerad verksamhet,,"Torsekevägen 241, 291 96 Kristianstad"
SpirandeVardag,740512-XXXXRegistrerad verksamhet,,"Markskogsvägen 272, 975 97 Luleå"
Anblick,860704-XXXXRegistrerad verksamhet,,"Pilgatan 11, 261 51 Landskrona"
Pan Studio,860724-XXXXRegistrerad verksamhet,,"Stora Sällskapets Väg 24, 127 31 Skärholmen"
Pernille Ekre Halvorsen,920224-XXXXRegistrerad verksamhet,,"Genarpsvägen 8, 247 50 Dalby"
Nordéline,931217-XXXXRegistrerad verksamhet,,"Skolgatan41, 149 31 Nynäshamn"
Philip Box Arkitektur,910714-XXXXRegistrerad verksamhet,,"Rindögatan 14, 115 36 Stockholm"
Arv interiör,881220-XXXXRegistrerad verksamhet,,"Kung Ranes Väg 34, 432 53 Varberg"
Nahj Studio,491021-XXXXRegistrerad verksamhet,,"Ingefärsgatan 91, 424 44 Angered"
LINDA Home & Seasons,740219-XXXXRegistrerad verksamhet,,"Rödögården 807, 835 91 Krokom"
Lorenzarkitekter,660416-XXXXRegistrerad verksamhet,,"Seglarvägen 13 b, 181 62 Lidingö"
Gabriel Schachinger,000811-XXXX,,"Söderarmsvägen 28 a Lgh 1209, 121 54 Johanneshov"
Vilda Broström,000817-XXXX,,"Kommendörsgatan 33 a Lgh 1301, 114 58 Stockholm"
Elsa Kavmark,030111-XXXX,,"Kyrkbacken 14 f Bv, 666 95 Dals Långed"
Theo Bengtsson,030201-XXXX,,"Kämnärsvägen 84 f, 226 45 Lund"
Erik Björs,030204-XXXX,,"Värtavägen 66 Lgh 1001, 115 38 Stockholm"
Hanna Nylund,030206-XXXX,,"Lokes Gränd 4, 432 31 Varberg"
Richard Wredh,030217-XXXX,,"Skolvägen 4 Lgh 1207, 121 32 Enskededalen"
Hanna Wallin,030308-XXXX,,"Svärdsliljegatan 3 e Lgh 1401, 722 27 Västerås"
Hilma Eriksson,030405-XXXX,,"Angelikavägen 3 Lgh 1102, 311 37 Falkenberg"
Emma Ekberg,030406-XXXX,,"Mejerivägen 18 f, 611 56 Nyköping"
Daniel Berild Andersen,030427-XXXX,,"Kemivägen 7 a Lgh 1617, 412 58 Göteborg"
Jacob Hagen,030505-XXXX,,"Malmvägen 6, 693 73 Svartå"
Alicia Westin,030619-XXXX,,"Östgötagatan 62 Lgh 1103, 116 64 Stockholm"
Elvira Hanner,030730-XXXX,,"Grindvägen 2, 263 94 Mjöhult"
Lina Källström,030926-XXXX,,"Mjölnarvägen 32 Lgh 1503, 131 74 Nacka"
Filippa Strand,030928-XXXX,,"Dammvägen 38, 141 44 Huddinge"
Alexandra Elsa Sofia Wilson,031007-XXXX,,"Korsövägen 33, 182 49 Enebyberg"
Olle Kroon,031029-XXXX,,"Nynäsvägen 375 b Lgh 1104, 122 34 Enskede"
Laura Somers,031031-XXXX,,"Borevägen 2, 141 32 Huddinge"
Isak Ahlenius,000929-XXXX,,"Bergsgatan 22 Lgh 1605, 112 23 Stockholm"
Fanny Galin,001004-XXXX,,"Näsåkersvägen 39, 883 70 Ramsele"
Oliver Lukas Kall Newman,001010-XXXX,,"Narvavägen 61 Lgh 1002, 553 12 Jönköping"
Kajsa Åkesson,040119-XXXX,,"Gasverksgatan 14 Lgh 1203, 211 29 Malmö"
Nadya Arvidsson Toss,040331-XXXX,,"Slöjdgatan 10 Lgh 1101, 227 36 Lund"
Lydia Lundgren,001121-XXXX,,"Götgatan 78 Lgh 2111, 118 30 Stockholm"
Remy Johansson,040617-XXXX,,"Laggarns Väg 29, 443 38 Lerum"
Elin Ågren,040623-XXXX,,"Dalviksvägen 26 Björkåsen, 713 33 Nora"
Edith Nyström,040704-XXXX,,"Kungsgatan 14 a Lgh 1201, 341 44 Ljungby"
Filip Nordström,040709-XXXX,,"Nygatan 51 c, 891 45 Örnsköldsvik"
Oskar Tarkpea,001221-XXXX,,"Trollebergsvägen 38 a Lgh 1002, 227 29 Lund"
Dohaa Radeef,050118-XXXX,,"Stationsgatan 20, 571 61 Bodafors"
Angel Celeste Winchester,050410-XXXX,,"Granbergsträskvägen 10, 936 51 Jörn"
Adam Saleim,050424-XXXX,,"Skogsgatan 8 d Lgh 1202, 283 31 Osby"
Klaudia Maria Stachna,051217-XXXX,,"Nyforsgatan 27, 632 25 Eskilstuna"
Henrik Ervallius,060125-XXXX,,"Sten Bergmans Väg 23, 144 62 Rönninge"
Clara Nyström,060823-XXXX,,"Sjöbergsgatan 22 Lgh 1003, 582 46 Linköping"
Hassan Alawia,061025-XXXX,Telefon 072-288 99 15,"Björnvägen 14, 311 41 Falkenberg"
ARKITEKTFIRMA A/S TAGE CORFITZEN,502051-0136,Telefon 08-425 37 87,Utländsk Adress
DISSING + WEITLING ARKITEKTFIRMA A/S,502052-1901,Telefon 08-545 415 00,Utländsk Adress
"SCHMIDT, HAMMER & LASSEN K/S",502059-4668,Telefon 08-723 91 13,Utländsk Adress
LUNDGAARD & TRANBERG ARKITEKTER A/S,502059-6101,Telefon 0522-148 80,"Pilestraedet 10, 3. Sal 1112 Köpenhamn k"
MAINTECH OÜ,502066-2184,,Joe 7-100 101 51 Tallinn Estland
PLANERINGSBYRÅ BACKMAN AB,502066-6391,,Utländsk Adress
DORTE MANDRUP ARKITEKTER APS,502070-3319,,Vesterbrogade 95 a Dk-1620 Köbenhavn v
HOTEL CONCEPT AS,502070-5736,,Pb 1433 Vika 0115 Oslo
HOLLINGSWORTH PACK APS,502070-7039,,Öster Sögade 22 1 Dk-1357 Köpenhamn k
AUDSLEY AND SON LTD,502071-4746,,"67 Kennel Ride, Ascot Berkshire, Sl5 7nu"
CONSILIMO AS,502072-7193,,Tevlingveien 23 1081 Oslo
SHEEHAN NAGLE HARTRAY ARCHITECTS LTD,502073-4504,,"30 West Monroe Street Suite 900, Chicago, Il 6063"
HENNING LARSEN ARCHITECT A/S,502074-0659,,"Vesterbrogade 76, 4. Sal Dk-1620 Köpenhamn"
WOODS BAGOT EUROPE LIMITED,502074-8264,,"75 Riding House Street London, W1w 7ej"
STUDIOILSE LTD,502075-9162,,Studio 4 Neckinger Mills 162-164 Abbey Street London Se1 2an
CARUSO ST JOHN ARCHITECTS LLP,502076-1853,,1 Coate Street London E2 9ag
MULTICONSULT ASA,502078-0499,,Postboks 265 Sköyen 0213 Oslo
M MOSER ASSOCIATES LIMITED,502078-3048,,Riverbank House 2 Swan Lane London Ec4r 3tn
KUBUS PLANUNG GMBH & CO.KG,502078-4699,,Altenberger Strasse 5 35576 Wetzlar
HØDNEBØ PROSJEKT AS,502079-0274,,Postboks 6833 St. Olavs Plass 3 0165 Oslo
ITAB SHOP CONCEPT A/S,502079-0936,,Navervej 10 7430 Ikast
LUNNERYD ARKITEKTER IVS,502079-5349,,Folke Bernadottes Alle 25 2100 Köpenhamn ö
KAAN ARCHITECTEN BV,502080-0867,,Utländsk Adress
HOLT INVENTION ART DESIGN LTD,502082-3497,,Utländsk Adress
UNIHOUSE S.A,502083-2431,,Ul. Rejonowa 5 17-100 Bielsk Podlaski
DIZAINO KALVE MB,502083-4486,,"Birutes G. 40-25, Telsiai Lt-87119"
MI16 OU,502085-5697,,Pirita Tee 26f-29 Tallinn 12011
CANNABINOID SHOP OU,502085-5705,,Pirita Tee 26f-29 Tallinn 12011
STAPELBROEK GMBH,502086-2073,,Industriepark 1 48739 Legden
DY INTERNATIONAL SIA,502086-7783,,Kristapa Iela 10-106 Riga Lv-1046
STRAA AS,502087-8319,,"Elias Smiths Vei 26, 1337 Sandvika"
DUCROZ LTD,502088-2071,,"Owl Barn Green Lane, North Leigh Ox29 6tw Witney"
BACHSCHUSTER ARCHITEKTUR GMBH,502088-3905,,Brodmühlweg 4 85049 Ingolstadt
FLOWERPOWER OU,502089-4845,,Lääne Tee 27a Tallinn 12111
JN PROJECT S.R.O.,502089-6485,,Stromova 5575/24 Sk-90101 Malacky
FAUMUINA & ASSOCIATES ARCHITECTS LTD,502089-6808,,13 Rhodes Avenue Mt. Albert Auckland 1025
INTRAVISION GROUP AS,502090-1475,,Hoffsveien 23 0275 Oslo
ADVANCED INTERIOR SOLUTIONS INTERNATIONAL B.V.,502090-8199,,Eerste Weteringdwarsstraat 81 Nl-1017tm Amsterdam
BERNBOM CONSULT APS,502090-8397,,Jacob a Riis Vej 6 6760 Ribe
HOK INTERNATIONAL LTD.,502091-0443,,90 Whitfield Street London W1t 4ez
ATREMOX OÜ,502091-2894,,Ehitajatee Tee 21-39 12612 Tallinn
BEATA HEUMAN LIMITED,502091-4049,,43 Mall Road London W6 9dg
GTA INTERIOR LIMITED,502091-6465,,"Amelia House, Cresent Road Worthing, Bn11 1rl"
MEDAI SP. Z.O.O.,502091-6903,,Ul.Prof.Mieczyslawa Michalowicza 12 43-300 Bielsko - Biala
Zaklad Remontowo Budowlany Sp. Z O.O. Sp. K.,502091-8529,,Nicponia 102 83-140 Gniew
FELD & NIKULSKI,502092-0699,,Schillerstrasse 7 D-32052 Herford
BOLDER DEVELOPMENT OY,502092-2307,,Fredrikinkatu 47 00100 Helsinki
NORDIC STUDIO DOO,502092-7868,,Ivana Milutinovica 19 34000 Kragujevac
DONALDS ARKITEKTER AB,502093-9061,,Elverksgatan 10 c 3 22100 Mariehamn Åland
ULENBERG ILLGAS LANDSCHAFTSARCHITEKTEN,502094-9086,,Holunderweg 46 45133 Essen
ASPLAN VIAK AS,502095-2544,,Postboks 24 1301 Sandvika
SHEEHAN NAGLE HARTRAY ASSOCIATES LIMITED,502096-7492,,"20 Chiswell Street, Longbow House Ec1y 4tw London"
IDSTUDIO SP. Z O.O.,502096-8623,,Ul. Jana Kozietulskiego 2a/6 01-571 Warszawa
STRUHK ARCHITEKTUR GMBH,502097-0488,,Papenstieg 4-7 D-38100 Braunschweig
TEAMWORK INTERIORS B.V.,502097-1544,,Varsseveldseweg 20 a 7061ga Terborg
Adept ApS,502097-3458,,"Struenseegade 15a, 4. Tv 2200 Köbenhavn n"
AUDITORIUM SC D.O.O.,502097-6295,,Ljubljanska Cesta 45a 1241 Kamnik
SNITBYGG OÜ,502098-8639,,"Kalda Tn 36 Haapsalu, 90503"
MADE+ HOFFMANN BECKER PARTNERSCHAFT MBB ARCHITEKTEN,502099-3555,,Vossstrasse 11a De-30161 Hannover
CA INTERIOR DESIGN LTD,502099-4611,,"Brooklands Place 5, Brooklands Road Sale, Cheshire, M33 3sd"
PAKROSTA UAB,502101-2900,,Kairiu G. 14 K8-12 Lt-76273 Siauliai
FOKUS RÅDGIVNING AS,502102-0044,,Leif Tronstads Plass 6 1337 Sandvika
ERIK GIUDICE ARCHITECTURE SARL,502102-0051,,5 Rue De Charonne 75011 Paris
KINNOVA OY,502102-4210,,Perätie 6 40270 Palokka
ALLIES AND MORRISON LLP,502102-6694,,"83-85 Southwark Street London, Se1 0hx"
"Unison Brothers Ltd, UK Filial",516404-5360,,"Mariedalsvägen 32 c, 217 45 Malmö"
LPO arkitekter Bohuslän filial,516410-1353,,"Storemyrsvägen 2, 457 31 Tanumshede"
HANSSON CONSULTING LIMITED UK Filial,516411-2459,,"Smidesvägen 8 b Lgh 1305, 186 48 Vallentuna"
Chain10 Sweden filial,516412-5733,,"Bondevägen 113, 352 53 Växjö"
VASAROS LAIKAS Filial,516412-7846,,"Svärdvägen 21, 182 33 Danderyd"
LA MANGA INVEST LIMITED UK Filial,516413-7522,,"Sandhamnsgatan 63 a 2 Tr, 115 28 Stockholm"
Kamyar Seydiyan,070404-XXXX,,"Ebbe Lieberathsgatan 22 f Lgh 1203, 412 83 Göteborg"
Paragus AB,556062-4008,,"Kråkbärsvägen 12, 904 34 Umeå"
Rebelliv AB,556077-6519,Telefon 070-269 08 05,"Björngårdsgatan 2 d, 118 52 Stockholm"
Rstudio Holding AB,556093-8747,,"Andra Långgatan 46, 413 18 Göteborg"
MoJ Collection AB,556100-5793,Telefon 08-18 63 18,"Torp Hagadal 1, 342 55 Grimslöv"
OLSSONLYCKEFORS ARKITEKTER AB,556105-4551,,"Hälsingegatan 12, 414 63 Göteborg"
Civitas Nova AB,556110-8076,Telefon 08-550 977 90,"Alströmergatan 36, 112 47 Stockholm"
von Platen Arkitektbyrå AB,556112-8264,,"Nicolaus Cervins Gata 11, 254 33 Helsingborg"
Butiksplanerarna Jansson - Sedström AB,556127-2054,Telefon 08-20 28 32,"Flodalavägen 11, 335 71 Hestra"
Tectus Aktiebolag,556131-0185,Telefon 031-776 51 20,"Kristinelundsgatan 3 1tr, 411 37 Göteborg"
Novum Arkitekter AB,556133-5182,Telefon 08-89 47 03,"Nockeby Kyrkväg 41 Lägnr 20902, 167 74 Bromma"
Sture Sjöman Arkitektkontor Aktiebolag,556136-2558,Telefon 031-15 92 00,"Särö Kaprifolväg 3, 429 42 Särö"
Bengt Hellborg Arkitektkontor Aktiebolag,556136-5635,,Malmö
Lasse Wessén Aktiebolag,556151-1865,Telefon 08-87 14 65,"Peringskiöldsvägen 67, 168 56 Bromma"
R. Lundgrens Arkitektkontor Aktiebolag,556162-6739,,"Persgatan 14, 941 31 Piteå"
Skattungs Dekorationsmåleri AB,556163-7538,,"Hägerstad Säby Ekholmen, 590 47 Rimforsa"
Arkform Aktiebolag,556163-8924,Telefon 08-612 23 39,"Rosendalsvägen 27, 115 21 Stockholm"
A L'Olivier AB,556164-8469,,"Grev Turegatan 8, 114 46 Stockholm"
"Interiör & Design, Tony Fältman Aktiebolag",556172-8675,Telefon 044-12 34 35,"Gärdsgatan 10, 291 59 Kristianstad"
Danderyds Arkitekt och Ingenjörsbyrå Aktiebolag,556187-5849,,"Kevinge Strand 7 c, 182 57 Danderyd"
Bruno Sjödin Aktiebolag,556190-6958,Telefon 0303-526 38,"Stensängen 190, 444 92 Jörlanda"
Granströms Arkitektkontor Aktiebolag,556205-6878,Telefon 08-93 03 10,"Gråhundsvägen 204, 128 62 Sköndal"
Sonja Lilljegren Ögonpraktik Aktiebolag,556213-7637,,"Koltrastvägen 15, 183 51 Täby"
Sundström Konsult Aktiebolag,556218-5644,Telefon 070-566 75 00,"Ulvebergsvägen 10, 471 30 Skärhamn"
T.S. Arkitekt Aktiebolag,556221-9476,Telefon 08-714 54 74,"Gustavslundsvägen 149 t, 167 51 Bromma"
Twice i Vara Aktiebolag,556222-0920,Telefon 0512-340 56,"Naum Östtorp 1, 534 94 Vara"
Habitat Aktiebolag,556222-2892,,"Terrassgatan 7 5tr, 411 33 Göteborg"
Stacken Aktiebolag,556229-2366,Telefon 08-718 41 41,"Östra Ågatan 65 b, 753 22 Uppsala"
Dahlian Holding Aktiebolag,556231-2370,Telefon 08-723 47 51,"Storgatan 12, 114 51 Stockholm"
Anova Arkitekter Aktiebolag,556233-0638,,"Sälgstigen 37, 149 50 Nynäshamn"
Olivegren Form Aktiebolag,556233-1081,Telefon 070-899 12 99,"Fågelfängaregatan 18, 414 75 Göteborg"
Second Century Dahl AB,556234-8697,,"Gästrikegatan 12 Lgh 1303, 113 62 Stockholm"
Kaizi Home & Design AB,556241-0125,,"Stävholmsgränd 97, 127 49 Skärholmen"
Centerwall & Co Aktiebolag,556241-9548,Telefon 031-40 34 86,"Brödragatan 62, 412 74 Göteborg"
VARIETÉ Sthlm AB,556242-5057,Telefon 021-18 72 84,"Babordsgatan 6 a Lgh 1605, 723 59 Västerås"
Larsson Larsson Arkitektkontor Aktiebolag,556253-5731,Telefon 070-733 36 35,"Kungsholmstorg 4 5tr, 112 21 Stockholm"
Dan Johanssons Arkitektkontor Aktiebolag,556257-1363,Telefon 036-12 06 82,"c/o Mats Landén, Ormanäs 1, 575 98 Hjältevad"
Sofia Hultén AB,556259-6022,Telefon 031-17 28 90,"Taptogatan 6, 426 76 Västra Frölunda"
"Alnäs Teknik, Arkitektur och Design AB",556265-1181,Telefon 08-714 54 70,"Alnäsvägen 7, 170 78 Solna"
Fröléns Arkitektkontor Aktiebolag,556265-8418,Telefon 08-667 98 80,"Slottsvägen 69, 183 52 Täby"
Wibroe & Wibroe Arkitekter Aktiebolag,556267-8333,,"Kristina Nilssons Väg 24, 352 39 Växjö"
UNV i Uppsala AB,556268-5056,Telefon 018-54 03 80,"Klippstigen 1, 755 91 Uppsala"
Anders Bellander Arkitektkontor Aktiebolag,556272-8690,,"Södra Vägen 41, 412 54 Göteborg"
Sport Coordinator Aktiebolag,556274-4598,Telefon 070-314 62 96,"Norrbyvägen 10, 186 97 Brottby"
Torbjörn H. Vogt Aktiebolag,556274-6288,,"Stortorget 1, 111 29 Stockholm"
Fastighetsaktiebolaget Kungstorget,556278-3208,,"Sankt Mikaelsgatan 2 a Lgh 1202, 451 40 Uddevalla"
Aktiebolaget Lotta Jansson Noremark,556280-6363,Telefon 08-411 10 72,"Pålsundsgatan 3 a, 117 31 Stockholm"
Stefan Joelsson Byggkonsult Aktiebolag,556286-0741,Telefon 0481-121 69,"Karlagatan 3, 382 32 Nybro"
Medark Aktiebolag,556287-1367,,"Klappbryggan 41, 184 53 Åkersberga"
Ohlbro Förvaltning Aktiebolag,556291-1486,,"Jutegatan 1, 507 34 Brämhult"
Neuroarkitektur Sverige AB,556295-2423,Telefon 08-755 10 50,"Germaniavägen 9, 182 68 Djursholm"
Chateau Ott AB,556295-6028,Telefon 031-20 96 30,"Tillfällavägen 15 1tr, 433 63 Sävedalen"
Tobé arkitektkontor Aktiebolag,556296-1341,Telefon 0910-188 25,"Rågvägen 27, 931 45 Skellefteå"
Astrantius Aktiebolag,556297-2488,,"c/o Julia Brandberg, Bodalsvägen 6, 181 36 Lidingö"
Fastighets AB Kronosund,556300-1915,Telefon 042-19 96 20,"Rådhustorget 10, 252 21 Helsingborg"
CORECT AB,556301-9909,,"Sälthult Stavsmyra, 635 14 Eskilstuna"
Svante Hofsten Arkitektkontor Aktiebolag,556303-9709,Telefon 08-616 83 35,"Reimersholmsgatan 25 Bv, 117 40 Stockholm"
A-plan Arkitektkontor Aktiebolag,556304-0772,Telefon 046-13 07 47,"Adelgatan 9, 223 50 Lund"
STJERNAN Arkitektkontor Aktiebolag,556305-2900,Telefon 070-874 21 18,"Knektvägen 12, 196 39 Kungsängen"
Ivan Nilsson Förvaltning Aktiebolag,556306-0077,,"Mjörn Sjögårdsviksvägen 3, 471 73 Mjörn"
4RK ARKITEKTKONTOR AB,556307-9754,Telefon 070-951 49 93,"Tegnérgatan 14 a, 113 58 Stockholm"
Rerum i Göteborg AB,556308-7310,Telefon 0476-129 91,"Järnvägsgatan 14, 243 30 Höör"
Claes Kock Aktiebolag,556309-2427,,"Östgötagatan 83, 116 64 Stockholm"
Plain House AB,556310-5880,Telefon 08-642 98 74,"Råggatan 4, 118 59 Stockholm"
Aktiebolaget Sjömiljö,556311-3462,,"Stefan Löfvings Väg 47, 185 41 Vaxholm"
SMVoS AB,556314-3923,,Göteborg
Ädelsmed Sigurd Persson Design Aktiebolag,556316-0927,Telefon 042-13 87 30,"Västra Sandgatan 10, 252 25 Helsingborg"
Promep Inredningar Aktiebolag,556316-1404,,"Persikogatan 50 3 Tr, 165 63 Hässelby"
Arkitektkontoret Björn Sahlén Aktiebolag,556319-7515,Telefon 031-18 90 95,"Chalmersgatan 9 a, 411 35 Göteborg"
Arkitektgruppen i Kungsbacka Aktiebolag,556322-9722,,"Kobergsgatan 3, 434 33 Kungsbacka"
F Alaton Aktiebolag,556330-6009,,"Värtavägen 53 b Lgh 2101, 115 38 Stockholm"
Molnskulla AB,556333-0520,,"c/o Welin, Genvägen 3 a, 835 31 Krokom"
NAUMOVSKI ARKITEKTUR & BILD Aktiebolag,556333-2633,,"Kävlingevägen 26, 222 39 Lund"
Blattez 66 Malmgren AB,556345-1110,,"Vingårdsgatan 8, 117 58 Stockholm"
Fredrik Axelson Arkitektkontor AB,556346-5623,Telefon 070-814 06 87,"Fagerstrand 16, 165 71 Hässelby"
Green River AB,556346-5896,,"Stora Vägen 59, 475 45 Fotö"
Best Team Around Norden AB,556346-6365,Telefon 070-813 66 00,"Vallgatan 18, 456 51 Smögen"
Elan Design Aktiebolag,556358-2096,Telefon 08-731 82 71,"Sturevägen 7, 181 33 Lidingö"
LarsGöran Thambert Arkitekt Aktiebolag,556359-2681,Telefon 08-25 15 90,"c/o Svenska Standardbolag AB, Box 292, 791 27 Falun"
Crux AB,556364-1215,Telefon 072-245 92 27,"Allmänna Vägen 18 b, 414 60 Göteborg"
Mr Meadow AB,556365-7245,,"Rehnsgatan 22, 113 57 Stockholm"
ÅLE-Plåtslageri Aktiebolag,556366-8176,Telefon 08-618 04 70,"Tallbovägen 6 a, 737 90 Ängelsberg"
Byggtonvillan AB,556378-0500,Telefon 0372-240 46,"Odensjö-Ryd 1, 341 72 Lidhult"
Marketon Aktiebolag,556386-9758,Telefon 08-714 92 90,"Höjdvägen 19, 132 42 Saltsjö-Boo"
PARDINA Aktiebolag,556387-5953,Telefon 070-817 56 99,"Tunnlandsvägen 89, 168 36 Bromma"
Anla Arkitekt Förvaltning Aktiebolag,556388-0177,Telefon 08-679 90 60,"Alsnögatan 12, 116 47 Stockholm"
Jan Tellving Aktiebolag,556400-6343,,"Drottninggatan 92, 252 21 Helsingborg"
Shape Design Stockholm AB,556405-0390,,"c/o Citadellet Likvidationer AB (15958), Strandgatan 7, 185 32 Vaxholm"
La Parc Aktiebolag,556409-1394,,"Torkel Knutssonsgatan 33, 118 49 Stockholm"
Pettson Arkitektur och Snickeri Aktiebolag,556411-0186,,"Gröndalsvägen 48, 117 68 Stockholm"
Arkvision AB,556412-2157,,"Kyrkogatan 13, 745 31 Enköping"
Emma Imagine Interior AB,556412-8873,Telefon 073-685 24 50,"Norumsgärde 177, 417 45 Göteborg"
Anders Törnqvist Arkitektkontor Aktiebolag,556418-3142,,"Väggavägen 14, 374 30 Karlshamn"
FOJAB Exit Arkitektur AB,556422-6032,,"Hallenborgs Gata 1 a, 211 19 Malmö"
Ark & Väv Aktiebolag,556422-8988,,"Slottsgatan 4 a, 611 32 Nyköping"
Roger Nord Arkitektkontor Aktiebolag,556423-3616,Telefon 08-580 302 72,"Alphyddevägen 67, 131 35 Nacka"
Brunnberg & Forshed Förvaltnings Aktiebolag,556424-1049,Telefon 08-617 61 00,"Linnégatan 89 b, 115 23 Stockholm"
Aktiebolaget Ohlssons Tyger & Stuvar i Norrbotten,556424-9190,Telefon 090-70 14 04,"Gräddvägen 29, 906 20 Umeå"
Arkilag arkitekter Aktiebolag,556425-8217,,"Gånsvikshamn 141, 871 66 Härnösand"
Leif Leandertz Arkitektkontor Aktiebolag,556426-7713,Telefon 011-16 50 20,"Örtugsgatan 150, 603 79 Norrköping"
Momentum Form AB,556430-4441,Telefon 08-715 77 22,"Sandstensvägen 21, 167 64 Bromma"
Resurs Hantverkarna i Stockholm AB,556434-6988,Telefon 070-526 20 60,"Styrmansg. 52, Stockholm"
Z Arkitektkontor Aktiebolag,556442-2540,Telefon 08-508 660 20,"Odelbergsvägen 9, 120 47 Enskede Gård"
Skedevi Holding AB,556442-6459,Telefon 08-545 785 30,"Rålambsvägen 17 Plan 15, 112 59 Stockholm"
Vattensängsfabriken i Stockholm AB,556446-3742,,"Magnus Ladulåsgatan 29, 118 65 Stockholm"
Janark i Nyköping Aktiebolag,556449-4580,,"Östra Trädgårdsgatan 1, 611 34 Nyköping"
Wilquin Inredningar Aktiebolag,556449-7161,Telefon 08-442 93 43,"Drottninggatan 89, 113 60 Stockholm"
Berg & Berg Arkitekter Aktiebolag,556449-7922,Telefon 08-555 760 23,"Orrvägen 13, 135 53 Tyresö"
Kreark Arkitekter AB,556451-6754,,"Gräshoppevägen 3, 296 33 Åhus"
A Lindgren Energi Aktiebolag,556456-4309,,"Porsnäsvägen 56, 945 31 Norrfjärden"
Mayoho Make your home AB,556458-0453,Telefon 08-550 101 29,"Yngerstrand 1 Yngersnäs, 641 98 Björkvik"
Marie Ericsson Arkitektkontor Aktiebolag,556461-2728,,"Klangvägen 31, 224 72 Lund"
Davidson Billing Arkitekter AB,556462-2784,Telefon 070-924 45 05,"Havsfruvägen 31, 167 62 Bromma"
LaLena design & produktion AB,556466-2947,,"Östbo 925, 826 93 Söderhamn"
Aktiebolaget S.A. Ekelund & Co,556471-4979,,"Falkenbergsgatan 1 b Läg 1301, 432 51 Varberg"
Henrik Rundquist Arkitektkontor Aktiebolag,556478-3560,Telefon 08-545 132 80,"Renstiernas Gata 12 2, 116 28 Stockholm"
Cullberg Arkitektkontor Aktiebolag,556483-7861,Telefon 070-456 26 09,"Drottninggatan 31 1tr, 432 44 Varberg"
Enterprise Europe AB,556489-4854,Telefon 0297-410 11,"Hagvägen 32, 816 31 Ockelbo"
Famstri Topco AB,556490-1147,,"Nygatan 1, 542 37 Mariestad"
Johan Ahnborg Arkitektkontor AB,556490-4836,,"Törnrosvägen 15, 181 61 Lidingö"
Per Westerberg Aktiebolag,556490-9652,Telefon 070-815 67 56,"Sågvägen 36, 184 40 Åkersberga"
Hunnebåden Förvaltning AB,556494-1622,Telefon 031-69 07 30,"Sisjö Gibraltargatan 62, 412 58 Göteborg"
WARK AB,556495-4567,Telefon 031-10 13 70,"c/o Wingårdh Arkitektkontor AB, Kungsgatan 10 a, 411 19 Göteborg"
Movement Agency AB,556496-4269,Telefon 019-24 44 81,"c/o Wåhlström, Döbelnsgatan 51, 113 52 Stockholm"
Per Aase Aktiebolag,556497-6057,,"Rörstrandsgatan 27, 113 41 Stockholm"
Meter Arkitektur Aktiebolag,556506-0232,,"Södra Viktoriagatan 29 b, 411 25 Göteborg"
Read arkitekter AB,556506-2303,,"Norr Mälarstrand 90 4tr, 112 35 Stockholm"
Johan Linder Arkitektkontor Aktiebolag,556507-2229,Telefon 08-668 98 06,"Mjärdgränd 3, 116 68 Stockholm"
REFIA Aktiebolag,556507-5313,,"Skarpängsvägen 41, 187 41 Täby"
2KA 2 Karsman Arkitekter Aktiebolag,556507-8788,,"S:T Eriksg 33 Ög Iv, 112 39 Stockholm"
Arkiana Arkitektkontor AB,556515-8937,Telefon 08-791 99 44,"Turbinvägen 6, 131 60 Nacka"
Berndtsson arkitekter AB,556516-0909,Telefon 08-616 83 20,"Drottning Kristinas Väg 33 a, 114 28 Stockholm"
Shreddingers katt 16 AB,556517-8448,,"Triangelvägen 18, 122 32 Enskede"
Böving & Kinnmark Arkitektkontor Aktiebolag,556519-8057,,"Berghamnsvägen 39, 137 70 Dalarö"
CAEMdesign AB,556521-2270,Telefon 036-30 02 42,"Hokvägen 6, 567 32 Vaggeryd"
Per Osvalds Arkitekt AB,556521-2437,Telefon 031-41 61 03,"Järnbrottsgatan 34, 426 68 Västra Frölunda"
Lindsten&Vasa AB,556521-5851,Telefon 031-17 98 60,"Fallvägen 12, 423 38 Torslanda"
01 Moderna Badrumsrenoveringar AB,556523-4191,,Stockholm
CM ArchHold AB,556523-8077,Telefon 070-962 29 33,"Kastellgatan 12 a, 411 22 Göteborg"
Makalösa Compagniet AB,556526-5492,Telefon 031-16 56 20,"Alfagatan 22, 431 49 Mölndal"
SATSA b.r.a. Innovation Jönköping AB,556527-1466,Telefon 036-16 01 25,"Stattutgatan 14, 554 47 Jönköping"
S. O'Brien AB,556528-2422,,"Broddvägen 42, 136 73 Vendelsö"
Pär Svensson Arkitektkontor AB,556531-1445,Telefon 0380-734 10,"Storgatan 61 c, 571 33 Nässjö"
MONEA PROJECTS AB,556534-0055,,"Rensbo-Håvran 339, 776 92 Hedemora"
Bobet Aktiebolag,556535-7968,,"Kristianstadsgatan 16, 214 23 Malmö"
Ergate Design AB,556544-6464,,"c/o ERGATE FASTIGHETS AB, Tegnersgatan 10 Lgh 1301, 412 52 Göteborg"
Jonsson & Jonsson Arkitekter AB,556544-7710,,"Östgårdsvägen 11, 178 54 Ekerö"
Kaizen AB,556547-9127,,"Boo Strandväg 24, 132 36 Saltsjö-Boo"
Mirre Gustafsson & Co Interiör AB,556552-9822,Telefon 070-670 26 03,"Gibraltargatan 8, 411 32 Göteborg"
RIHAB SOLCELL AB,556554-7220,,"Sulfatvägen 8, 972 51 Luleå"
Columbi Medical Sweden AB,556557-6526,Telefon 070-973 39 40,Stockholm
Catharina Kärrbrand Mode & Design i Gbg AB,556563-4671,Telefon 031-702 14 21,"Golfbanevägen 37, 436 50 Hovås"
Garderobsmakarna AB,556564-6410,,"Vanadisvägen 5, 113 46 Stockholm"
Gümac Arkitekt/Ingenjörskontor AB,556567-8132,,"Sommarvägen 9, 616 33 Åby"
CCnord AB,556569-3438,,"Ringvägen 26, 187 70 Täby"
Malö Förvaltnings AB,556570-4664,,"Kungsviken 940, 473 99 Henån"
Michal P Arkitekter Aktiebolag,556572-9695,,"Klostervägen 9, 132 46 Saltsjö-Boo"
Johan Meisel Arkitektur AB,556573-1733,Telefon 073-663 11 56,"Erkenskroken 26, 120 54 Årsta"
GOTE BRON Aktiebolag,556577-9641,Telefon 031-68 35 68,"Ingrid Wallbergs Gata 63, 415 26 Göteborg"
Svante Bengtsson arkitektkontor AB,556580-9323,Telefon 08-33 90 80,"Kammakargatan 12 Bv, 111 40 Stockholm"
K.M. Camitz & Camitz AB,556581-3978,,"S:T Johannesgatan 23 e, 753 12 Uppsala"
Humla Marketing AB,556584-0898,,"Svampskogsvägen 15, 186 55 Vallentuna"
Lareke & Co AB,556586-4914,Telefon 040-46 70 44,"Hagagatan 16, 271 32 Ystad"
Petersdottir Arkitekter AB,556587-0770,Telefon 08-506 016 33,"Svarvargatan 1, 112 49 Stockholm"
Maghan Design AB,556587-1364,,"c/o Svenska Standardbolag AB, Box 292, 791 27 Falun"
Ellen Arkitekter AB,556587-4426,Telefon 070-713 20 96,"Vittravägen 28, 132 39 Saltsjö-Boo"
BTC INTERNATIONAL AB,556588-9705,,"Vikingavägen 17 d, 133 33 Saltsjöbaden"
WESTROW AB,556589-3889,,"Döbelnsgatan 51, 113 52 Stockholm"
Bygg Konsult TeG Aktiebolag,556590-3696,Telefon 0920-142 50,"Björnhällevägen 17 17, 975 95 Luleå"
Gynoform AB,556590-8570,Telefon 08-717 65 70,"Stora Vägen 3, 365 43 Kosta"
"AD, Analys & Design AB",556595-8575,Telefon 08-568 495 30,"c/o Welin, Genvägen 3 a, 835 31 Krokom"
Mandrake Arkitekter AB,556597-4515,Telefon 08-411 88 90,"Luntmakargatan 15, 111 37 Stockholm"
JA Ark Syd AB,556598-1171,Telefon 0455-807 00,"Stortorget 10 3tr, 371 13 Karlskrona"
Olov Gynt Arkitektkontor AB,556599-1121,Telefon 021-14 43 00,"Hantverkargatan 10, 722 12 Västerås"
Carlsson Belfrage arkitektkontor AB,556599-1352,,"Töpelsgatan 6 b 1 Tr, 416 55 Göteborg"
Maria Sahlstrand Arkitektkontor AB,556601-3362,Telefon 070-839 34 35,"Högbergsgatan 72, 118 54 Stockholm"
JL Arkitektur- och Byggprojektering i Malmö AB,556604-5984,,"Oxelvägen 7, 263 62 Viken"
Xnova AB,556604-8640,Telefon 073-811 30 50,"Sveavägen 22 Företagshuset, 544 50 Hjo"
Pär Larsson Förvaltnings Aktiebolag,556606-5412,,"Östra Ofors 44, 780 64 Lima"
Fojab coordinator AB,556607-1766,,"Hallenborgs Gata 1 a, 211 19 Malmö"
Castenfors Arkitekter AB,556611-2511,,"Saltsjögränd 5, 133 35 Saltsjöbaden"
KUB arkitekter AB,556611-8302,Telefon 031-10 56 50,"Drottninggatan 56 6tr, 411 07 Göteborg"
AB Sjuskrapan Holding,556621-3087,Telefon 070-521 00 23,"Ärenprisgatan 19, 416 52 Göteborg"
3Solutions AB,556631-3515,Telefon 08-519 701 14,"Krusenberg Ekshagarna 479, 741 76 Uppsala"
Gränsland Båtcharter AB,556634-6507,,"Klockaregatan 2, 452 30 Strömstad"
PODARCH AB,556634-9592,Telefon 070-799 84 88,"Skeppargatan 18 3tr, 114 52 Stockholm"
Ellsinger Arkitektkontor AB,556638-2494,Telefon 031-10 20 70,"Sotenäsvägen 9, 433 60 Sävedalen"
Creoform Development AB,556641-9080,,"Stenvägen 3, 734 32 Hallstahammar"
Conova Management AB,556648-3342,Telefon 031-88 79 90,"Smuttenvägen 5, 430 81 Köpstadsö"
Sandbergs Teknik och Byggkonsult AB,556649-5304,,"Kolonigatan 28, 671 50 Arvika"
Scandie of Sweden AB,556650-1630,,"Björnbergsvägen 8, 132 39 Saltsjö-Boo"
Good Afternoon Production AB,556650-1937,,"Lorichsvägen 5 d, 791 37 Falun"
Hofvenschiöld Arkitekter AB,556653-9283,Telefon 031-788 09 40,"Ölmanäs Ringväg 336, 439 52 Åsa"
Lolo Törnblom AB,556653-9531,Telefon 070-833 03 96,"Gotlandsgatan 76 a, 116 38 Stockholm"
Studio Form och design i Sverige AB,556660-4087,,"Grubbensringen 6, 112 69 Stockholm"
Kungsbro Consulting AB,556660-5225,,"Bergsbadsvägen 4, 585 77 Vreta Kloster"
twisted creatives AB,556663-2559,,"Gärdesgatan 10, 343 32 Älmhult"
Architects and Friends Lund AB,556664-5403,Telefon 073-396 96 31,"Kävlingevägen 34 a, 222 39 Lund"
Löfstrand arkitektkontor AB,556666-0097,,"Växelgatan 11, 826 40 Söderhamn"
PRESENZA AB,556666-4453,,"Erik Dahlbergsgatan 26, 115 32 Stockholm"
Censo Aktiebolag,556670-0075,,"Ängsstigen 6, 439 53 Åsa"
Liljekonvalj design och trädgård AB,556674-3125,Telefon 042-32 77 70,"Utskiftesvägen 20, 269 34 Båstad"
Promep Interiör Design AB,556674-9593,Telefon 08-756 02 86,"Persikogatan 50 3 Tr, 165 63 Hässelby"
Lundgrens Handymen AB,556677-4104,,"c/o Hendrik Lundgren, Åsgårdsvägen 30, 191 64 Sollentuna"
FRANDVIK AB,556679-9366,Telefon 070-557 47 48,"Sjövägen 3 Bingsmarken, 274 54 Skivarp"
Jaksa AB,556683-2852,,"Uppsalavägen 25, 193 34 Sigtuna"
Intentionelle AB,556684-4824,,"Sturegatan 16 b, 752 23 Uppsala"
Promineo Consulting AB,556685-1548,Telefon 073-381 68 98,"Västeråsgatan 5 4tr, 113 43 Stockholm"
Papagaio AB,556689-4357,Telefon 070-797 77 65,"Hammarby Slussväg 2, 118 60 Stockholm"
Gröna Porten Landskapsarkitekter AB,556691-6424,Telefon 0431-45 47 31,"Svenstorpsvägen 105, 266 98 Hjärnarp"
Scandinavia Invest Group AB,556692-9021,Telefon 031-724 43 43,"c/o VisionLine Future AB, Södra Långebergsgatan 20, 436 32 Askim"
Noreal AB,556696-2022,,Stockholm
Charlotta Kazi AB,556697-6972,Telefon 073-352 57 83,"Lilla Brogatan 9, 503 30 Borås"
Elinore Interiors AB,556700-6456,Telefon 070-857 00 17,Stockholm
Hewik AB,556703-1694,,"Valhallavägen 164, 115 24 Stockholm"
Björner & Co AB,556704-1578,Telefon 031-29 96 07,"Kyrkogatan 5 b, 433 75 Jonsered"
Q-Nowa Mälardalen AB,556704-5090,,"Jägaråsvägen 102, 736 93 Kungsör"
JAMES Jim Hagelin Arkitekt AB,556706-0172,Telefon 073-811 48 68,Norsborg
Källström Trä & Marin AB,556706-0552,,"Rösundavägen 4, 133 36 Saltsjöbaden"
Saarela Arkitektkontor AB,556708-2580,Telefon 016-12 43 07,"Åsvägen 54, 644 36 Torshälla"
0502Y Design AB,556712-0224,Telefon 076-006 93 91,"Loka Gränd 18, 702 28 Örebro"
Arkitektur Reform OL&JS AB,556714-3119,Telefon 070-583 97 05,"Lodbroks Väg 1, 237 31 Bjärred"
Invalidictorian AB,556714-3689,,"Solbacken 4, 139 36 Värmdö"
Limber Projects AB,556715-2904,Telefon 070-524 80 55,"Östersättra 8, 153 96 Mölnbo"
C.Nilsson Form AB,556715-3480,Telefon 0647-323 29,"Skeppargatan 18, 904 31 Umeå"
Stall Englagaard AB,556719-1258,,"Kyrkogatan 6, 274 34 Skurup"
Malin Åbergs Arkitektkontor AB,556723-0361,,"Göteborgsvägen 73 a, 433 63 Sävedalen"
Noviga Research AB,556725-0450,Telefon 070-850 36 50,"Box 270, 851 04 Sundsvall"
Culemand AB,556729-1157,,"Enebacken 6, 471 33 Skärhamn"
Origin places AB,556730-0479,Telefon 070-833 65 89,"Polhemsgatan 25, 112 30 Stockholm"
SWEDIEC GROUP AB,556733-1482,Telefon 070-587 73 70,"Skeppar Karls Gränd 14 a, 871 34 Härnösand"
Staffan Holfelt Arkitekter AB,556735-4930,,"Krabbvägen 12, 269 78 Torekov"
Slutplattan HAMLO 127130 AB,556737-6883,,"Kungstorget 2, 411 17 Göteborg"
Drista Holding AB,556738-4606,Telefon 031-20 50 00,Göteborg
La Pelota Fastigheter AB,556739-0231,,"Munkerödsvägen 4 a, 444 32 Stenungsund"
Smånsk AB,556739-7061,,"Bältgatan 7, 252 71 Råå"
Glamliving AB,556743-8428,Telefon 073-030 00 00,"c/o Robert Glamin, Drivhusgatan 8, 254 74 Ödåkra"
Evata Development AB,556744-1679,,"Katarina Kyrkobacke 8, 116 20 Stockholm"
Mr Bennis AB,556746-3376,,Stockholm
Bara Fördelar Aktiebolag,556747-7681,Telefon 070-861 02 79,"c/o Liebert, Kastellgatan 12 a, 411 22 Göteborg"
Fastighetsbolaget Luben AB,556750-3452,,"Mallslingan 8, 187 66 Täby"
Architects and Friends Helsingborg AB,556751-4087,,"Örtagårdsgatan 54, 254 50 Helsingborg"
Rue de Cambon AB,556752-3484,,"Sjökullens Väg 5, 133 35 Saltsjöbaden"
Hoppsan Design AB,556752-4722,Telefon 031-88 05 58,"Analysvägen 1, 435 33 Mölnlycke"
Robert Palm Fastighetsförmedling AB,556753-4127,Telefon 08-410 432 90,"Klöver Vägen 4, 133 36 Saltsjöbaden"
Floristerna Åre AB,556754-8051,Telefon 070-300 78 05,"Västergårdsvägen 20, 475 37 Bohus-Björkö"
Actio AB,556754-9679,,"Kungsgatan 2 Bv, 572 30 Oskarshamn"
Jonas Lilja Design AB,556756-3472,Telefon 0155-21 80 30,"c/o LILJA-STENHOLM, Tallbovägen 6 a, 737 90 Ängelsberg"
Utemiljögruppen i Sundsvall AB,556757-1988,,"Rubinvägen 1, 852 40 Sundsvall"
Mats Hansson Arkitektkontor AB,556757-3521,,"c/o MATS HANSSON, Skräddargränd 2 a, 111 27 Stockholm"
ZQT Landrelations AB,556758-7109,Telefon 070-550 49 56,"Strandvallen 1, 805 95 Gävle"
Björk Group AB,556758-9584,Telefon 031-339 03 90,"Stampgatan 8 3tr, 411 03 Göteborg"
La Ville arkitekter AB,556759-9500,,"Sankt Eriksgatan 106, 113 31 Stockholm"
Villemera AB,556760-1363,Telefon 070-876 81 11,Stockholm
Living Design Holding Stockholm AB,556761-3566,,"Brovägen 1, 182 76 Stocksund"
Beauty Fuel AB,556764-2326,,"Pålsundsgatan 3 a, 117 31 Stockholm"
Campus Arkitekter AB,556764-7317,,"Katarina Västra Kyrkogata 8, 116 25 Stockholm"
ORIGO arkitekter Holding AB,556767-5375,,"Parmmätargatan 5, 112 24 Stockholm"
arconi projektering AB,556769-2909,,"Stationsgatan 1, 871 45 Härnösand"
Emil & Herman AB,556769-6546,,"Aschebergsgatan 35, 411 33 Göteborg"
SWETEC Fastighetsservice AB,556770-4035,Telefon 08-550 045 00,"Snickarvägen 13, 132 38 Saltsjö-Boo"
escandi AB,556770-6717,Telefon 070-684 28 81,"Vakthundsvägen 12, 231 92 Trelleborg"
Vicklebo AB,556771-0347,,"Follingbo Hagvards 284, 621 91 Visby"
Anette & Björn Schumacher Aktiebolag,556773-4081,,"Hornsgatan 60, 118 21 Stockholm"
Cecilia Steen Arkitekt AB,556773-7324,,"Örgryte Stomgata 24, 412 67 Göteborg"
TIME2CREATE AB,556773-7407,,"Öresjövägen 6 a, 269 36 Båstad"
cbolabs AB,556776-4898,Telefon 0431-36 32 03,"Wulffs Gata 7, 269 77 Torekov"
ÅF Design i Jönköping AB,556778-5539,Telefon 073-156 13 88,"Notdragargatan 5, 566 35 Habo"
Ciceron Project Management AB,556780-5378,Telefon 08-555 150 90,"Repslagargatan 15 b, 118 46 Stockholm"
Done Doer 217 AB,556782-7885,Telefon 031-15 10 20,"Tillfällavägen 15, 433 63 Sävedalen"
Scapa Flow AB,556784-1563,Telefon 070-941 59 71,"Nybrogatan 16, 114 39 Stockholm"
Egedius & Co AB,556787-2584,,"Höggårdsvägen 4, 181 57 Lidingö"
Propå Projekt AB,556788-4878,,"Linnégatan 56, 413 08 Göteborg"
Hugg Design AB,556789-0263,,"Berglärkan 29, 426 69 Västra Frölunda"
Aediculae AB,556790-0740,,Stockholm
Kellermats arkitektur AB,556790-4445,,"Brunflovägen 40, 831 44 Östersund"
Home of Happiness AB,556791-2687,Telefon 08-777 41 01,"Kvarntorpsvägen 14, 136 47 Haninge"
6-Eyes AB,556792-4591,,"Korgbollsvägen 6, 151 59 Södertälje"
AS DESIGN Möbler AB,556794-7170,,"Rabovägen 7, 816 30 Ockelbo"
CH Concept AB,556797-4174,,"Kustgatan 12, 414 56 Göteborg"
Lawless-Adams architects Sweden AB,556800-8816,Telefon 073-059 54 27,"Södra Långvägen 45, 443 38 Lerum"
Imatematik AB,556802-2981,Telefon 070-776 50 33,"Hospitalsgatan 4 b, 211 33 Malmö"
Style for Life AB,556804-7269,,"Tingsgatan 21, 661 40 Säffle"
Lekfull Design AB,556804-8481,,"Porfyrstigen 20, 196 33 Kungsängen"
Sujeewa AB,556806-0692,,"Flåhackebacken 24, 135 33 Tyresö"
Garden by Anna Carolina AB,556808-3595,,"Hesselmans Torg 5 4tr, 131 54 Nacka"
Göran Olsson Arkitektfirma Aktiebolag,556809-6001,,"Dellensvägen 7, 120 58 Årsta"
Interia AB,556810-0316,,"Prästvägen 26, 141 42 Huddinge"
AB Quality Architects i Sverige,556812-0520,,"Kungsängsgatan 23, 753 22 Uppsala"
Teicom Group AB,556812-5248,Telefon 070-021 30 15,"Övre Östergårdsvägen 36, 433 76 Jonsered"
Storesund Arkitektkontor AB,556814-8943,,"Mörbyhöjden 20 8tr, 182 32 Danderyd"
Tkjc - Service AB,556815-9130,,"Tallstigen 7 a, 146 40 Tullinge"
LCE i Linköping AB,556818-0177,,"Nätvingestigen 18, 587 29 Linköping"
BASC O Interiör AB,556819-6355,,"Idsättratorpsvägen 29, 184 70 Åkersberga"
Charlotta Hülphers interiör AB,556819-7601,Telefon 073-513 66 05,"Borgvägen 28, 192 55 Sollentuna"
AR Arkitekter AB,556820-5818,Telefon 073-961 44 42,"Mattvägen 7, 168 74 Bromma"
JoAnnTanStudio AB,556823-1434,Telefon 08-762 83 83,"Lästmakargatan 18, 111 44 Stockholm"
Måleri & Design Oskarshamn AB,556823-4479,Telefon 0491-135 95,"Slottsgränd 3, 572 55 Oskarshamn"
Appelquist Architect AB,556824-9873,,"Karlbergsvägen 52 Lgh 1404, 113 37 Stockholm"
Milton House Rådgivning AB,556825-2158,,"Nabbavägen 52, 263 72 Skäret"
Blå Arkitekturdesign i Malmö AB,556825-3610,,"Kattegattsvägen 16 b, 432 50 Varberg"
Fanellie AB,556825-7397,,"c/o Prokab, Box 4298, 203 14 Malmö"
UNP Fastigheter AB,556827-9649,Telefon 08-545 478 80,"Karlbergsvägen 55, 113 35 Stockholm"
Setterberg & Stibeck Partners AB,556829-2980,,"Brantingsgatan 48 Nb, 115 35 Stockholm"
Xclbr Arkitekter AB,556829-3004,,Åkersberga
Helhetshus Arkitektstudio i Sverige AB,556829-9969,Telefon 031-711 12 15,"Surbrunnsgatan 6, 411 19 Göteborg"
Forma Natura AB,556830-9099,,"Rektor Cullbergs Väg 11, 193 35 Sigtuna"
ByteNet AB,556831-4891,,Norrköping
Åsberg Interiör & Styling i Göteborg AB,556832-8271,,"Stensprängaregatan 16, 426 68 Västra Frölunda"
KeeSo AB,556833-5474,,"Erikslundsvägen 5, 973 42 Luleå"
Framtidsstaden Kungshatt AB,556835-3808,,"Bågvägen 3, 181 46 Lidingö"
JOJ AB,556836-1843,,"Storgatan 27, 972 32 Luleå"
Skärhamns Hem AB,556836-8541,,"Krabbevägen 3, 471 33 Skärhamn"
Ankarhagen AB,556838-3532,,Stockholm
CA Arkitektur AB,556839-3911,,"Fredrikshögsgatan 14, 903 36 Umeå"
Willfox Design & Development AB,556839-6484,,"Bispberg Herrgård Bispberg 160, 783 90 Säter"
NS GERGER AB,556840-0757,,"Attundavägen 2 Lgh 131, 183 34 Täby"
Costa den Blanes AB,556841-1432,,"Bülow Hübes Väg 14, 216 18 Limhamn"
Totalhälsa i Skandinavien AB,556844-4581,,"Norra Agnegatan 40, 112 29 Stockholm"
Creationista Aktiebolag,556845-4226,,"Parkslingan 26, 178 51 Ekerö"
Styleby Lovesand AB,556846-1700,,"Svartmesvägen 4, 178 39 Ekerö"
FLASH OF GENIUS AB,556847-3119,Telefon 076-146 79 30,"Riddersviksvägen 172, 165 72 Hässelby"
Scandinavia 24 AB,556847-4422,Telefon 031-68 03 50,"Vasagatan 58, 411 37 Göteborg"
Lindfors Invest AB,556848-1377,,"Götavägen 1, 132 37 Saltsjö-Boo"
Made Up North AB,556849-7407,,"Olaigatan 49, 703 61 Örebro"
EN Elizeh Design & Styling AB,556852-6916,,"c/o Nikholm, Viskarhultsvägen 87, 515 35 Viskafors"
Pishgam AB,556853-5933,Telefon 08-534 210 70,"Öregrundsgatan 18 Lgh 1404, 115 59 Stockholm"
A. S. Homeyard AB,556854-8506,,"Gamla Gatan 4, 703 61 Örebro"
Hans Murman Fastighetsutveckling AB,556855-0783,,"Bastugatan 33, 118 25 Stockholm"
UAE Arkitekthus AB,556855-8588,,"Nygårdsvägen, 512 65 Mjöbäck"
Inredningshuset Storavägen AB,556856-0725,,"c/o TIMOTHY GULLBERG, Swedenborgsgatan 30 a, 554 48 Jönköping"
Geton Consulting Aktiebolag,556860-6650,,"Lupinvägen 38, 165 70 Hässelby"
Studio C Jarvas AB,556861-0165,,"Paivljongvägen 2, 132 40 Saltsjö-Boo"
AB Elisabet Elfström,556862-0438,Telefon 070-271 19 70,"Ekehjelmstorget 12, 118 54 Stockholm"
Manosen AB,556862-1931,,"Övre Golfvägen 32, 335 72 Hestra"
Inredning och styling by LR Aktiebolag,556863-2730,,"c/o ANETTE ANNEROTH, Sibyllegatan 44, 114 43 Stockholm"
Obdominus AB,556864-3729,,"Storgatan 41, 903 25 Umeå"
Zander Invest AB,556865-0047,,"Kumla Allé 39 b, 135 53 Tyresö"
BLOMBERG ARKITEKTER AB,556865-5830,Telefon 073-615 05 28,"Trekantsgatan 10, 418 75 Göteborg"
Eliving AB,556868-5571,Telefon 026-14 17 00,"Nobelvägen 2, 802 67 Gävle"
A Ristori i Göteborg AB,556869-8376,,"Föreningsgatan 41, 411 27 Göteborg"
Jesper Husman AB,556870-3903,,"Ravalsvägen 24, 192 67 Sollentuna"
Agila Bron AB,556871-5493,,"Gamla Vägen 7, 170 74 Solna"
Lyftbågen Sverige AB,556872-7605,,"Mossvägen 3, 178 38 Ekerö"
Spinni Plus AB,556873-0427,,"Norra Neptunigatan 23, 211 18 Malmö"
Fredsgatan 12 Nynäshamn AB,556873-8172,,"Hamngatan 9 c Lgh 1203, 149 31 Nynäshamn"
Trädgårdsbyrån AB,556873-8321,,"Viborgska Vägen 12, 122 37 Enskede"
Ferrali Holding AB,556874-9856,,"Brusewitz Väg 23, 136 49 Vega"
Very Very Gold Aktiebolag,556876-3048,,"c/o MM Motivator AB, Storavägen 37, 365 43 Kosta"
Arch Trans Consulting AB,556877-8418,,"Birkagatan 25, 113 39 Stockholm"
MALEVIK DESIGN AB,556877-8756,,"Bröndomevägen 167, 434 79 Vallda"
Slutplattan HAMLO 126848 AB,556878-5348,,"c/o Bolagsstiftarna AB, Box 12086, 402 41 Göteborg"
H&J ARKITEKTER INGENJÖRER AB,556879-7087,,"Slipvägen 17, 973 41 Luleå"
No Speed AB,556882-0046,,"Mariedalsvägen 5, 832 51 Frösön"
J Lindberg konsult och projektering AB,556882-4634,,"Geometrivägen 5, 141 75 Kungens Kurva"
Fastighetsbyrån TSM AB,556886-2642,,"Tingaröd 92, 274 53 Skivarp"
AM Wengelin Förvaltning AB,556886-7765,,"c/o Bokförarn, Olbergavägen 15, 734 92 Hallstahammar"
Östermalms Kommisions Company AB,556886-9514,,Stockholm
Squidpix AB,556887-4167,,"Tegelgatan 15 1001, 703 41 Örebro"
Tridentic adAstrae AB,556887-5800,Telefon 070-838 98 46,"c/o Tridentic Holding AB, Box 3029, 400 10 Göteborg"
Råbom Design AB,556888-4752,,"Kålhagsgatan 32 a, 824 52 Hudiksvall"
grön linje arkitektkontor AB,556888-6344,,"Kungälvsgatan 3 c, 416 69 Göteborg"
A & A Ekholm Arkitektkontor AB,556890-1390,,"Spårsnögatan 37, 226 38 Lund"
WAXBERG ARKITEKTKONTOR AB,556891-2561,,"Lennart Torstensons Gata 10, 541 51 Skövde"
Monkeyplay AB,556891-2892,,"Dalagatan 43, 113 23 Stockholm"
Roomish AB,556892-1752,,Örebro
Gammelhammaren AB,556892-5399,Telefon 026-62 40 30,"Södra Skeppsbron 35, 802 86 Gävle"
Carlquist & Fenger Arkitekter AB,556892-9896,,"Starrbäcksgatan 1 5tr, 172 74 Sundbyberg"
Grane Inredning & Miljö AB,556895-3912,,"Färgaregatan 8, 441 30 Alingsås"
JKM Design AB,556895-8531,,"Höljesvägen 50, 680 65 Höljes"
Laido AB,556896-2210,Telefon 073-385 91 68,"Box 20069, 161 02 Bromma"
Street Monkey Architects AB,556896-6948,,"c/o Bolagspartner avveckling, Box 1067, 221 04 Lund"
Studio Gronverket AB,556898-1780,,"Brunnsåkersbacken 2, 645 93 Strängnäs"
SUBdesign AB,556899-9394,,"c/o Företagssupport i Solna AB, Box 7018, 170 07 Solna"
Archiplan AB,556900-2248,Telefon 076-166 46 47,Örebro
VON OCH COMPANY Aktiebolag,556902-0489,,"Rosengatan 5 a, 413 10 Göteborg"
"Swedes, Svante Westergren Design AB",556903-1528,Telefon 08-652 56 80,"Vilans Väg 3, 182 35 Danderyd"
Desite AB,556903-5297,,"Godhemsgatan 25a, Lgh 1201, 414 70 Göteborg"
CC Living AB,556904-0917,,"Västra Ringvägen 36, 802 67 Gävle"
YCA Filmproduktion AB,556904-3010,,"c/o Ylva Axell, Långa Raden 7, 178 93 Drottningholm"
Pecabo AB,556905-2565,,"Östermalmsgatan 72 2 Tr, 114 50 Stockholm"
JDH Asteri AB,556906-9643,,"c/o JIMMY DIMITRI HENRICSON, Bergsgatan 51 Lgh 1607, 112 31 Stockholm"
Dina Rum Stockholm AB,556907-0914,,"c/o ERIKSSON, Grev Turegatan 65 Lgh 1202, 114 38 Stockholm"
People & Leadership AB,556907-2993,,"Malungsvägen 29, 167 75 Bromma"
Anna Bülow Homestaging & Inredning AB,556908-2547,,"Sjömansgatan 7, 413 15 Göteborg"
Vindögat Arkitekter AB,556908-7470,,"Sturehillsvägen 22 Lgh 1603, 117 56 Stockholm"
JHF i Borås AB,556909-0730,,"Skolgatan 21, 503 33 Borås"
Gamla Enskede Inredning Aktiebolag,556909-7222,Telefon 072-329 17 15,"Stockholmsvägen 19, 122 62 Enskede"
Larsson Fysioterapi & Konsult AB,556909-9061,,"Doktor Abelins Gata 2, 118 53 Stockholm"
Kanozi Sverige AB,556910-8847,,"Järntorget 3, 413 04 Göteborg"
Petra Arkitektur AB,556910-9977,,"Mälarvägen 6, 756 53 Uppsala"
Andreas Palme Arkitektur i Stockholm AB,556913-1831,,"Fyrverkarbacken 21, 112 60 Stockholm"
Wahlström Arkitektur AB,556913-1856,,"Fyrverkarbacken 21, 112 60 Stockholm"
CJ Allkonsult AB,556913-5188,,"Ölme Lerdala 1, 681 94 Kristinehamn"
Johan Granqvist AB,556913-8125,,"Fyrverkarbacken 21, 112 60 Stockholm"
Josefine Dofs Holding AB,556914-0469,,"Brädstigen 2, 784 77 Borlänge"
Kyl och Bygg Skåne AB,556914-5617,,"Gjutformsgatan 8 a, 216 48 Limhamn"
Brand for Sale Ridderstad AB,556915-9253,,"c/o ANETTE RIDDERSTAD, Lövhammarsvägen 34, 444 46 Stenungsund"
CJM Sundell AB,556916-9625,Telefon 070-602 76 75,"Sankt Persgatan 10, 193 32 Sigtuna"
CRT Arkitektur AB,556917-8170,,"Lillsandavägen 14, 645 93 Strängnäs"
Sweark AB,556917-8337,,"Vilans Väg 3, 182 35 Danderyd"
CVF Interior AB,556919-7683,,"Lillmossevägen 12, 663 42 Hammarö"
Mikael Paul Consulting AB,556921-3373,Telefon 070-913 14 45,"c/o MIKAEL PAUL, Raffinadgatan 4 Lgh 1701, 222 35 Lund"
SPH Form AB,556924-4733,,"Topeliusgatan 1 1002, 412 68 Göteborg"
Happiest AB,556927-0530,,"Cedergatan 42, 426 74 Västra Frölunda"
Studio Ljung & Ljung AB,556928-3301,,"Skolgatan 3 b, 172 31 Sundbyberg"
Gadast AB,556928-9613,,"c/o Gadast bygg ab, Sandslåvägen 3, 862 33 Kvissleby"
J Ekdahl Konsult i Lindås AB,556928-9852,,"Lagmanshaga Talludden 1, 514 55 Ljungsarp"
Måleri Fina Hem i Värmland AB,556929-0363,,"Aplungstorp 1, 665 92 Kil"
ITSA Holding AB,556929-4696,,"Parkvägen 7 c, 903 42 Umeå"
Wood People AB,556929-7731,,"Alviksvägen 194, 167 65 Bromma"
M2G Konsult AB,556931-4296,,"Västra Derome 13, 432 68 Veddige"
Björnvägen Holding AB,556931-6564,,"Formvägen 9 b, 906 21 Umeå"
Matilda Lindblom Design och Inredningsarkitektur AB,556931-8081,Telefon 073-352 70 44,"Herrgårdsvägen 20, 331 97 Värnamo"
Murman Fastighetsutveckling AB,556931-8453,,"Peter Myndes Backe 12, 118 46 Stockholm"
Schott Adamietz Arkiform AB,556932-2778,,"Bäckavägen 8, 152 55 Södertälje"
Green Arkitekter AB,556933-7289,,"Anders Sadelmakares Gränd 4, 239 35 Skanör"
Mässing Invest AB,556933-7859,,"Kungsgatan 59, 111 22 Stockholm"
Inbrix AB,556935-4276,,"Sjöhagsvägen 29 a, 125 53 Älvsjö"
FALK arkitektur & projektutveckling AB,556937-3243,Telefon 070-588 66 33,"Källbacken 12 a, 129 40 Hägersten"
Korzan AB,556938-5494,Telefon 08-578 771 00,"c/o Vahid Khorrami Asl, Blyvägen 19, 176 74 Järfälla"
Pincello AB,556939-7101,,"Övre Majorsgatan 14 a, 413 06 Göteborg"
Skapligt AB,556940-1333,,"Industrigatan 6, 621 43 Visby"
Scanditale AB,556940-2083,Telefon 08-756 39 98,"Fasanvägen 21 b, 192 55 Sollentuna"
GlobalVent AB,556941-5879,,"c/o Ugn Restaurangkoncept AB, Kocksgatan 19, 116 24 Stockholm"
Elisabeth N AB,556943-1033,,"Limavägen 8, 167 76 Bromma"
EcoCycleDesign KN AB,556944-6502,,"Kaktusvägen 10, 426 69 Västra Frölunda"
Eva Brodén Lindkvist Holding AB,556945-4654,,"Sibyllegatan 33, 114 42 Stockholm"
Brandbroker AB,556946-1444,,"c/o Kihlstedts Advokatbyrå HB, Box 136, 601 03 Norrköping"
Oddshammar Group AB,556947-3803,Telefon 072-709 57 37,"Vårliden 18, 135 61 Tyresö"
Enkel Inredning i Onsala AB,556947-6483,,"Fjordvägen 6, 439 31 Onsala"
KS-ARK AB,556952-4779,,"Kungsvägen 2, 191 48 Sollentuna"
SC Arkitektur och Planering AB,556952-5669,,"Love Almqvists Väg 4 a, 112 53 Stockholm"
Mint Inredning Holding AB,556952-5925,,"Stortorget 4 e, 831 30 Östersund"
Kurretäppan Invest AB,556954-5121,,"Valhallavägen 131 Lgh 1601, 115 31 Stockholm"
Gartella AB,556955-8058,,"Värmdövägen 730, 132 35 Saltsjö-Boo"
Såkes Allinredning AB,556956-1839,,"Skogsgatan 14, 915 31 Robertsfors"
Caleda AB,556957-3636,,"Hotellplan 6, 760 19 Furusund"
Ludvig Karin Viktor AB,556958-7461,,"Högadalsstigen 1, 431 69 Mölndal"
Snaffle Interior AB,556959-5852,,"Söderled 14 c, 192 73 Sollentuna"
The Nordic Minds AB,556959-8666,,Gustavsberg
Lott's of Sweden AB,556960-4183,,"Johannelundsgatan 2, 426 77 Västra Frölunda"
P. Ehlenberg AB,556961-9959,,"Stora Nygatan 53, 211 37 Malmö"
S3R design AB,556962-8307,,"Esbjörnarp 10, 561 92 Huskvarna"
Groundup Capital AB,556963-2572,,"Liljeholmsvägen 32 Lgh 1705, 117 61 Stockholm"
Björn Skaldemans Marin & Maskin AB,556963-9551,,"Brunnemyrsvägen 6 b, 451 55 Uddevalla"
Bruise Brothers Trading AB,556964-2480,,"Råsundavägen 110, 169 50 Solna"
Hönö Tourist & Fishing AB,556965-5847,,"Dörjevägen 12, 475 45 Fotö"
Salvantum Holding Två AB,556967-1885,,"Rya-Backgarden, 545 95 Moholm"
Anders-Persgården i Järvsö AB,556967-2420,,"Alpvägen 7 a, 827 50 Järvsö"
Elin Viljestrand AB,556969-4903,,"c/o Elin Viljestrand, Källtorpsvägen 73, 136 70 Vendelsö"
Damgaard & Döttrar AB,556970-7192,,"Trumslagargatan 4, 125 34 Älvsjö"
MaGin Consulting AB,556971-0196,,"Bofinksvägen 52, 585 95 Linköping"
Blurred Lines AB,556971-7688,,"Fortvägen 112, 187 68 Täby"
Genuint af Norrland AB,556972-0096,,"Kassjö 10, 905 93 Umeå"
Tobias Kök & Design Holding AB,556973-6027,,"Stockholmsvägen 35, 194 61 Upplands Väsby"
GOMA Bokultur AB,556973-8528,,"Tagenevägen 2, 422 59 Hisings Backa"
Holms Byggteknik AB,556975-0259,,"Vikingabacken 1, 836 71 Ås"
"Scandinavian ark, form and design AB",556976-6966,,"Revingegatan 19 a Lgh 1101, 223 59 Lund"
SEIT AB,556977-1602,,"Låckeredsvägen 18, 462 61 Vänersborg"
LandLab Arkitektur AB,556977-9662,,"c/o Advokatbolaget, Stationsgatan 12, 931 31 Skellefteå"
Storyark Arkitektur & Byggnadsvård AB,556978-7921,,"Stureparken 3, 114 26 Stockholm"
Julia Lauritzen AB,556980-5350,,"Ålandsgatan 3, 411 32 Göteborg"
Arctic factory AB,556980-6564,,"Siegrothsvägen 8, 642 60 Malmköping"
Skepparhagen AB,556980-7059,Telefon 076-629 69 90,"Högbovägen 12 a, 178 38 Ekerö"
01 Moderna Bad AB,556981-0772,,Stockholm
HLO Innovations AB,556982-9715,,"Gotenhofsgatan 4 Lgh 1002, 621 58 Visby"
Asige Optio AB,556983-3121,,"Asige 118, 311 67 Slöinge"
LeiLai AB,556985-3046,,"Allmogevägen 25, 163 45 Spånga"
AsaDuru AB,556988-3118,,"Harpsundsvägen 78, 124 58 Bandhagen"
Anna Hrdlicka AB,556989-0220,,"Lothargatan 18, 621 58 Visby"
Stwosquare AB,556990-3932,,"Björnvägen 10, 181 50 Lidingö"
Bert Andersson Holding AB,556990-7578,,"Ölandsgatan 9, 262 43 Ängelholm"
4 Fix AB,556991-1133,,"c/o Hasselberg, Nolhöjdsvägen 21, 423 63 Torslanda"
C. Amundin AB,556991-1992,,"Herman Ygbergs Väg 10 Lgh 1102, 167 61 Bromma"
Serendipity Humlan AB,556991-5431,,"Tångrevsvägen 1 e, 302 39 Halmstad"
"Nordic Track, Bridge & Tunnel AB",556993-7401,,"Barken Beatrices Gata 2, 417 60 Göteborg"
Basilica Homes AB,556993-9753,,"Hammarby Kaj 18, 120 30 Stockholm"
Nyquist Holdings AB,556994-3813,,"Gråbrödersgatan 4 Lgh 1301, 211 21 Malmö"
Urban Skogmar Arkitektur AB,556994-8101,,"Fredagsgatan 7, 216 19 Malmö"
Wallgren Arkitekter AB,556997-2689,,"Stapelbäddsgatan 18, 211 75 Malmö"
Tågaliden Förvaltning AB,556997-4909,,"Tågaliden 16, 302 93 Halmstad"
Arrgh AB,556997-7290,,"Söderkroken 39, 181 65 Lidingö"
CAVITERA AB,556998-0625,,"Bjärevägen 84, 262 61 Ängelholm"
Lars Magnusson LM Holding AB,556999-2414,,"Upplandsgatan 22, 113 60 Stockholm"
Osseus AB,559000-4148,,"Västerled 6 b, 192 73 Sollentuna"
Reform Arkitekter OL&MB AB,559000-4932,,"Lodbroks Väg 1, 237 31 Bjärred"
Åse Andersson Konsult AB,559000-9675,,"Enköpings-Näs-Väppeby 27, 745 92 Enköping"
Tell Investment AB,559001-0608,,"Odengatan 49, 113 51 Stockholm"
God Arkitektur Granljung AB,559001-3545,,"Trollstigen 20, 972 51 Luleå"
Arkitekt Perlau AB,559003-1687,,"Gamla Kyrkogatan 7, 261 31 Landskrona"
J&M Ritservice AB,559003-2388,,"Kuggåsvägen 15, 383 33 Mönsterås"
What's on top AB,559003-2578,,"Hasseluddsvägen 139, 132 39 Saltsjö-Boo"
Move to success AB,559003-2586,,"Strindbergsgatan 44, 115 31 Stockholm"
topxam AB,559004-7279,,"Södra Förstadsgatan 23 a, 211 43 Malmö"
SuperDuper AB,559005-0190,,"Johan Olof Wallins Väg 17, 171 64 Solna"
CAASI HILOR AB,559005-0216,,"c/o Isaac Haag, Södra Örjansvägen 32, 433 50 Öjersjö"
Hos Sara Frisör AB,559005-6759,,Stockholm
Wondell Project AB,559006-8671,,"Närlundavägen 3, 178 32 Ekerö"
Orangeriet Nella Foresta AB,559007-1469,,"Västanby Skogsbrynet 4027, 716 93 Fjugesta"
Persson Ljus & Arkitektur AB,559007-1543,,"Erstagatan 19 Lgh 1501, 116 36 Stockholm"
Byrån för Arkitektur och Konstruktion Stockholm Hongkong AB,559007-3598,,"Borgarfjordsgatan 3, 164 40 Kista"
Emil Alcut AB,559008-5360,,"c/o Processjuristerna, Box 7628, 103 94 Stockholm"
FIRST family & friends AB,559012-1819,,"Klostergatan 25, 645 30 Strängnäs"
Ebba Bonnier AB,559012-2718,,"c/o EBBA BONNIER, Lokevägen 25 e, 182 61 Djursholm"
elimech AB,559013-2956,,"Flugsnappargatan 10, 724 72 Västerås"
House 2 Home AB,559013-8078,,"Fagerstrand 71 b, 165 71 Hässelby"
Gimdal Holding AB,559013-9456,,"Södra Borgvägen 29, 441 74 Sollebrunn"
Lusitan Architecture AB,559017-2283,,"Sankt Eriksgatan 41 B0109, 112 34 Stockholm"
Garden Design Saltsjöbaden AB,559017-9981,,"Freyvägen 14, 133 38 Saltsjöbaden"
Andersson & Falk AB,559018-3942,,"Essingestråket 37, 112 66 Stockholm"
Done Doer 249 AB,559018-5806,,"Tillfällavägen 15, 433 63 Sävedalen"
L2 Estate AB,559019-1119,,"Kristinelundsvägen 14, 186 52 Vallentuna"
Pixero AB,559019-3834,,"Malmborg Drottninggatan 88 f, 111 36 Stockholm"
Puskás Arkitekter AB,559019-7728,,"Skördevägen 11, 141 70 Segeltorp"
Arkitekt Odd Aanesen AB,559020-0084,,"Björnen Örnen 36 b, 837 97 Åre"
Stiligt Gruppen Aktiebolag,559020-2924,,"Kungsladugårdsgatan 113 b, 414 76 Göteborg"
Nulltj Design AB,559020-8574,,"c/o Johanna Rosenberg, Härön Tryckhålet 197, 471 90 Kyrkesund"
Nojiri Förvaltning 1 AB,559021-2055,,"Svartbäcksgatan 10, 753 20 Uppsala"
Langfeldt & Jensen Villa AB,559022-1064,,"Solglimtsvägen 8 a, 423 53 Torslanda"
J-Haglund Interiör & Consult AB,559024-3134,,"Johannas Väg 3, 512 91 Sexdrega"
M4T Markim AB,559026-2597,,"Postiljonsvägen 33, 122 47 Enskede"
KOLAAS LANDSKAPSARKITEKTUR Aktiebolag,559026-7307,,"Tunnbindaregatan 4, 227 36 Lund"
Almdy Fastighetsutveckling AB,559027-8817,,"Vidkärrsvägen 51, 442 50 Ytterby"
Vallmona AB,559027-9757,,"Knäpparvägen 12, 125 57 Älvsjö"
Front Foot Consulting AB,559028-6836,Telefon 070-799 91 58,"Cirkusstigen 5, 603 83 Norrköping"
Petal Fastigheter AB,559030-2542,,"Sollentunavägen 163 c, 191 47 Sollentuna"
Melin och Melin Arkitekter AB,559032-4918,,"Bärstavägen 32, 663 44 Hammarö"
Kröhnert Fastigheter AB,559035-7561,,"Norra Rosenbergsgatan 12, 426 76 Västra Frölunda"
Galaxy Rekreation AB,559036-4047,,"Box 49151, 100 29 Stockholm"
Graf mfl management & fastighetsutveckling i Stockholm AB,559037-5175,,"Tulegatan 20, 113 53 Stockholm"
Åre Hills AB,559038-2098,,"Lillskogsvändan 17, 139 54 Värmdö"
Happy Architects AB,559038-5612,,"Urdavägen 6, 554 47 Jönköping"
Gröna stugan Förvaltning AB,559038-8715,,"Centralgatan 58, 149 40 Nynäshamn"
Therese Wessling AB,559039-9829,,"Skinnarbastuvägen 5, 811 94 Sandviken"
H Wass Bygg & Kök AB,559040-1419,,"Getaryggsvägen 26, 541 54 Skövde"
Kenani Projektledning AB,559041-4057,,"Sörgårdsgatan 17, 431 67 Mölndal"
KAHO Studio AB,559042-5558,,"Oganvägen 10 a, 153 95 Järna"
Access Design AB,559043-6936,,"Plantskolevägen 22, 122 38 Enskede"
Swedish Nature Collaborations AB,559043-8783,,"Bollhusgränd 6, 111 31 Stockholm"
Capital Cuttings Stockholm AB,559045-4160,,"Vidbo Norrby 101, 195 94 Märsta"
Torgny Larsson Consulting AB,559046-2536,,"Ullstorpsvägen 104, 291 93 Önnestad"
Spectrum Arkitekter Holding AB,559046-7436,,"Bondegatan 41, 116 33 Stockholm"
Mortensen & Co AB,559046-9572,,"Mariagränd 1, 116 46 Stockholm"
Torslanda Bygg Och Fastighetsförvaltning AB,559048-0744,,"Verkstadsvägen 10, 786 33 Vansbro"
Draw Ideas AB,559048-1049,,"Knut Wallenbergs Väg 38, 133 34 Saltsjöbaden"
Inredningskontoret Uppsala AB,559048-5594,Telefon 070-820 92 50,"Fallsboda 210, 748 95 Örbyhus"
Solsken Arkitekt AB,559050-0913,,"c/o ALEXANDER BELOUSOV, Landåvägen 12, 131 49 Nacka"
Terrass & Täppa by Johanna AB,559050-1440,,"Porslinsgatan 13, 253 73 Gantofta"
Hans Norrgårds AB,559050-2398,,"Bruncronas Väg 18, 139 34 Värmdö"
Hjelte Garden Design AB,559051-0698,,"Vasaloppsvägen 80, 129 45 Hägersten"
KRYVA AB,559051-7420,,"Mårdgatan 9, 442 42 Kungälv"
Köket Hemma Nabbaviken AB,559052-3964,,"Äspåsvägen 7, 335 71 Hestra"
Byggdesign Gotland AB,559052-4434,,"c/o Öjerstam, Starrängsringen 46, 115 50 Stockholm"
Sivonne Ekman AB,559052-7742,,"Linnégatan 21, 114 47 Stockholm"
BENygren AB,559052-9391,,"Skeppargatan 3 c, 904 31 Umeå"
Plywoodheart AB,559053-6420,,"Karsegårdsvägen 18 a, 439 31 Onsala"
Allt om fastigheter Emvik's arkitektkontor AB,559056-4703,,"Fiskaregatan 2, 456 47 Bovallstrand"
T Dorns allservice AB,559056-5445,,"Nygatan 9, 914 33 Nordmaling"
Rydströmskan AB,559056-8571,,"Viktoriavägen 17, 434 93 Vallda"
LotGot AB,559057-6061,,"Fagerviksvägen 43, 168 37 Bromma"
Buraas Consulting AB,559057-9321,,"Dalavägen 115, 434 99 Kungsbacka"
FarmHuset AB,559058-1111,,"Rodervägen 20, 793 60 Siljansnäs"
Solis Creative Solutions AB,559059-1425,,"Norra Backa 160, 457 41 Fjällbacka"
Lilla torg interior Aktiebolag,559059-5830,,"Stillmansgatan 12, 212 25 Malmö"
Mahzoni Homes AB,559059-6853,,"Kammakargatan 8, 111 40 Stockholm"
SVEArkitektur AB,559060-3055,,"Tegnérgatan 16, 113 58 Stockholm"
Lager Studios AB,559061-4458,,"Danderydsgatan 28 b, 114 26 Stockholm"
Starrsvik AB,559061-6610,,"Strandgatan 7, 185 32 Vaxholm"
AXCO AB,559062-0810,,"Viktor Rydbergsgatan 20, 412 56 Göteborg"
Callisto Operations AB,559062-7138,,"Arnhemsvägen 8, 475 42 Hönö"
Studio Alba Stockholm AB,559062-8698,,Stockholm
Moreint AB,559062-8961,,"c/o Holmqvist & Partners Advokatbyrå AB, Box 5216, 102 45 Stockholm"
JohanSandler AB,559064-2475,,"Kyrkängesvägen 3 c, 837 98 Åre"
DD Homestyling AB,559064-5049,,"Fenix Väg 22, 134 44 Gustavsberg"
Ingenjörsbyrå Schultz AB,559065-5519,,"c/o Jan Lindblad, Söderleden 51, 352 59 Växjö"
ERFOLG Projekt AB,559066-4404,,"c/o Milos Rilakovic, Flygkårsvägen 19, 183 62 Täby"
GRETA GRAM AB,559067-9998,,"Nordmannavägen 58, 237 31 Bjärred"
ARK trans:form international AB,559068-1424,,"c/o Anita Rick, Sofielundsvägen 39 a, 214 25 Malmö"
Indie Home AB,559068-9229,,"Rattgatan 1, 653 41 Karlstad"
Bo Nilsson Arkitektkonsult AB,559070-5629,Telefon 070-326 89 87,"Getfotsvägen 59, 122 46 Enskede"
Jonas Wahlberg AB,559072-4414,,"Herr Stens Väg 57, 125 30 Älvsjö"
Öliv Design AB,559072-4463,,"Österväg 1, 621 45 Visby"
Canbra Ingenjörsbyrå AB,559072-6658,,"Dämmet 2, 443 92 Lerum"
CINEARCHITECTURE AB,559074-0980,,"Skyttevägen 18 a, 133 36 Saltsjöbaden"
Domit Consult AB,559074-2770,,"Domarvägen 5, 182 73 Stocksund"
Aktiebolaget Vihena Sverige,559074-8157,Telefon 076-882 22 53,"Bergsgatan 8 2tr Lgh 1102, 172 71 Sundbyberg"
Flowterios AB,559074-9452,,"Kronoholmsvägen 4, 271 44 Ystad"
Maria Holmgren AB,559077-0490,,"Skolgatan 44, 591 76 Borensberg"
GreenGate AB,559077-4625,,"Talgoxevägen 14, 134 42 Gustavsberg"
studio default AB,559078-4806,,Stockholm
Elgholm Matic Northern Homes AB,559079-4326,,"c/o Matic Elgholm, Övre Husargatan, 5, 411 22 Göteborg"
PM arkitektur AB,559080-4620,,"Jägarvägen 40, 892 42 Domsjö"
R Cut Design AB,559080-7821,,"Älvgatan 1, 792 32 Mora"
Leksell & Leksell AB,559081-0569,,"Stenslundsvägen 49, 791 74 Falun"
Papa Tango Five AB,559081-2177,,"Vartoftagatan 47 a, 118 30 Stockholm"
Karl J Company AB,559081-7820,,"Skogsviksvägen 1 b, 182 56 Danderyd"
moa i kristianstad AB,559081-9818,,"Sävvägen 6, 291 59 Kristianstad"
Pegust AB,559082-5542,,"Häljemovägen 1, 533 72 Lundsbrunn"
RHE HOME AB,559083-3454,,"Gustav Iii:S Boulevard 23, 169 72 Solna"
Korbadesign Sweden AB,559083-4965,,"Rosendalsvägen 3, 341 55 Vittaryd"
MiniSign AB,559084-1390,,"Smedjevägen 21, 595 57 Mantorp"
MDM Medical Development Mind Holding AB,559085-5028,,"Jenny Nyströms Gata 9, 129 50 Hägersten"
Martin Isberg AB,559086-2206,,"c/o MALIN ISBERG, Herrestadsgatan 1 b, 217 49 Malmö"
Swebright Holding AB,559086-5662,,"c/o Patrik Arnstrand, Enehagsgatan 25, 441 57 Alingsås"
Frida Rådling AB,559087-1991,,"Lyckovägen 12, 167 52 Bromma"
Max Gruppen AB,559087-2502,,"Olof Wijksgatan 2 a, 412 55 Göteborg"
Lateral Living Stockholm AB,559087-4961,,"Kålgårdsvägen 11, 120 47 Enskede Gård"
Uddenmyrs Inredning Projekt AB,559087-7998,,"Rexius Väg 13, 439 33 Onsala"
Storm Konsult AB,559088-1610,,"Wennerbergsgatan 21 b, 431 39 Mölndal"
Draba AB,559088-8961,,"Kaplansbacken 5, 112 24 Stockholm"
JLI arkitekt AB,559088-8979,,"Jan Inghes Torg 16 Lgh 1101, 120 71 Stockholm"
Halleja AB,559089-1148,,"Höjdgatan 10 b, 431 36 Mölndal"
CRE Consulting AB,559089-3508,,"Östanvägen 7, 603 75 Norrköping"
Wåhlin Urban Development AB,559090-3620,,"Bergstigen 10 a, 182 78 Stocksund"
Staydesign AB,559091-3728,,Stockholm
By Judita Design AB,559091-6176,,"Bråddgatan 1, 602 22 Norrköping"
Drömstigen AB,559093-6661,,"Drömstigen 1, 167 61 Bromma"
Pontus Berg Konsult AB,559093-7487,,"Strandgatan 7, 185 32 Vaxholm"
Designito AB,559096-5553,,"Kosterögatan 15, 211 24 Malmö"
Handska AB,559097-7004,,"Metodvägen 12 a, 435 33 Mölnlycke"
Maringi Design Adventure AB,559097-8473,,"Magnus Ladulåsgatan 39, 118 65 Stockholm"
BOGA Company AB,559099-5600,,"Furustigen 7, 133 34 Saltsjöbaden"
Liisa Gunnarsson Arkitektur AB,559099-5618,,"Utsädesgatan 7, 431 46 Mölndal"
Produktionsbolaget MYT AB,559099-6533,,"Hornsgatan 44 c Bv, 118 21 Stockholm"
Decor & Event by Vasteras AB,559100-1036,,"Spikverksgatan 228, 724 79 Västerås"
TEA Innovation AB,559103-0548,,"Rågången 19, 903 40 Umeå"
LeFe AB,559103-3138,,"Värtavägen 30, 115 53 Stockholm"
BOT Arkitekter AB,559103-5216,,"Inedalsgatan 13 a, 112 34 Stockholm"
Cedlens Måleri AB,559104-0562,Telefon 070-717 94 16,"Kopparbergsvägen 50 b, 772 30 Grängesberg"
Seveholt & Frid Interiör AB,559104-9191,,"Övre Östergårdsvägen 15, 433 76 Jonsered"
Lagergren Teknik och Design AB,559106-6500,,"Sibyllegatan 43, 114 42 Stockholm"
Reigun Konsult AB,559106-7334,,"Malvastigen 28, 192 54 Sollentuna"
Malmsjö living AB,559107-1294,,"Katalanvägen 12, 128 67 Sköndal"
EOTS Real Estate AB,559107-4249,,"Slalomvägen 10 1tr, 129 49 Hägersten"
Kenza Home AB,559108-7472,,"Lillmossvägen 16 a, 196 36 Kungsängen"
moty AB,559109-2365,,"Högomsvägen 42, 183 50 Täby"
Florist/Stylist Madeleine Röken AB,559110-6561,,"Östra Villavägen 22, 611 36 Nyköping"
M.Y.W Consulting AB,559111-2551,,"Råsundavägen 110 3tr, 169 50 Solna"
MP Studio AB,559111-4052,,"Alnögatan 142, 257 32 Rydebäck"
INSBO Holding AB,559111-8269,,"Svia Mellangården 100, 754 73 Uppsala"
Rosenlind Inredningsdesign AB,559112-4861,,"Akensgatan 4 a, 702 13 Örebro"
Properia AB,559112-8193,,"Södra Lund 1, 585 76 Vreta Kloster"
Acriseigan AB,559113-6212,,"Paradisvägen 37, 837 72 Duved"
Medelklass AB,559116-2903,,"Kastellgatan 1, 411 22 Göteborg"
Malin & Fredrik Jarkvist AB,559116-9767,,"c/o Ackordcentralen Väst AB, Box 2525, 403 17 Göteborg"
Pernilla Erixon Consulting AB,559117-1656,,"Folkungagatan 104, 116 30 Stockholm"
ID Nordic AB,559117-7455,,"Allmänningarud Skogelund 1, 695 94 Finnerödja"
Gingalin AB,559118-9252,,"Karlavägen 84, 115 22 Stockholm"
Design Studio A.L AB,559119-4708,,"Paviljonggången 42, 254 51 Helsingborg"
Termino C 15326 AB,559119-7420,,"c/o Citadell Likvidationer AB, Strandgatan 7, 185 32 Vaxholm"
Angelica Vägermark Aktiebolag,559122-3192,,"c/o Angelica Vägermark, Knipvägen 9, 745 93 Enköping"
Bohemianarc AB,559122-5031,,"Erlandssons Väg 11, 611 67 Nyköping"
WS utveckling och miljö AB,559122-5114,,"Galärvägen 23, 132 47 Saltsjö-Boo"
Huslab AB,559123-9370,,"Spireabågen 20, 165 59 Hässelby"
Contator AB,559124-4768,,"Tylösandsvägen 23, 302 73 Halmstad"
Frida My - Attention to Details AB,559124-8660,,"Konungshamn 254, 373 75 Jämjö"
Trärum produktion AB,559126-2380,,"Gråsparvsvägen 52, 227 31 Lund"
SUSARK AB,559127-6646,,"Sandslätt 109, 523 93 Marbäck"
Aelvsala AB,559127-9095,,"Riddargatan 29 a, 114 57 Stockholm"
Youthl Holding AB,559128-4244,,"Västra Vårvägen 4, 262 68 Ängelholm"
AWN Arkitektur AB,559129-6719,,"Trollsjövägen 5, 761 97 Norrtälje"
Scilla Design AB,559130-1139,,"Sticklingevägen 13, 181 31 Lidingö"
Stilat JCA AB,559132-1475,,"Fornbyvägen 8, 174 41 Sundbyberg"
Adeholt Consulting AB,559132-4198,,"Ingenjörsgatan 23, 293 39 Olofström"
Sea UpWind AB,559133-0682,,"Ugglevägen 19, 135 68 Tyresö"
Grey Interior & Properties AB,559133-0971,,"Folkparksvägen 174, 126 77 Hägersten"
OrganizeIT AB,559134-7447,,"Andalen 91, 423 38 Torslanda"
Bäck Leret Architects AB,559135-0045,,"Ulveliden 17, 416 44 Göteborg"
STUDIO &TIWH AB,559135-0524,,"Ingegärdsvägen 6 d, 426 68 Västra Frölunda"
Alstra Service AB,559136-3469,,"Hjorthornsgatan 20, 252 30 Helsingborg"
Norrpilen Projekt AB,559136-3782,,"Bärnstensgatan 18, 723 51 Västerås"
Mutual Project Sweden AB,559136-7965,,"Bredbandet 1, 392 34 Kalmar"
Woolcot AB,559138-0315,,"Roslagsgatan 12, 113 55 Stockholm"
JKH Holding AB,559138-1081,,"Södra Piggagatan 40, 296 33 Åhus"
Corrydor AB,559142-3933,,"Barnbyn 26 a, 179 75 Skå"
Style & Mingelsnitt Mariefred AB,559142-5672,,"Långgatan 25, 647 30 Mariefred"
ACVA sign AB,559143-2413,,"Tostarpsvägen 11, 244 32 Kävlinge"
bonocervus AB,559143-4989,,"Kungsholmsgatan 22, 112 27 Stockholm"
Kvadratbyrån AB,559145-4003,,"Floragatan 19, 114 31 Stockholm"
Mr Ritning AB,559145-7394,,"Brinkvägen 2, 147 31 Tumba"
Svaxe AB,559148-6351,,"Reduttvägen 42, 187 68 Täby"
Monica Horniak Arkitektur AB,559148-9884,,"Bergsundsgatan 2, 117 37 Stockholm"
Brobjer Holding AB,559149-1914,,"Varpmossevägen 48, 436 39 Askim"
Sandra-S AB,559150-0532,,"Skogsrydsvägen 105, 506 70 Frufällan"
ALLANTI AB,559151-0119,,"c/o Carl Gabinus, Sjövägen 12, 441 50 Alingsås"
Ramdell Stamming AB,559153-1057,,"Bülow Hübes Väg 7 b, 216 18 Limhamn"
Flowering Sisters AB,559153-1677,,"Vattholmavägen 4 c Lgh 1401, 754 18 Uppsala"
MÖRKER AKTIEBOLAG,559153-9670,,"Myrvägen 22, 471 41 Rönnäng"
Parallax Design AB,559154-2906,,"Göran Perssons Väg 4 a, 171 55 Solna"
Magnus Malm Arkitektur AB,559154-5446,,"Trappgränd 2, 169 51 Solna"
Florentine Consulting AB,559155-7235,,"Fågelhundsgatan 16, 115 45 Stockholm"
Sestre AB,559155-8225,,"Grindtorps Skolgränd 22, 183 47 Täby"
Inspire Homestyling i Onsala AB,559157-5591,,"Skalvägen 3, 439 37 Onsala"
Kreativa Hem Mälardalen AB,559158-7042,,"c/o Kristina Bjurhäll, Lingonrisgränd 37, 165 76 Hässelby"
Holmby Consulting AB,559159-4253,,"Holmby 802, 247 97 Flyinge"
Lemon Garden & Design AB,559160-7386,,"Fågelviks-Kärne 204, 655 94 Karlstad"
Lars Olsson Trading AB,559162-5131,,"c/o Lars Olsson, Björkdalsvägen 24, 702 30 Örebro"
Timglasdesign AB,559162-7418,,"Törners Väg 5, 181 57 Lidingö"
Maneta design&konsult AB,559162-8820,,"Trastvägen 8, 182 79 Stocksund"
Stockholms Formbar AB,559163-3168,,"Hästvägen 4 d, 212 35 Malmö"
Anders Burman Arkitektur AB,559163-5486,,"Ålstensgatan 48, 167 65 Bromma"
Fladvad Planering och Kvalitet AB,559164-6475,,"Drottstigen 2, 133 34 Saltsjöbaden"
SKAPARUM Inredning & Butiksplanering AB,559164-7861,,"Bellevuevägen 11 c, 271 32 Ystad"
Linde Ek AB,559165-9981,,"Erstagatan 1 b, 116 28 Stockholm"
Anna Marias Hälsa och Inredning AB,559166-2340,,"Krokvägen 2, 864 33 Matfors"
InExterior AB,559166-8420,,"Aspnäsvägen 16 11tr, 177 37 Järfälla"
LYX Muein arkitekter AB,559167-2042,,"Klimatgatan 61 Lgh 1201, 418 40 Göteborg"
Anna Hultén Arkitekter AB,559168-1860,,"Renstiernas Gata 12 c, 116 28 Stockholm"
Arkitekturdialog AB,559169-4848,,"Sjöviksvägen 75, 117 57 Stockholm"
Vård och Omsorgsfastigheter i Sverige AB,559169-7643,,"Kvarnbergsvägen 23, 141 45 Huddinge"
Pihlgren Holdingbolag AB,559170-1593,,"Portvaktsstigen 15, 144 52 Rönninge"
Acrisolutio AB,559170-4555,,"Paradisvägen 37, 837 72 Duved"
G&B Development AB,559171-3309,,"Odensalavägen 56 c Lgh1105, 195 43 Märsta"
Arkitektur GW AB,559171-4430,,"Himmelsbergavägen 27, 736 92 Kungsör"
Sustainable Management Sweden AB,559173-8066,,"Blomodlarvägen 7 b, 165 70 Hässelby"
Sofia Svahn AB,559173-9908,,"Hidingebro 1118, 719 92 Vintrosa"
MD Property Consulting AB,559175-4469,Telefon 070-584 42 39,"Tunagatan 1 a, 753 37 Uppsala"
FF Kristianstad/Österlen AB,559176-6364,,"Ljungåsvägen 9 d, 296 38 Åhus"
Aktiebolaget Ajaxén Invest,559176-7586,,"Renvägen 22, 141 40 Huddinge"
Arkitekt Robert Lundell AB,559176-7628,,"Monsungatan 72, 417 66 Göteborg"
Lisa Granath AB,559177-7981,,"Seved Ribbings Väg 24, 224 66 Lund"
plot development AB,559179-8375,,"Magnebergsvägen 12, 121 33 Enskededalen"
Fegen Fritidshus AB,559179-9738,,"Stridsvagnsvägen 9, 291 39 Kristianstad"
Lilla Berga Consulting AB,559183-0392,,"Djurgårdsvägen 144, 115 21 Stockholm"
Nextbo Förvaltning AB,559183-2828,,Djursholm
Andreas Blomberg AB,559183-6886,,"Lärkvägen 1, 227 29 Lund"
Simulation Center AB,559184-2496,,"Bygatan 35, 426 77 Västra Frölunda"
Disa Braunerhielm Formgivning AB,559184-7974,,"Skeppargatan 30 2 Tr, 114 52 Stockholm"
Wikerman projektutveckling AB,559185-5225,,"c/o Calle Wikerman, Johan Skyttes Väg 400, 125 59 Älvsjö"
By April Inredning & Design AB,559188-9828,,"Höglandstorget 2, 167 71 Bromma"
Majal AB,559190-1631,,"Kritgränd 16, 302 71 Halmstad"
LW Design AB,559191-1739,,"Storhagenvägen 50, 184 33 Åkersberga"
Byggdesign Täby AB,559191-5433,,"Storgatan 1, 151 72 Södertälje"
ED Partner AB,559191-6480,,"Sjötullsgatan 9, 602 28 Norrköping"
Caroline Mörnås AB,559192-4666,,"Karlsviksgatan 7, 112 41 Stockholm"
Svea Investment AB,559192-6042,,"Hornsbergs Strand 73, 112 16 Stockholm"
Astrid Stenberg Arkitektur AB,559193-0333,,"Simrishamnsvägen 5, 121 53 Johanneshov"
Kanozi Holding AB,559193-0515,,"Järntorget 3, 413 04 Göteborg"
Almbysmén AB,559194-0811,,Stockholm
Ebb &flow AB,559195-0349,,"c/o Ebba von Zweigbergk, Roslagsgatan 37, 113 54 Stockholm"
Kristoffer Mattsson Konsult AB,559195-1156,,"c/o Kristoffer Mattsson, Flygarevägen 28, 191 49 Sollentuna"
NrK Design och Projekt AB,559197-3309,,"Östermalmsgatan 1, 112 24 Stockholm"
VINKLA Arkitekt & Konsult AB,559197-8340,,"Örtagårdsgatan 36, 254 50 Helsingborg"
Anélle AB,559199-6763,,"Artillerigatan 30, 114 51 Stockholm"
An Interior Affair AB,559200-1795,,"Krokvägen 113, 122 39 Enskede"
Eliasson Transport Policy Analysis AB,559201-3295,,"Wadköpingsvägen 3, 168 39 Bromma"
Adecca Styling AB,559202-1991,,"Vikingavägen 42, 194 68 Upplands Väsby"
Linblo Fastigheter AB,559203-0265,,"Båtsmansvägen 52, 192 48 Sollentuna"
Maria Kruhsberg Byggnadsingenjör AB,559203-3418,,"Jägernäs, 643 97 Västra Näshulta"
Visuella Drömmar AB,559204-1379,,"Kartbergsvägen 22, 653 37 Karlstad"
Ylva Yngvesson AB,559204-6584,,"Skogsmarksvägen 10, 112 65 Stockholm"
Stad och Landskapsarkitektur Lena Dübeck AB,559205-1139,,"Dammkärrsvägen 40, 430 84 Styrsö"
Inger Adler AB,559206-9396,,Lund
Mattias Ekberg Creatives AB,559208-6051,,"Brahegatan 5, 114 37 Stockholm"
Colfach Invest AB,559210-1934,,"Sjövägen 12, 133 36 Saltsjöbaden"
Funvik Fastigheter i Göteborg AB,559210-7881,,"Vallda Korshamnsväg 10, 434 93 Vallda"
ARKITECO AB,559212-2633,,"Krokslätts Torg 7, 431 67 Mölndal"
Hans&Björn Kommers AB,559213-1568,,"Sturegatan 12, 114 36 Stockholm"
Reuter Metelius Kulturmiljöspecialister AB,559215-1525,,"Strandridaregatan 4, 414 72 Göteborg"
Mayark Holding AB,559215-2762,,"Engelbrektsgatan 5, 411 27 Göteborg"
Darboes Residence and Constructions AB,559216-5426,,"Badstrandsvägen 26, 112 65 Stockholm"
Siggson AB,559218-1910,,"Svartmangatan 8, 111 29 Stockholm"
SA Hus AB,559219-1414,,"Nordanåsvägen 1, 705 94 Örebro"
M Steen Aktiebolag,559219-7882,,"Modgunnvägen 14, 182 55 Djursholm"
Ljusrum Sthlm AB,559221-1519,,"Solrosstigen 7, 133 36 Saltsjöbaden"
Balcony Stories AB,559224-3553,,"c/o Bolagspartner avveckling, Box 1067, 221 04 Lund"
Elit-Home i Kungälv AB,559224-7927,,"Bigården 20, 463 35 Göta"
Baleine AB,559225-4725,,"Allhelgonagatan 5, 118 58 Stockholm"
Isabell Lundholm Interior & Design AB,559225-5763,,"Klintvägen 40 b, 135 53 Tyresö"
Gravity Construction Management AB,559225-7421,,"Tellusborgsvägen 67 a, 126 29 Hägersten"
Broström Projektutveckling AB,559225-9906,,"Palmstedtsgatan 3 c, 412 58 Göteborg"
Byggbyrån i Falkenberg AB,559227-1356,,"c/o UQLA, Krukmakaregatan 15 d, 311 74 Falkenberg"
Studio Gabrièl AB,559227-8278,,"Torsvikssvängen 11, 181 31 Lidingö"
North Group Sweden Invest AB,559227-9409,,"Engelbrektsgatan 16 Lgh 1003, 114 32 Stockholm"
Veldkamp Enterprises AB,559229-2212,,"Niklas Måns Väg 8, 269 39 Båstad"
Vinsoleil AB,559229-5561,,"Elfviksvägen 68, 181 47 Lidingö"
Jismark Holding AB,559230-6426,,"Svartågatan 21, 573 34 Tranås"
Shreddingers katt 20 AB,559233-2992,,"Triangelvägen 18, 122 32 Enskede"
GARDO AB,559234-0359,,"Västra Henriksborgsvägen 32, 131 71 Nacka"
Villosa AB,559235-4236,,"Kragenäsvägen 4 c, 181 65 Lidingö"
Wigh studio AB,559236-7733,,"Pinhättevägen 4, 246 57 Barsebäck"
Shadowplay arkitekter AB,559237-2048,,"c/o Anna Nyborg, Lotsgatan 9, 414 58 Göteborg"
Ten Ants AB,559237-5983,,"c/o Citadellet Likvidationer AB (15823), Strandgatan 7, 185 32 Vaxholm"
Ida Brokerlady Fastighetsförmedling AB,559238-2104,,"Karlbergsvägen 47 a, 113 35 Stockholm"
Studio Holmberg AB,559238-2690,,"Stenkolsgatan 1 a, 417 07 Göteborg"
Oz Design AB,559238-5867,,"Dukers Väg 107 a, 575 36 Eksjö"
Monsén Arkitekter Göteborg AB,559238-8390,,"Spannlandsgatan 4, 414 79 Göteborg"
Ehrenberger Arkitekter AB,559239-4729,,"Lilla Fjellsholmen 51, 442 71 Kärna"
Eriksson Hemström AB,559241-5557,,"Fyrskeppsvägen 42, 121 54 Johanneshov"
Kriera AB,559242-0342,,"Skrivarvägen 5, 128 38 Skarpnäck"
Studio Lys AB,559242-2785,,Stockholm
weisspunkt und purpur AB,559242-2926,,"Råda Portar 104, 435 32 Mölnlycke"
Tetaj Consulting AB,559242-4567,,"Gävlegatan 4, 262 43 Ängelholm"
Hack och Hörnblad Creative AB,559242-9970,,"Bråta Kärrvägen 10, 443 51 Lerum"
AGNES REGINA AB,559243-3337,,"Ilexgatan 4, 212 32 Malmö"
ceo arkitektur AB,559244-1777,,"Ljusstöparebacken 1, 117 65 Stockholm"
Unn Malm Arkitektur AB,559244-5042,,"Fatburs Brunnsgata 27, 118 28 Stockholm"
Broman Arkitektur AB,559244-7212,,"Karlavägen 121, 115 26 Stockholm"
Karin Hammarlund Samskapet AB,559245-3921,,"Åkestorpsvägen 14, 247 95 Torna-Hällestad"
Rockpeak Construction AB,559246-0470,,"c/o Svenska Standardbolag AB, Box 292, 791 27 Falun"
Stefan Ekholm Arkitekt AB,559246-0694,,"Björnsonsgatan 145, 168 43 Bromma"
ALEKS AB,559246-4803,,"Hornarydsvägen 39 a, 331 53 Värnamo"
Knippla Easytech AB,559247-3390,,"Box 70, 475 13 Källö-Knippla"
Malin P Interior & Design AB,559249-0162,,"Marnäs 195, 790 26 Enviken"
Nilsland Studio AB,559249-0360,,"Kocksgatan 36, 116 29 Stockholm"
Greenlind AB,559249-2473,,"Edholmastigen 70, 185 99 Vaxholm"
Farm on the hill AB,559249-8843,,"Litslenaby 20, 749 50 Ekolsund"
From Creative Studio AB,559250-7296,,"Bågegatan 24, 212 28 Malmö"
ALBA Arkitektur AB,559250-9029,,"Brahegatan 49, 114 37 Stockholm"
Mull AB,559251-2692,,"Iseråsvägen 2, 439 34 Onsala"
Black Arkitektur AB,559253-4241,,"Tunmatsgatan 2, 784 37 Borlänge"
EXPER AB,559254-0560,,"Mårdstigen 18, 170 75 Solna"
Sourcekid AB,559254-1782,,"Franzéngatan 45, 112 16 Stockholm"
Mina Khirzia AB,559254-9280,,"Holländargatan 26 a, 113 59 Stockholm"
Ledighetslya AB,559256-3687,,"Hammars Backe 3 a, 443 38 Lerum"
by bärkraft byggnadskonst aktiebolag,559256-5674,,"Banvägen 76, 435 43 Pixbo"
STENEK AB,559256-7720,,"Multrågatan 23 Lgh1703, 162 54 Vällingby"
Ontwerp AB,559260-2808,,"Allévägen 113, 462 94 Frändefors"
Rough Potential AB,559260-3822,,"Östra Valhallavägen 13, 182 68 Djursholm"
Kreativa Källeberg AB,559260-4762,,"Kungslena Källeberg 1, 522 93 Tidaholm"
Aunoma AB,559260-5041,,"Enhörningsgränd 3, 167 58 Bromma"
Vy Arkitektur AB,559261-1114,,"Tallidsvägen 8 c, 131 37 Nacka"
LEAXES AB,559261-1486,,"Eastmansvägen 8 a, 113 61 Stockholm"
AMGL konsult AB,559261-2393,,"Haraldsbovägen 18, 791 43 Falun"
Lundins Byggkonsultation i Anderslöv AB,559261-3888,,"Räften 373, 247 91 Södra Sandby"
Vinterrosen Trädgård & Landskap AB,559261-5164,,"Sjövägen 12, 286 72 Åsljunga"
Zeny Yumy Home AB,559261-7392,,"Lövängen 12, 543 94 Tibro"
Skärgårdsmästarna AB,559262-3770,,"Katarina Bangata 24 Lgh 1203, 116 39 Stockholm"
Symbiopunk AB,559262-6310,,"Mandelbrödsvägen 21, 128 69 Sköndal"
Doctorfixnow AB,559262-9777,,"Milavägen 33 b, 136 48 Handen"
Paradis Produktion AB,559264-1673,,"Näktergalsvägen 7 a, 178 39 Ekerö"
Mgmt by Frida AB,559265-3496,,"Stjärnfallsvägen 38 a, 163 54 Spånga"
Mirum Design & Interiör AB,559265-5459,,"Gyavägen 16 b, 236 37 Höllviken"
Glimton AB,559265-9808,,"Prostringen 1, 561 40 Huskvarna"
H. Persson Design AB,559266-0293,,"Ludvigsbergsgatan 7, 118 23 Stockholm"
Aktiebolaget InByAn,559266-3123,,"c/o SÖREN GUSTAFSSON, Nanna Svartz Gata 5, 724 60 Västerås"
Studio Lindholm AB,559267-0649,,"Tavastgatan 46, 118 24 Stockholm"
Supporty AB,559267-3684,,"Hovås Allé 36, 436 53 Hovås"
MESHcity Malmö Aktiebolag,559267-4161,,"Högerudsgatan 10 d, 216 18 Limhamn"
AM Software Studio AB,559267-9152,,"Tavastgatan 14, 118 24 Stockholm"
Property Systems Sweden AB,559267-9459,,"Bondegatan 72 a, 116 33 Stockholm"
Develog AB,559268-1588,,"Vallgatan 10, 854 60 Sundsvall"
MARELD Exploration AB,559268-4335,,"Esperantoplatsen 7-9, 411 19 Göteborg"
Blå Kupol Arkitektur & Design AB,559269-4300,,"Prismastigen 5, 181 55 Lidingö"
Skaraborgs Byggprojektering AB,559269-4433,,"Knottvägen 42, 549 65 Skövde"
Ida Svengård AB,559270-1329,,"Övre Majorsgatan 10 b, 413 06 Göteborg"
Invator Property AB,559270-8506,,"Spanarstigen 4, 181 46 Lidingö"
Interior by Amelie Lydén AB,559271-2607,,"Kungsgatan 8, 252 21 Helsingborg"
Lund Interiör & Trädgård AB,559271-4157,,"Follingbogatan, 168 60 Bromma"
Studio Petra Högström AB,559271-5055,,"Örnbacken 4, 443 32 Lerum"
Silverstad Arkitektbyrå AB,559271-8141,,"Storemyrsvägen 9, 457 31 Tanumshede"
Coraléns kreativa hantverk AB,559271-9685,,"Astrid Lindgrens Gata 2 a, 761 46 Norrtälje"
Anders Berg Arkitektkontor AB,559272-1434,,"Folkungagatan 58 Lgh 1203, 116 22 Stockholm"
Tveitan Holding AB,559272-5815,,"Älgvägen 27, 428 34 Kållered"
Sophie Hjertqvist Arkitektur AB,559272-9379,,"Häradsvägen 46, 442 50 Ytterby"
JeanArch AB,559273-2753,,"Edsviken Myren, 666 91 Bengtsfors"
Magdalena Keller AB,559273-3801,,"Bergsunds Strand 35, 117 38 Stockholm"
Jeanette Spinnars Consulting AB,559273-8784,,"Hökebovägen 7, 735 92 Ramnäs"
Bjurström Arkitekter AB,559273-9089,,"Ängbyhöjden 44, 168 50 Bromma"
AAH Holding AB,559274-1317,,"c/o André Agi, Alfhemsgatan 4, 413 10 Göteborg"
psepihl AB,559275-2397,,"Ågatan 22 b Lgh 1301, 582 22 Linköping"
Suontausta Vision AB,559275-2603,,"Vildrosvägen 7, 749 61 Örsundsbro"
Cloud RE Group AB,559275-5457,,"Vikdalsgränd 10 a 0tr, 131 51 Nacka"
Dark Edition AB,559275-5465,,"Vikdalsgränd 10 a 0tr, 131 51 Nacka"
Tunet Arkitektur AB,559275-6885,,"Enborgs Backe 1, 784 62 Borlänge"
Rebecca Linneros AB,559275-9921,,"Järnbrottsgatan 4, 426 68 Västra Frölunda"
VERTUS Art AB,559276-7031,,"Baggensgatan 9 Lgh 0901, 111 31 Stockholm"
Roomfulness AB,559278-0083,,"Gösta Ekmans Väg 9, 132 36 Saltsjö-Boo"
Havarc AB,559278-6007,,"Björsaråsvägen 24, 424 71 Olofstorp"
FLORA POETICA AB,559278-8250,,"Skolgatan 4, 722 15 Västerås"
Home i Karlstad AB,559280-0006,,"Östra Tyevägen 136, 663 42 Hammarö"
Fastighetsutveckling i Södertälje AB,559280-2648,,"Örnstigen 18, 152 54 Södertälje"
Powered by Sofia AB,559280-4347,,"Sysslomansgatan 24, 112 41 Stockholm"
Adas Lada AB,559281-8354,,"c/o DAN-INGE SVÄRDSBY, Skagen Fyrs Väg 17 a, 423 40 Torslanda"
VOUNOA AB,559281-8594,,"Isgrenavägen 7 a, 743 81 Bälinge"
Samanci Consulting Group AB,559283-5952,,"Strandpromenaden 11, 192 66 Sollentuna"
Entasis Byggkonsult AB,559284-0549,,"Svedalavägen 148, 238 41 Oxie"
The Apt. 1026 AB,559284-6348,,"Skeppsbron 28, 111 30 Stockholm"
Stad och Land Burell Arkitektur AB,559284-6769,,"Björngårdsgatan 7, 118 52 Stockholm"
Made Public AB,559285-2767,,"Sveavägen 55 7tr, 113 59 Stockholm"
Yogafröken AnnaKruse AB,559285-8400,,"Forsythiavägen 7, 218 34 Bunkeflostrand"
Fredrik Kjellgren Formgivning AB,559286-1982,,"Sventorpsliden 7, 412 74 Göteborg"
AB Kullabygdens Fixare,559286-7252,,"Gåsvägen 22, 263 71 Jonstorp"
Elin Wester AB,559287-2864,,"Kaxholmsvägen 18 a, 561 46 Huskvarna"
Mikaela Creation AB,559287-3466,,"Strandvägen 57, 115 23 Stockholm"
Odby Arkitektur & Design AB,559287-5222,,"Hornsgatan 45 Lgh 1503, 118 49 Stockholm"
Bexanc Consulting AB,559288-5585,,"Smedjegatan 6, 131 54 Nacka"
Amalias DESIGN AB,559288-5627,,"Sofia Dahlbergs Gata 4, 573 37 Tranås"
SMART HOMES i Väst AB,559289-1823,,"c/o Rejan Rashid, Sankt Jörgens Väg 19, 422 49 Hisings Backa"
Hulling Consulting AB,559289-9875,,"Södra Skogsrundan 75, 184 64 Åkersberga"
Naturnära Hem i Närke AB,559290-2810,,"Radiatorvägen 11, 702 27 Örebro"
Topia Holding 2 AB,559292-0416,,"Hornsgatan 166, 117 28 Stockholm"
Öster Arkitektur AB,559292-3667,,"Olof Skötkonungs Väg 25 a, 126 50 Hägersten"
VILA Trädgård & Design AB,559293-9424,,"Flyingeby 873, 247 93 Flyinge"
Tyrberg Fastigheter AB,559294-4713,,"Möllegränden 22, 252 23 Helsingborg"
Ahlgreen & Partners AB,559294-8839,,"Karlavägen 83, 114 59 Stockholm"
Virtual Ways AB,559294-9092,,"c/o KALMAR SCIENCE PARK AB, VIRTUAL WAY AB, Bredbandet 1, 392 51 Kalmar"
Ros-Marie Kassabian AB,559296-7078,,"Hasselkullegatan 19, 461 62 Trollhättan"
Kornhammar Arkitekter AB,559296-7920,,"Föreningsgatan 16 d, 411 27 Göteborg"
Addaptiv Design Sweden AB,559297-2359,,"Delsjövägen 9, 412 66 Göteborg"
Boxable AB,559298-1491,,"Klyvarevägen 57 d, 131 42 Nacka"
TM i Malma AB,559299-4932,,"Germundsgården 101, 465 91 Nossebro"
JOY Inredning & homestyling AB,559300-4335,,"Pilfinksvägen 13, 341 42 Ljungby"
Jos et flos AB,559300-5647,,"Brunnsgatan 2 b, 172 68 Sundbyberg"
Lya Design AB,559300-8047,,"Kanslihusgränd 19, 831 32 Östersund"
Arnäs Design AB,559301-1504,,"Skonaren 1, 444 30 Stenungsund"
D OFFICE Fastigheter AB,559301-2809,,"Heurlins Plats 1, 413 30 Göteborg"
Forsberg bygg och inredning AB,559301-3583,,"Solbacksvägen 10, 137 54 Tungelsta"
GTF Group Sverige AB,559302-0406,,"Enebybergsvägen 10 b 2tr, 182 36 Danderyd"
Josefin Lustig AB,559302-1511,,"Västmannagatan 15, 724 60 Västerås"
CitUpia AB,559302-2907,,"Observatoriegatan 5, 113 29 Stockholm"
Zakariasson Arkitekter AB,559302-8052,,"Timmermansgatan 9 a, 953 34 Haparanda"
LOGUMA AB,559302-8847,,"Fåfänganvägen 37, 725 97 Västerås"
Fermtrade AB,559304-6864,,"Fågelsångsgatan 10 Lgh 1203, 252 20 Helsingborg"
50 and me AB,559305-8612,,"c/o Stocker, Eyvind Johnsons Gata 1, 112 16 Stockholm"
And recreation Ekerljung AB,559305-9057,,"Ramshyttan 505, 713 91 Nora"
Lindén Lindén studio AB,559307-2274,,"Strömbäck 132, 905 82 Umeå"
RC konsult & projektering AB,559307-2662,,"Stensötavägen 48 b, 605 84 Svärtinge"
Bureau Norr AB,559307-3421,,"c/o Miljan Andelkovic, Bråvallagatan 27, 602 41 Norrköping"
Antero Nilo AB,559307-4122,,"Kocksgatan 1, 116 24 Stockholm"
SJE Group AB,559307-5095,,"Vattenverksvägen 42, 212 21 Malmö"
Interior Design at West Coast AB,559308-1903,,"Kärrmesvägen 29, 312 72 Skummeslövsstrand"
Alphalev AB,559310-1974,,"Körsbärsvägen 12, 549 47 Skövde"
JW&JN Consulting AB,559311-0215,,"Trossvägen 26, 185 51 Vaxholm"
Anna Boustedt AB,559311-4910,,"Odinvägen 12, 182 61 Djursholm"
SLG Studio AB,559313-1849,,"Östgötagatan 36, 116 25 Stockholm"
Ett hus vid havet AB,559313-2227,,"Sundsallén 14, 298 96 Östra Sönnarslöv"
Studio Thörnblad AB,559313-3563,,"Kyrkoherdegatan 5 b, 702 84 Örebro"
Rêveuse Holding AB,559313-8158,,"c/o Sandelin, Vippåvägen 5, 790 20 Grycksbo"
Staffan Hillberg Arkitektur AB,559314-9957,,Lund
Mayard AB,559315-7513,,"Hammarby Allé 127, 120 64 Stockholm"
Signature Homes AB,559315-7612,,"Norregatan 5 b, 239 30 Skanör"
Projektstationen AB,559316-6076,,"Näckrosvägen 31 a Lgh 1401, 169 37 Solna"
Civesta AB,559317-4203,,"Kungsgatan 37 8 Tr, 111 56 Stockholm"
Trendiga Rum By Emma AB,559317-5911,,"Stenunge Väg 9, 444 31 Stenungsund"
Netré Planering och Arkitektur AB,559319-5851,,"Torsten Alms Gata 33, 126 51 Hägersten"
2bcolab design AB,559320-7110,,"Norra Kustvägen 750, 263 72 Skäret"
Admoveo AB,559320-7250,,"Östgötagatan 19 a, 116 25 Stockholm"
Thorén Arkitekter AB,559321-1070,,"Stora Kvinns Väg 78, 125 59 Älvsjö"
HUMLAN Landskapsarkitektur AB,559324-1499,,"Axelvold 3347, 268 78 Kågeröd"
Martinez Architects AB,559325-3759,,"Norra Sjögatan 28, 152 59 Södertälje"
Ame Arkitektur AB,559325-6356,,"Sickla Kanalgata 67, 120 68 Stockholm"
Sekelporten AB,559326-3808,,"Västra Trädgårdsgatan 15, 111 53 Stockholm"
Martell Byggkonsult AB,559326-4723,,"Rådmansgatan 5, 262 41 Ängelholm"
POSITION arkitektur AB,559326-6645,,"Nävesta 206, 692 91 Kumla"
B A Ljunglöf AB,559327-3468,,"c/o Ljunglöf, Östermalmsgatan 43, 114 26 Stockholm"
The Tree Office Invest AB,559327-5034,,"Stortorget 27, 211 42 Malmö"
Welloark AB,559328-6346,,"Kung Kristoffers Gata 25, 252 34 Helsingborg"
Art design MB.Venture AB,559328-7773,,"c/o Mergim Berisha, Stora Kvarngatan 53, 211 29 Malmö"
Widengren Hälsostudio AB,559329-2047,,"Heimdalsvägen 17, 149 32 Nynäshamn"
Kaos Arkitekter AB,559329-3037,,"Karmstolsvägen 11, 122 45 Enskede"
Pelago Group AB,559330-0626,,"Kurlands Byaväg 27-44, 231 67 Trelleborg"
Bara Olfati AB,559330-3406,,"Redskapsvägen 22 Lgh 1601, 162 43 Vällingby"
Studdert Management AB,559330-3570,,"Midskeppsgatan 28, 120 66 Stockholm"
Porseryd Consulting AB,559330-6318,,"Östra Tunhem Kullagården 1, 521 94 Falköping"
JRMB AB,559330-6557,,"Jakobs Gränd 5 c, 193 35 Sigtuna"
Linsay AB,559332-1671,,"Hornsbergs Strand 85, 112 15 Stockholm"
Tällberg trädgårdsdesign AB,559332-5680,,"Laknäs Västarisvägen 39, 793 94 Tällberg"
YetO AB,559332-6662,,"Lingonbackarna 64, 142 64 Trångsund"
STUDIO LOCKLUND AB,559332-8155,,"Åkersbergavägen 9 a, 184 50 Åkersberga"
Sturaeus Arkitektur AB,559333-4385,,"Eksätravägen 108, 127 61 Skärholmen"
Sustainica Konceptutveckling AB,559333-6687,,"Lugnets Allé 35, 120 65 Stockholm"
Rezko and Friends AB,559334-1869,,"Seglaregatan 35, 414 54 Göteborg"
2Guldviken AB,559335-6776,,"c/o Jesper Jakobsson, Norra Strandgatan 21, 972 39 Luleå"
Palka Steijner Bygg & Design AB,559336-0646,,"Box 44, 149 21 Nynäshamn"
Linjal Landskap AB,559336-1636,,"Krokvägen 105, 122 63 Enskede"
Berthelius Consulting AB,559336-6288,,"Granbacken 5, 133 35 Saltsjöbaden"
JoWaWi AB,559337-0470,,"Lerduvevägen 6 b, 802 64 Gävle"
NEXBIM AB,559337-1890,,"Ugglevägen 131, 147 34 Tumba"
aochd Arkitektkontor i Umeå AB,559337-4506,,"Varvsgatan 41, 972 32 Luleå"
Studio Hugooh Wong AB,559338-1477,,"Riksrådsvägen 101, 128 39 Skarpnäck"
ReDo estate & interior AB,559339-2326,,"Bergsgatan 14 b, 172 71 Sundbyberg"
Tang Dynasty AB,559339-2375,,"Brändövägen 43, 165 72 Hässelby"
C&Co AB,559339-2516,,"Sommarhemsvägen 5, 181 57 Lidingö"
Midnight Architects AB,559339-3803,,"Bautastensgatan 5 c, 418 76 Göteborg"
Posterix AB,559342-6520,,"Frimurargatan 23 a, 554 54 Jönköping"
Simbelmynë AB,559343-4698,,"Garvargatan 22, 112 21 Stockholm"
Hakone AB,559343-5919,,"Sibyllegatan 21, 114 42 Stockholm"
Spaljé & Berså Trädgårdsgestaltning AB,559344-6007,,"Lindesborgsvägen 11, 178 92 Adelsö"
Filling Interior & Design AB,559345-6758,,"c/o Heimdall Advokat AB, Grev Turegatan 67, 114 38 Stockholm"
Ateljé Remröd Aktiebolag,559347-3886,,"Regeringsgatan 78 Lgh 1403, 111 39 Stockholm"
OLO Design AB,559347-4181,,"Hallberga Svanshals Stationshus, 596 95 Väderstad"
ACW studio AB,559347-5949,,"Brottkärrs Byväg 75, 436 58 Hovås"
I.D Interior Design AB,559348-9007,,"Surbrunnsvägen 3, 448 30 Floda"
Herder Home AB,559351-6676,,"Spelmanshöjden 15 Lgh 1102, 174 50 Sundbyberg"
Sophia Molin & Co. AB,559351-8474,,"Tingvallavägen 20, 186 50 Vallentuna"
Bornlid Invest AB,559352-5271,,"c/o Bornlid, Drottninggatan 73 a, 111 36 Stockholm"
Dark Deep Småland AB,559352-9737,,"Månsabovägen 16, 568 31 Skillingaryd"
Arkitektur Natur AB,559354-8315,,"Eriksbergsgatan 13, 114 30 Stockholm"
Friberger Consulting AB,559356-9667,,"Agavägen 60, 181 55 Lidingö"
Samsson Löfving Arkitektur & Design AB,559358-4567,,"Doktor Sydows Gata 1 c, 413 24 Göteborg"
MiaLu AB,559358-6216,,"Ringvägen 44, 263 63 Viken"
KatAnja Design AB,559359-1844,,"c/o ANJA WÅHLSTRÖM, Oxenstiernsgatan 31 Lgh 1203, 115 27 Stockholm"
Wiik Inredning & Design AB,559359-3824,,"c/o Lina Wiik, Sjöängsvägen 41, 132 34 Saltsjö-Boo"
Arkproj AB,559360-0157,,"Katarina Bangata 66, 116 39 Stockholm"
Jenny Kåhre Arkitektur AB,559360-1262,,"Bovägen 16, 181 43 Lidingö"
Greenblue dot AB,559360-1668,,"Karlsviksgatan 6, 112 41 Stockholm"
Great Thinking AB,559360-5461,,"Travarevägen 12, 187 54 Täby"
Greverius Interiör AB,559361-1303,,"Floragatan 6, 561 30 Huskvarna"
Fenixordning AB,559361-2699,,"Riavägen 9, 137 43 Västerhaninge"
Giesecke Arkitektur AB,559362-1138,,"Indalsbacken 2 a, 162 58 Vällingby"
Dilnova AB,559362-3571,,"Stafflivägen 21, 724 71 Västerås"
De S.R.L AB,559363-3547,,"Wollmar Yxkullsgatan 15 d, 118 50 Stockholm"
LOUISE BOLIN INTERIOR AB,559364-4973,,"Svanebäcksgatan 20 a, 414 71 Göteborg"
LANA CONCEPT AB,559366-2793,,"c/o Svenska Standardbolag AB, Box 292, 791 27 Falun"
Tennispalatset Arkitekter AB,559366-3551,,"Skeppsbron 28, 111 30 Stockholm"
Millnest Aktiebolag,559367-2701,,"Gröndalsvägen 210, 117 69 Stockholm"
Cityjobb Stockholm AB,559367-6637,,"Lingvägen 184, 123 61 Farsta"
EKML Design Studio AB,559368-0902,,"c/o Ellen Lindar, Rådmansgatan 43, 113 58 Stockholm"
Ikamon Studio AB,559368-9747,,"Häradsgatan 26 b, 431 42 Mölndal"
KiBiBo AB,559369-0935,,"Doktor Belfrages Gata 2, 413 22 Göteborg"
Maria Westerdahl Landskap + kulturmiljö AB,559369-2170,,"Nämndemansbacken 64, 128 38 Skarpnäck"
Dippo Innovation AB,559370-7994,,"Kivra: 559370-7994, 106 31 Stockholm"
Astelle Interiör AB,559371-9601,,"Ringögatan 19 c, 417 07 Göteborg"
CasaLimone Teknik AB,559372-4528,,"Sjögårdsvägen 10, 355 91 Växjö"
Marish Studio AB,559372-6358,Telefon 010-330 70 50,Limhamn
C Baaz Design AB,559373-4717,,"Rådhustorget 7, 239 30 Skanör"
Eva Salomonson Falk Curum AB,559373-8122,,"Essingestråket 38, 112 66 Stockholm"
Swedishly AB,559374-3601,,"Stenshällsvägen 13, 112 64 Stockholm"
Delavina Consulting AB,559374-6034,,"Vanadisvägen 20, 113 46 Stockholm"
Oplands Arkitektstudio AB,559374-7537,,"Tokarpsgatan 6 Lgh 1002, 504 58 Borås"
SALT and friends AB,559375-5902,,"Kostergränd 3, 471 61 Myggenäs"
MACOHALL AB,559377-2295,,"Södra Breviksvägen 30, 421 67 Västra Frölunda"
Alintra AB,559377-9100,,"Dagsbo Gård, 593 74 Gunnebo"
TJ Bygg & Inred AB,559378-0942,,"Dvärglinsgränd 17, 165 78 Hässelby"
Slutplattan HAMLO 126454 AB,559378-7913,,Göteborg
GD Lillienau AB,559380-1763,,"Danska Backarna 11, 133 35 Saltsjöbaden"
Caleido Landskap AB,559381-0103,,"Brunnsåkersbacken 2, 645 93 Strängnäs"
Serenitty AB,559381-3545,,"Myggbogatan 12, 721 30 Västerås"
hel len form AB,559382-1019,,"Essingeringen 15 Lgh 1202, 112 64 Stockholm"
Liljethörn Holding AB,559382-4336,,"Kruskålsvägen 4 c Uv, 582 76 Linköping"
Niwila AB,559382-7511,,"Sjöhagsvägen 60, 518 43 Sjömarken"
JN Arkitekter AB,559383-2735,,"Förrådsvägen 1, 137 37 Västerhaninge"
FLUID STATE AB,559384-2130,,Sollentuna
ARAM VATTEN & BEMANNING AB,559384-7477,,"Barrskogsvägen 1, 617 71 Kimstad"
Ammouri Consulting AB,559385-1990,,"c/o GÅSPENNAN, Malgomajvägen 18 1302, 120 60 Årsta"
Oramata AB,559386-2039,,"Dalbovägen 35 b, 756 53 Uppsala"
Arkitekterna Krook & Tjäder i Karlstad AB,559386-8911,,"Prinsgatan 12, 413 05 Göteborg"
ReForma AB,559387-5429,,"Härsbackavägen 47, 184 63 Åkersberga"
Anbeko AB,559387-6260,,"c/o Svenska Standardbolag AB, Box 292, 791 27 Falun"
Alljobb NG AB,559388-0627,,"Algots Väg 12, 231 92 Trelleborg"
Candytotem AB,559388-8059,,"Bergsundsgatan 25, 117 37 Stockholm"
Domum Homestyling AB,559389-7951,,"Vikensvägen 4 b, 236 41 Höllviken"
Marie Stolt AB,559389-8330,,"Fredriksdalsgatan 11, 120 32 Stockholm"
OPEXUS AB,559390-3312,,"Orions Bälte 17 Lgh 2506, 136 62 Brandbergen"
NDS Royalty AB,559390-4419,,"Ebba Ströms Gata 23, 212 50 Malmö"
Superbuono AB,559391-6983,,"Skyttevägen 18 f, 133 36 Saltsjöbaden"
Arkifaktur AB,559392-5711,,"S:T Pauli Kyrkogata 10, 211 49 Malmö"
REN Arkitektur Åre AB,559395-5676,,"Bäckvägen 3 f, 837 52 Åre"
Studio Treselle AB,559396-4900,,"Frykmans Väg 10, 653 46 Karlstad"
Studio Lind AB,559396-9412,,"Köpenhamnsvägen 93 e, 217 75 Malmö"
Skare Arkitektur AB,559398-5673,,"Långholmsgatan 11, 117 33 Stockholm"
VIC Import AB,559398-7141,,"Idrottsvägen 7, 791 52 Falun"
Klasmark Arkitekter AB,559399-2513,,"Runristarvägen 20, 186 50 Vallentuna"
Atelier Kattvik AB,559400-0233,,"Killebacken 20 b, 269 33 Båstad"
Good Shepherd AB,559400-3997,,"Skeppargatan 7, 114 52 Stockholm"
Monasterio Design AB,559400-6073,,"Restenäs 281, 459 93 Ljungskile"
Ghalali Arkitekter AB,559400-8954,,"Ankdammsgatan 36, 171 67 Solna"
PEPITA MUNDI AB,559401-8334,,"Sattajärvi 420, 984 92 Pajala"
MYDESIGN SVERIGE AB,559402-2609,,"Box 307, 116 74 Stockholm"
Slutplattan HAMLO 126248 AB,559402-4555,,"c/o Bolagsstiftarna AB, Box 12086, 402 41 Göteborg"
KRK Förlag AB,559402-6832,,"c/o Rodenstedt, Sveavägen 61, 113 59 Stockholm"
ANRUBI AB,559403-0792,,"c/o Rstudio for architecture AB, Andra Långgatan 46, 413 18 Göteborg"
Torn Architecture AB,559403-1667,,"Östergarn Hässle 120, 623 68 Katthammarsvik"
Studio Isabel Gillblad AB,559404-1906,,"Humlegårdsgatan 6, 412 74 Göteborg"
Mai Anh AB,559405-0113,,"c/o Felix Borg, Gunnarstorpsvägen 18, 441 43 Alingsås"
STUDIO JP AB,559405-3588,,"Bäcktorpsvägen 16, 132 34 Saltsjö-Boo"
Ib Bergström AB,559405-5450,,"Finnbergsvägen 34, 131 76 Nacka"
Johanna Lind Inrednings- och ljusdesign AB,559405-8090,,"Gräslöksgatan 22, 754 46 Uppsala"
Okeanos Holding AB,559406-4015,,"Föreningsgatan 39, 411 27 Göteborg"
Familjen Konyi AB,559406-4130,,"Åsvägen 19, 433 63 Sävedalen"
Bylin Arkitektur AB,559407-1200,,"Näset 107, 862 95 Njurunda"
Markoptimering Stockholm AB,559407-7959,,"Hagvägen 3, 179 97 Färentuna"
Trädgårdsimperiet Långedrag AB,559407-9187,,"Kanotgatan 9, 426 76 Västra Frölunda"
William Weibull Arkitektur AB,559407-9997,Telefon 076-677 08 09,"Sandgatan 1, 311 31 Falkenberg"
Floating Ruin AB,559408-1985,,"Greta Arwidssons Gata 2, 621 37 Visby"
Furuland Arkitektur AB,559408-3155,,"Renstiernas Gata 44, 116 31 Stockholm"
People and Planet AB,559410-3904,,"Fanny Brates Väg 64, 128 63 Sköndal"
Gabi Design AB,559410-8622,,"Marsbäcken Solhem 6, 593 41 Västervik"
Flyscan academy invest AB,559411-3218,,"Hässlögatan 2 a, 721 31 Västerås"
111 Property Investments AB,559412-1518,,"S:T Johannesgatan 2 Våning 4, 211 46 Malmö"
Tramore Creative AB,559412-2219,,"Bockgatan 40, 216 14 Limhamn"
Treudden i Värnamo AB,559412-7523,,"Fornminnesvägen 12, 331 33 Värnamo"
KU.BA Arkitekter AB,559412-8182,,"Lilla Möllevångsgatan 3 a, 254 35 Helsingborg"
Karlin Tran Design AB,559413-3752,,"Laboratoriegatan 6, 131 55 Nacka"
New Arc AB,559413-6706,,"Solskensvägen 5, 132 46 Saltsjö-Boo"
ROINWEST AB,559413-7571,,"Billdals Lärkträdsväg 15, 427 38 Billdal"
MKC Movement AB,559414-1854,,"Östra Hamngatan 2, 722 10 Västerås"
Kirezi Interior Design AB,559416-2645,,"Thunmansgatan 17, 754 21 Uppsala"
Vigjak Home AB,559416-7479,,"Norregatan 3, 281 50 Hässleholm"
Nandorf Aurora Media och Kommunikation AB,559417-1190,,"Krukmakargatan 2, 118 51 Stockholm"
Helena Kozak kreativ studio AB,559417-7361,,"c/o Citadellet Likvidationer AB (15736), Strandgatan 7, 185 32 Vaxholm"
Studio Lotsen AB,559418-0696,,"Lotsgatan 9, 414 58 Göteborg"
Stenänga AB,559418-4334,,"Elvabovägen 8, 236 41 Höllviken"
TAL För Inredning AB,559418-8152,,"c/o INDUSTRILOKAL, NYGÅRD 5, Källundavägen 143 b, 291 92 Kristianstad"
Älvuddens Trädgårdsdesign AB,559419-1974,,"Älvuddsvägen 16, 148 91 Ösmo"
Missio AB,559419-4747,,"Källtorpsvägen 8, 183 71 Täby"
Bee Urban Builders AB,559419-9845,,"Stora Skuggans Väg 12, 115 42 Stockholm"
HSofSweden AB,559420-2094,,"Smörblomstigen 12, 554 56 Jönköping"
Caromel AB,559420-2672,,"Asbjörnsens Väg 18, 167 61 Bromma"
Synergesia Aktiebolag,559420-4819,,"Karlbergs Strand 6 d, 171 73 Solna"
Homestyling Jemtland AB,559421-6524,,"Hallonvägen 9, 831 62 Östersund"
Maria Fock AB,559422-9675,,"Heleneborgsgatan, 117 32 Stockholm"
Mood Society AB,559424-4070,,"Hovås Fasanstig 6, 436 50 Hovås"
Stockholm FORM Homestyling AB,559424-9608,,"c/o Markus Kroon, Sjöviksvägen 7, 185 94 Vaxholm"
Bygga stad i Väst AB,559425-0820,,"Sylvestergatan 4, 411 32 Göteborg"
Ove Sandberg Innovation AB,559426-5448,,"Grindstigen 6, 149 45 Nynäshamn"
Align Studio AB,559426-6446,,"Riddargatan 29 b, 114 57 Stockholm"
Rocaille AB,559428-0009,,"Västmannagatan 29 b, 113 25 Stockholm"
FormCue AB,559428-6493,,"Sareksvägen 4, 167 35 Bromma"
ST24 Stockholm AB,559428-6790,,"Girovägen 13 5 Tr, 175 62 Järfälla"
L&R AB,559429-2855,,"Råsundavägen 29, 169 67 Solna"
Landskapskonsult Sverige AB,559429-9892,,"Måndalsvägen 19, 135 54 Tyresö"
GCP Consulting AB,559431-1796,,"Kapellgatan 16, 171 70 Solna"
jasmin design AB,559431-8296,,"c/o Walthon Advokater, Box 5137, 102 43 Stockholm"
Madani Bygg AB,559433-0390,,"Tygelsjövägen 65, 218 74 Tygelsjö"
Perfekt design bygg i Landskrona AB,559433-4574,,"Vångvägen 5, 261 52 Landskrona"
Bert Åhne AB,559434-4250,,"Ekgränd 1, 517 71 Olsfors"
Dekoreda AB,559434-6594,,"Olstorpsgatan 5, 692 71 Kumla"
Amnie AB,559434-7618,,"Ryttarstigen 74, 436 56 Hovås"
Studio 11 Architects AB,559435-1503,,"Vimpelgatan 45 1203, 211 14 Malmö"
Jinspiration AB,559435-2444,,"Paradgatan 29, 170 67 Solna"
SUA Invest AB,559436-8119,,"Idungränd 4, 187 73 Täby"
Future Protek Sweden AB,559437-1089,,Stockholm
InteriörDesign Glavsjö AB,559438-1104,,"Viksgatan 27, 671 40 Arvika"
Jesper Schullström Arkitektur AB,559439-0667,,"Reimersholmsgatan 37, 117 40 Stockholm"
Studio Westander AB,559440-0607,,"Lärkvägen 3, 183 51 Täby"
Studio Bo Arkitekter AB,559441-4301,,"Sjöbergsvägen 49, 186 91 Vallentuna"
NORIC AB,559441-7460,,"Mösseberg Sofielund, 521 30 Falköping"
Nina ID Studio AB,559442-9473,,"c/o LAILA EKEROTH, Hyacintvägen 3 a, 443 70 Gråbo"
Widersten Design AB,559443-6049,,"Skäggesta Gullboda 426, 755 92 Uppsala"
Alinde AB,559444-9323,,"Kaptensgatan 29 b, 414 59 Göteborg"
Kvalitetsgruppen R Projekt AB,559445-6757,,"Västberga Allé 25, 126 30 Hägersten"
Urbanizan AB,559445-8803,,"Lövängsvägen 6, 138 33 Älta"
Strand the sign AB,559446-1443,,"Majstångsvägen 5, 126 33 Hägersten"
Södergård Design AB,559448-0898,,"Vasagatan 40, 411 37 Göteborg"
DAAG Arkitekter AB,559448-7372,Telefon 076-567 20 83,"Kampanjegatan 6, 245 30 Staffanstorp"
Sell with Style in Sweden AB,559449-4931,,"Vanadisvägen 10 1tr, 113 46 Stockholm"
MAARK AB,559449-6092,,"Jaktgatan 39, 115 47 Stockholm"
Hauer Power AB,559450-9118,,"Furubergsvägen 8, 443 70 Gråbo"
Selvaggio Interiör AB,559451-4779,,"Hagalundsgatan 15, 553 38 Jönköping"
Jordens in Sweden AB,559451-8614,,"Södra Hamnvägen 15, 115 41 Stockholm"
Torpheden AB,559452-5643,,"Ersnäsvägen 77, 975 92 Luleå"
Splejs AB,559452-8183,,"John Bergs Plan 1, 112 50 Stockholm"
Tomas Back AB,559452-8472,,"Bällstaågatan 50, 168 70 Bromma"
Tang Studio AB,559452-9736,,"Dymlingsgränd 12, 129 30 Hägersten"
MD Landskap AB,559453-7960,,"c/o Bolagspartner avveckling, Box 1067, 221 04 Lund"
Hallesunds Bryggeriaktiebolag,559454-4131,,"Brogatan 21, 645 61 Stallarholmen"
Grönros Advisory AB,559455-1862,,"Frejgatan 53, 113 49 Stockholm"
Studio Habitat AB,559457-9707,,"Rådans Gårdsväg 9, 191 38 Sollentuna"
Barts Ateljé AB,559458-4814,,"Forsells Väg 6, 918 31 Sävar"
Ohana Ventures AB,559460-5742,,"Digrosgatan 4, 795 97 Furudal"
CGLO Consulting AB,559460-8605,,"Faluvägen 19, 793 41 Insjön"
Fermhede Projekt AB,559461-9610,,"Tremansvägen 61 b, 236 36 Höllviken"
Interior.by.tannie AB,559462-3661,,"Brattbacksvägen 58, 754 71 Uppsala"
Studio Biotop AB,559462-6029,,"Onsala Snäckväg 3, 439 37 Onsala"
H. Domfors Kulturmiljö AB,559463-5640,,"Oskarsrovägen 3, 617 30 Skärblacka"
pixelscape Studio AB,559465-2777,,"Ervallakroken 27 Lgh 1503, 124 66 Bandhagen"
Millau design AB,559466-0119,,"Fantholmsvägen 49, 178 37 Ekerö"
Solkusten Homestyling AB,559466-5258,,"Lagmansgatan 14 b Lgh 1201, 331 31 Värnamo"
Peter Josephson AB,559467-0837,,"Källängsvägen 59 Lgh 1001, 181 44 Lidingö"
Louise Gydell AB,559467-5299,,"c/o RHS Bolag AB, Box 2074, 151 02 Södertälje"
Glans Inredning Design AB,559469-1742,,"Hörsne Dibjärs 123, 622 58 Romakloster"
Almqvist Arkitektur & Konsult AB,559469-6618,,"Strandpromenaden 35, 131 50 Saltsjö-Duvnäs"
Back Invest AB,559469-9422,,"Bällstaågatan 50, 168 70 Bromma"
Hauge Konsult AB,559471-4890,,"Gallåsvägen 8, 449 40 Nol"
Agerak AB,559472-1184,,"Claesgatan 4 b Lgh 1301, 214 26 Malmö"
Ankarberg Consulting AB,559473-1738,,"Nyängsvägen 31, 167 54 Bromma"
Helga Architecture AB,559473-2470,,"Grev Turegatan 44, 114 38 Stockholm"
Jim Andersson Arkitektkontor AB,559474-6389,,"Bryggvägen 6 b, 117 71 Stockholm"
Kanozi Studio Inredning AB,559474-6892,,"Järntorget 3, 413 04 Göteborg"
El tesoro de Laura AB,559474-8773,,"Moa Martinsons Torg 12, 112 15 Stockholm"
Delluna AB,559474-9078,,"Nordmarksvägen 17 b, 123 72 Farsta"
Link Consulting AB,559476-3418,,"c/o LUKAS KERIMO, Mejerigatan 5 Östertälje, 152 59 Södertälje"
SAAN AB,559478-1022,,"Blekingegatan 38, 116 62 Stockholm"
CM konsult i Eslöv AB,559478-2145,,"Öslöv 703, 241 92 Eslöv"
Fi-SK Studio AB,559478-2707,,"Adelgatan 19, 211 22 Malmö"
Little Island Design AB,559479-6970,,"Stora Rörsvägen 41, 386 95 Färjestaden"
Wahlstedt Valaszkai Holding AB,559480-5243,,"Kronhjortsvägen 2, 448 34 Floda"
Skalander Holding AB,559481-2306,,"Vesslans Väg 6, 741 98 Knutby"
Studio Fern AB,559482-9839,,"Trollbäcksvägen 14 a, 135 50 Tyresö"
All-Iteration AB,559482-9987,,"Spårvägen 22 Lgh 1205, 212 52 Malmö"
Scandi Pandi AB,559483-0464,,"Nybrogatan 41 Lgh 1102, 114 39 Stockholm"
HWW Design AB,559483-1728,,"c/o Barmoro & Westlund Advokatbyrå HB, Köpmangatan 3, 151 71 Södertälje"
KarSoy Design AB,559483-2957,,"Sadelvägen 4, 176 65 Järfälla"
Floravie AB,559484-5686,,"Sundbrogatan 79, 873 72 Ullånger"
UMF-ARCHITECTS AB,559485-9802,,"Tre Liljor 8, 113 44 Stockholm"
Floating Lab AB,559486-0602,,"Hjälmarsvägen 1, 120 53 Årsta"
Alfa Inredningar & Kontor Holding AB,559487-6798,,"Hantverkargatan 11, 112 21 Stockholm"
LKCK AB,559487-9818,,"Götavägen 105, 187 63 Täby"
Grön Omtanke AB,559488-1061,,"Härningevägen 239, 265 90 Åstorp"
Stefan Viklund AB,559488-5385,,"Blåsutvägen 20, 121 36 Johanneshov"
T5 studio aktiebolag,559489-1706,,"Terrassgatan 5, 411 33 Göteborg"
FRA SERVICES AB,559492-2360,,"Haningevägen 11 c, 136 36 Handen"
Sebastian Rehnby AB,559492-4960,,"Bokallén 10, 218 36 Bunkeflostrand"
TAGNagel AB,559492-7054,,"Höguddsvägen 44, 181 62 Lidingö"
Studio Näset Garden Design AB,559493-6725,,"Brorslundsvägen 12 f, 236 34 Höllviken"
Historical Parts Sweden AB,559493-7715,,"Västerlånggatan 24, 111 29 Stockholm"
Àvori Studio AB,559494-5403,,"Dalvägen 19, 432 95 Varberg"
08Byggprojekt AB,559494-8423,,"Syrenvägen 114, 722 45 Västerås"
Ulli Lundström AB,559494-9637,,"Götgatan 31, 116 21 Stockholm"
Arch D AB,559495-1989,,"Trumpetgatan 10, 421 51 Västra Frölunda"
Wittinger consulting AB,559495-5246,,"Erikslundsvägen 5, 702 21 Örebro"
HN Arkitektur & Projekt AB,559495-9115,,"Sandstigen 21, 151 55 Södertälje"
Nordisk Metall Design AB,559496-0055,,"Vikingagatan 18 a, 113 42 Stockholm"
JAFG Architectural Entertainment AB,559496-1681,,"Vindragarvägen 2, 117 50 Stockholm"
Hjalmarsson Arkitekter AB,559496-4909,,"Lämmenäs 101, 612 91 Finspång"
Tinydesignhouse Sverige AB,559496-9387,,"Promenaden 10, 263 92 Jonstorp"
Junior AB,559497-0005,,"Bastugatan 2 1102, 118 20 Stockholm"
Emine Sander AB,559497-9949,,"Ruddammsbacken 28 1111, 114 21 Stockholm"
Filip Malte Larsson Arkitekt AB,559498-7215,,"Folkskolegatan 3, 117 35 Stockholm"
Mardi Arkitektur AB,559499-7164,,"Holmgatan 4, 211 45 Malmö"
Firma Lind & Sernvik AB,559500-2220,,"Kållerödsvägen 2, 442 60 Kode"
Studio KLO AB,559500-2915,,"Backebogatan 16 Bv, 129 40 Hägersten"
Yosofine Design AB,559500-3335,,"Vindelbosgatan 29, 621 49 Visby"
SIX x SIXTY ARKITEKTER AB,559500-4614,,"Boltensternsvägen 39 a, 236 38 Höllviken"
Custom Interiors Sthlm AB,559502-0149,,"Kammakargatan 70, 111 24 Stockholm"
Ynfuse AB,559502-4752,,"Djäknegatan 3, 754 23 Uppsala"
Olsson Fastighetsutveckling AB,559503-5683,,"Häcklöpargränd 11, 175 45 Järfälla"
Villa Sleipner AB,559503-8646,,"Sleipnergatan 9, 386 93 Färjestaden"
Stile design AB,559504-0246,,"Storbyns Bygata 10, 782 35 Malung"
Ekzit AB,559504-1558,,"Linnégatan 141, 216 18 Limhamn"
Petty Detail AB,559504-4743,,"Jaktvägen 112, 194 66 Upplands Väsby"
Vidgrens Konsultbyrå i Norr AB,559504-5765,,"Mjölnarvägen 8, 952 36 Kalix"
PAMO Arkitekt & Inredningsbyrå AB,559504-7779,,"Edagränd 11, 123 50 Farsta"
Delight Decor Stockholm AB,559505-1441,,"Kvarnvägen 38 c, 177 64 Järfälla"
Nestelier AB,559505-7505,,"Strömstadgatan 6, 418 71 Göteborg"
Cerise Studio AB,559506-3917,,"Lövängsgatan 6, 115 49 Stockholm"
2:1 ARK AB,559507-5481,,"c/o Martin Engdahl, Edsåsen 251, 837 96 Undersåker"
Vidga AB,559507-7966,,"Södra Vägen 16, 663 34 Skoghall"
Banergie AB,559507-9533,,"Hedarna 4, 682 93 Nordmarkshyttan"
Seed Studios AB,559507-9970,,"Mossvägen 6, 432 47 Varberg"
Studio Widoff AB,559508-0317,,"Duvnäsgatan 8 a, 116 34 Stockholm"
Japandi Collection Sweden AB,559508-3568,,"Kungsgatan 63 d, 903 26 Umeå"
AnnAn Interiör Sthlm AB,559508-6223,,"Beckasinvägen 30, 131 44 Nacka"
Myrberg Arkitektur AB,559509-0993,,"Hakefjordsvägen 7, 471 41 Rönnäng"
ANobel AB,559510-0990,,"Ludvig Nobels Allé 4, 269 34 Båstad"
Success story AB,559512-3828,,"Dagsländevägen 25, 444 46 Stenungsund"
Elin Hermansson AB,559513-7430,,"Lekgatan 4, 724 62 Västerås"
Hedenborn Creative AB,559514-3867,,"Barnarspgatan 39 f, 553 33 Jönköping"
Bundgaard Creations AB,559514-4162,,"Nordreviksvägen 12 a, 427 37 Billdal"
Improve More AB,559514-9773,,"Kragenäsvägen 4 c, 181 65 Lidingö"
Collack Styling AB,559515-1431,,"Långnäsudden 8, 905 96 Umeå"
Wallprint Mälardalen AB,559515-2868,,"Stenbjörns Väg 4, 746 92 Bålsta"
Oliver Edrén Arkitektur AB,559515-4161,,"Hägerstensvägen 113, 126 49 Hägersten"
Chipz3D Studios AB,559515-8535,,"Löftesgränd 75, 931 50 Skellefteå"
Grophus AB,559515-9558,,"Sysslomansgatan 25, 753 14 Uppsala"
Clumsy with Words AB,559516-0127,,"Mobilgatan 3 d, 126 26 Hägersten"
RED Projektering AB,559516-0994,,"Evenemangsgatan 17, 169 79 Solna"
Sonaga AB,559516-7387,,"Östra Strandgatan 32, 903 33 Umeå"
Studio Norberg arkitektur & design AB,559516-9193,,"Svartedalsbacken 9, 443 39 Lerum"
Lift by design strategy i Nacka AB,559517-3989,,"Skyttevägen 26 a, 133 36 Saltsjöbaden"
Linus Olander Konsult AB,559517-8590,,"Höjdvägen 15 b, 135 52 Tyresö"
PEMITT DRAWINGS EU AB,559518-4853,,"Sigårdsgatan 6 b Lgh 1102, 511 64 Skene"
RePlace Projekt AB,559518-4960,,"Kyrksundsvägen 12, 133 37 Saltsjöbaden"
Scandinavian Concept AB,559519-2724,,"Stadiongatan 61 a, 217 62 Malmö"
Hellsten Florentine AB,559519-3334,,"Raketgatan 11, 413 20 Göteborg"
Akimini AB,559519-3995,,"Fölvägen 82, 193 91 Sigtuna"
Nordform Group AB,559519-5073,,"Onkel Adams Väg 8, 112 52 Stockholm"
Rebecca Beatrice Studio AB,559520-0600,,"Sörgårdsvägen 14, 433 61 Sävedalen"
Emtoro AB,559520-1111,,"Vilshärads Vinbärsväg 5, 305 65 Villshärad"
Gordon Glock arkitektkontor AB,559520-1939,,"Kindstugatan 6, 111 31 Stockholm"
NSDG AB,559520-7217,,"Ängarna 530, 837 98 Åre"
Blekinge Arkitektstuga AB,559521-1391,,"Tennvägen 11 b, 371 50 Karlskrona"
B26 Arkitektbyrå AB,559521-5087,,"Borggatan 26, 232 31 Arlöv"
Lingis Landskap AB,559521-6424,,"Beritta Gurrisgatan 9 a Lgh 1204, 217 53 Malmö"
Marqs Trädgård AB,559521-6887,,"Lindaus Väg 13, 165 72 Hässelby"
Blanca Interior AB,559521-7331,,"Lövskogsåsen 29, 427 38 Billdal"
Malers Arkitektur AB,559522-0475,,"Odengatan 38 a, 113 51 Stockholm"
NBL Invest AB,559522-1184,,"Frejgatan 53, 113 49 Stockholm"
Ström Hansson Arkitektur AB,559522-3032,,"Sandhemsvägen 21, 517 34 Bollebygd"
Studio Patricia AB,559522-5698,,"Föreningsgatan 1 a, 244 45 Kävlinge"
Blanc Home AB,559522-6696,,"Södra Kungsgatan 6, 802 52 Gävle"
snaps objects AB,559522-7058,,"Föreningsgatan 16 a, 411 27 Göteborg"
Kreativa Matilda AB,559522-7124,,"Matrosgatan 4, 619 34 Trosa"
Hindström Bygg AB,559524-4152,,"Åkerlundsvägen 3, 633 70 Hållsta"
PunktP AB,559524-5431,,"Bergsgatan 40, 643 31 Vingåker"
S Inredning AB,559524-5852,,"Ugglevägen 2, 761 63 Norrtälje"
Jennerlid Group AB,559525-2247,,"Ligustergatan 8, 432 46 Varberg"
Elena Ghatan AB,559525-2882,,"Valhallavägen 86 Lgh 1402, 114 27 Stockholm"
Details Event by Abeer AB,559525-4052,,"Böljemolnsvägen 44, 743 45 Storvreta"
Niforia AB,559525-5554,,"Mor Wingmarks Gränd 5, 129 41 Hägersten"
Haggren Arkitektur AB,559525-8855,,"Sockerbruket 17, 414 51 Göteborg"
MFD Bureau AB,559526-2105,,"Österlånggatan 16 b, 503 31 Borås"
Tidlös Harmoni Stockholm AB,559526-7849,,"Carl Munters Väg 3, 182 77 Stocksund"
Sizar Alexis Studio AB,559526-7872,,"Tranbärsvägen 5, 633 53 Eskilstuna"
Propertyplanner Sverige AB,559526-8219,,"Skattmansö 144, 744 95 Vittinge"
Organic Flow Design Studio AB,559527-3557,,"Postiljonsvägen 44, 122 47 Enskede"
DellKaDa AB,559527-6063,,"Dahlgrens Väg 1 b, 131 47 Nacka"
Regenius Jouper Studios AB,559527-8168,,"Prästgatan 18, 713 31 Nora"
Hemrum Scandinavia AB,559528-0479,,"Skogbyvägen 6, 762 94 Rimbo"
OoO Office AB,559528-1642,,"Flintbacken 24 Lgh 1701, 118 42 Stockholm"
Skandinavisk Interiörkonsult AB,559528-3309,,"Ringduvegatan 4, 724 70 Västerås"
Detail entreprenad i väst AB,559529-8646,,"Ringvägen 19, 524 41 Ljung"
Bouqudeco AB,559530-0921,,"Tingsgatan 4, 271 42 Ystad"
Mouze Kreativ konsult AB,559530-4162,,"Seglaregatan 25 b, 414 54 Göteborg"
Fridas Form och Trädgård AB,559530-6902,,"Borelund 112, 247 95 Torna-Hällestad"
Studio Calmius AB,559531-1258,,"Igelbacken 42, 170 62 Solna"
DroneOp AB,559531-4229,Telefon 072-403 48 94,"Himlabacken 12, 170 78 Solna"
Animism AB,559531-6760,,"Sköntorpsvägen 29 b Lgh 1007, 120 38 Årsta"
RGG Bygg & Design AB,559532-1919,,"Grönviksvägen 124, 167 76 Bromma"
Listed by Eva AB,559532-8401,,"Himlabacken 6 a Lgh 1505, 170 78 Solna"
grönbulten 20 AB,559532-9862,,"Kungsgatan 29, 111 56 Stockholm"
Martage Collection AB,559533-0084,,"Finngösavägen 6, 433 34 Partille"
Tranark Arkitekter & Ingenjörer AB,559533-0456,,"Storgatan 19 a, 573 32 Tranås"
2A Archideas Studio Arkitektur Byggkonsulten AB,559533-5208,,"Sandstensvägen 40 1102, 137 63 Jordbro"
CoNord Advisory AB,559533-5919,,"Minnebergsvägen 30 Lgh 1102, 167 41 Bromma"
Studio Drottningholm AB,559533-7170,,"Smedjegårdsvägen 6 a, 178 93 Drottningholm"
Nacka Fastighetskonsult AB,559534-1909,,"Sångfågelvägen 5 a, 132 50 Saltsjö-Boo"
AK ARK AB,559534-1974,,"Överstad Källgård 2, 585 62 Linghem"
Goda gatan AB,559534-4952,,"Tulpangatan 10, 426 68 Västra Frölunda"
Klil AB,559534-5090,,"Tussmötevägen 302, 125 74 Älvsjö"
HELARK Konst & Arkitektur i Kilen AB,559535-1114,,"Skogsåsvägen 19 b, 186 53 Vallentuna"
Växtvärket Studio AB,559535-4704,,"Augustenborgstorget 1, 214 48 Malmö"
Saxelins Konsult o VVS AB,559535-6535,,"Finspångsvägen 664, 605 84 Svärtinge"
AE Arrow Consulting AB,559536-0750,,"Bofinksvägen 5 b, 541 56 Skövde"
Arkitektbyrån Pop AB,559536-1386,,"Tredje Långgatan 30 a, 413 28 Göteborg"
Out Loud AB,559536-5353,,"Blåbärsvägen 23, 181 64 Lidingö"
S-gruppen Inredning AB,559536-8142,,"Vårdkasvägen 7 Lgh 1002, 587 32 Linköping"
Esparlous AB,559536-8407,,"Vildgåsvägen 7 c Lgh 101, 227 35 Lund"
Spejs Oddity AB,559536-9306,,"Västmannagatan 11, 111 24 Stockholm"
Beik Brandén AB,559537-0395,,"Porsvägen 24, 165 59 Hässelby"
Caira Arc AB,559537-2011,,"Löparegatan 1 a, 416 69 Göteborg"
BWB Crafts AB,559537-2896,,"Pottenborgsvägen 6, 263 57 Höganäs"
Kvadratsmart Consulting på Värmdö AB,559537-2987,,"Värmdövägen 18, 139 51 Värmdö"
House of Berget AB,559537-4785,,"Älgvägen 27, 448 34 Floda"
Stellvik Consulting AB,559537-5246,,"Sturevägen 1 b, 133 38 Saltsjöbaden"
Trostemo konsulttjänster AB,559537-5725,,"Norra Strandvägen 25 b, 645 30 Strängnäs"
BETTY & Co AB,559537-7226,,"Kråkhult Mellomgården 4, 516 90 Dalsjöfors"
Sys Stockholm AB,559538-0337,,"Oskarsvägen 16, 172 76 Sundbyberg"
Sandbäck Consulting AB,559538-0618,,"Högalidsgatan 50 b, 117 30 Stockholm"